[0.000000] (-) TimerEvent: {}
[0.002856] (simple_robot) JobQueued: {'identifier': 'simple_robot', 'dependencies': OrderedDict()}
[0.006812] (simple_robot) JobStarted: {'identifier': 'simple_robot'}
[0.099561] (-) TimerEvent: {}
[0.158377] (simple_robot) JobProgress: {'identifier': 'simple_robot', 'progress': 'cmake'}
[0.160776] (simple_robot) Command: {'cmd': ['/usr/bin/cmake', '/home/martina/rp_project/robot-programming-project/src/simple_robot', '-DCMAKE_INSTALL_PREFIX=/home/martina/rp_project/robot-programming-project/src/simple_robot/install/simple_robot'], 'cwd': '/home/martina/rp_project/robot-programming-project/src/simple_robot/build/simple_robot', 'env': OrderedDict([('GJS_DEBUG_TOPICS', 'JS ERROR;JS LOG'), ('LESSOPEN', '| /usr/bin/env /usr/bin/lesspipe %s 2>/dev/null'), ('CONDA_PROMPT_MODIFIER', '(base)'), ('LC_TIME', 'it_IT.UTF-8'), ('USER', 'martina'), ('XDG_SESSION_TYPE', 'wayland'), ('GIT_ASKPASS', '/usr/share/code/resources/app/extensions/git/dist/askpass.sh'), ('SHLVL', '2'), ('LD_LIBRARY_PATH', '/opt/ros/humble/opt/rviz_ogre_vendor/lib:/opt/ros/humble/lib/x86_64-linux-gnu:/opt/ros/humble/lib::/home/martina/.mujoco/mujoco210/bin:/usr/lib/nvidia:~/anaconda3/lib'), ('HOME', '/home/martina'), ('OLDPWD', '/home/martina/rp_project/robot-programming-project/src/simple_robot'), ('CHROME_DESKTOP', 'code.desktop'), ('TERMINFO', '/home/martina/.terminfo'), ('LESS', '-iRFXMx4'), ('CONDA_SHLVL', '1'), ('DESKTOP_SESSION', 'ubuntu'), ('TERM_PROGRAM_VERSION', '1.97.2'), ('GIO_LAUNCHED_DESKTOP_FILE', '/usr/share/applications/code.desktop'), ('LSCOLORS', 'ExGxDxDxCxDxDxFxFxexEx'), ('GTK_MODULES', 'gail:atk-bridge'), ('GNOME_SHELL_SESSION_MODE', 'ubuntu'), ('VSCODE_GIT_ASKPASS_MAIN', '/usr/share/code/resources/app/extensions/git/dist/askpass-main.js'), ('PAGER', 'less'), ('ROS_PYTHON_VERSION', '3'), ('LC_MONETARY', 'it_IT.UTF-8'), ('MANAGERPID', '935'), ('VSCODE_GIT_ASKPASS_NODE', '/usr/share/code/code'), ('SYSTEMD_EXEC_PID', '1150'), ('DBUS_SESSION_BUS_ADDRESS', 'unix:path=/run/user/1000/bus'), ('P9K_TTY', 'old'), ('GIO_LAUNCHED_DESKTOP_FILE_PID', '3888'), ('COLORTERM', 'truecolor'), ('_CE_M', ''), ('WAYLAND_DISPLAY', 'wayland-0'), ('INFOPATH', ''), ('ROS_DISTRO', 'humble'), ('COLCON_PREFIX_PATH', '/home/martina/rp_project/robot-programming-project/install'), ('LOGNAME', 'martina'), ('_', '/usr/bin/colcon'), ('JOURNAL_STREAM', '8:10888'), ('_P9K_SSH_TTY', '/dev/pts/0'), ('XDG_SESSION_CLASS', 'user'), ('USER_ZDOTDIR', '/home/martina'), ('ROS_VERSION', '2'), ('USERNAME', 'martina'), ('TERM', 'xterm-256color'), ('GNOME_DESKTOP_SESSION_ID', 'this-is-deprecated'), ('_CE_CONDA', ''), ('ROS_LOCALHOST_ONLY', '0'), ('PATH', '/opt/ros/humble/bin:/home/martina/.local/bin:/home/martina/.local/bin:/usr/lib/ccache:.:/home/martina/.mujoco/mujoco210/bin:/usr/lib/nvidia:/home/martina/anaconda3/condabin:/home/martina/bin:/home/martina/.local/bin:/usr/local/sbin:/usr/local/bin:/usr/sbin:/usr/bin:/sbin:/bin:/usr/games:/usr/local/games:/snap/bin:/home/martina/.cache/zsh4humans/v5/fzf/bin:/home/martina/other/install/bin'), ('SESSION_MANAGER', 'local/Martina-ThinkPad-X1-Yoga:@/tmp/.ICE-unix/1101,unix/Martina-ThinkPad-X1-Yoga:/tmp/.ICE-unix/1101'), ('INVOCATION_ID', '1c6ef4f92b04498681378ae68fe5b9c7'), ('LC_ADDRESS', 'it_IT.UTF-8'), ('XDG_RUNTIME_DIR', '/run/user/1000'), ('XDG_MENU_PREFIX', 'gnome-'), ('GNOME_SETUP_DISPLAY', ':1'), ('GDK_BACKEND', 'x11'), ('DISPLAY', ':0'), ('LANG', 'en_US.UTF-8'), ('LC_TELEPHONE', 'it_IT.UTF-8'), ('XDG_CURRENT_DESKTOP', 'Unity'), ('VSCODE_INJECTION', '1'), ('LD_PRELOAD', ':/usr/lib/x86_64-linux-gnu/libGLEW.so'), ('XDG_SESSION_DESKTOP', 'ubuntu'), ('XMODIFIERS', '@im=ibus'), ('XAUTHORITY', '/run/user/1000/.mutter-Xwaylandauth.HIED22'), ('TERM_PROGRAM', 'vscode'), ('VSCODE_GIT_IPC_HANDLE', '/run/user/1000/vscode-git-f640f2b3f6.sock'), ('LS_COLORS', 'fi=00:mi=00:mh=00:ln=01;36:or=01;31:di=01;34:ow=04;01;34:st=34:tw=04;34:pi=01;33:so=01;33:do=01;33:bd=01;33:cd=01;33:su=01;35:sg=01;35:ca=01;35:ex=01;32:no=38;5;248'), ('TREE_COLORS', 'fi=00:mi=00:mh=00:ln=01;36:or=01;31:di=01;34:ow=01;34:st=34:tw=34:pi=01;33:so=01;33:do=01;33:bd=01;33:cd=01;33:su=01;35:sg=01;35:ca=01;35:ex=01;32'), ('SSH_AGENT_LAUNCHER', 'gnome-keyring'), ('SSH_AUTH_SOCK', '/run/user/1000/keyring/ssh'), ('ORIGINAL_XDG_CURRENT_DESKTOP', 'ubuntu:GNOME'), ('CONDA_PYTHON_EXE', '/home/martina/anaconda3/bin/python'), ('AMENT_PREFIX_PATH', '/home/martina/rp_project/robot-programming-project/install/simple_robot:/opt/ros/humble'), ('LC_NAME', 'it_IT.UTF-8'), ('SHELL', '/usr/local/bin/zsh'), ('DEST', '/home/martina/other/install'), ('QT_ACCESSIBILITY', '1'), ('GDMSESSION', 'ubuntu'), ('CONDA_DEFAULT_ENV', 'base'), ('LC_MEASUREMENT', 'it_IT.UTF-8'), ('LC_IDENTIFICATION', 'it_IT.UTF-8'), ('GJS_DEBUG_OUTPUT', 'stderr'), ('P9K_SSH', '0'), ('QT_IM_MODULE', 'ibus'), ('VSCODE_GIT_ASKPASS_EXTRA_ARGS', ''), ('VSCODE_NONCE', '54dcb112-afcc-4c20-b10a-51290a02c083'), ('LC_ALL', 'en_US.UTF-8'), ('PWD', '/home/martina/rp_project/robot-programming-project/src/simple_robot/build/simple_robot'), ('GPG_TTY', '/dev/pts/0'), ('XDG_DATA_DIRS', '/usr/local/share/:/usr/share/:/var/lib/snapd/desktop'), ('ZDOTDIR', '/home/martina'), ('_P9K_TTY', '/dev/pts/0'), ('CONDA_EXE', '/home/martina/anaconda3/bin/conda'), ('LC_NUMERIC', 'it_IT.UTF-8'), ('PYTHONPATH', '/opt/ros/humble/lib/python3.10/site-packages:/opt/ros/humble/local/lib/python3.10/dist-packages:/home/martina/other/install/lib/python3.10/site-packages/'), ('LC_PAPER', 'it_IT.UTF-8'), ('CONDA_PREFIX', '/home/martina/anaconda3'), ('COLCON', '1'), ('MANPATH', '/usr/local/share/man:/home/martina/.cache/zsh4humans/v5/fzf/man:'), ('CMAKE_PREFIX_PATH', '/home/martina/rp_project/robot-programming-project/install/simple_robot:/opt/ros/humble')]), 'shell': False}
[0.203073] (-) TimerEvent: {}
[0.308675] (-) TimerEvent: {}
[0.409934] (-) TimerEvent: {}
[0.514437] (-) TimerEvent: {}
[0.621331] (-) TimerEvent: {}
[0.722237] (-) TimerEvent: {}
[0.825524] (-) TimerEvent: {}
[0.931466] (-) TimerEvent: {}
[0.974478] (simple_robot) StdoutLine: {'line': b'-- The C compiler identification is GNU 11.4.0\n'}
[1.032177] (-) TimerEvent: {}
[1.137447] (-) TimerEvent: {}
[1.240766] (-) TimerEvent: {}
[1.346370] (-) TimerEvent: {}
[1.447805] (-) TimerEvent: {}
[1.548831] (-) TimerEvent: {}
[1.652823] (-) TimerEvent: {}
[1.755429] (-) TimerEvent: {}
[1.856550] (-) TimerEvent: {}
[1.903456] (simple_robot) StdoutLine: {'line': b'-- The CXX compiler identification is GNU 11.4.0\n'}
[1.956849] (-) TimerEvent: {}
[2.033498] (simple_robot) StdoutLine: {'line': b'-- Detecting C compiler ABI info\n'}
[2.057059] (-) TimerEvent: {}
[2.161350] (-) TimerEvent: {}
[2.263487] (-) TimerEvent: {}
[2.371439] (-) TimerEvent: {}
[2.472417] (-) TimerEvent: {}
[2.574097] (-) TimerEvent: {}
[2.683941] (-) TimerEvent: {}
[2.790194] (-) TimerEvent: {}
[2.816653] (simple_robot) StdoutLine: {'line': b'-- Detecting C compiler ABI info - done\n'}
[2.890902] (-) TimerEvent: {}
[2.960480] (simple_robot) StdoutLine: {'line': b'-- Check for working C compiler: /usr/lib/ccache/cc - skipped\n'}
[2.964657] (simple_robot) StdoutLine: {'line': b'-- Detecting C compile features\n'}
[2.967761] (simple_robot) StdoutLine: {'line': b'-- Detecting C compile features - done\n'}
[2.994692] (simple_robot) StdoutLine: {'line': b'-- Detecting CXX compiler ABI info\n'}
[2.995873] (-) TimerEvent: {}
[3.104574] (-) TimerEvent: {}
[3.208436] (-) TimerEvent: {}
[3.310439] (-) TimerEvent: {}
[3.414841] (-) TimerEvent: {}
[3.520741] (-) TimerEvent: {}
[3.623920] (-) TimerEvent: {}
[3.733025] (-) TimerEvent: {}
[3.843394] (-) TimerEvent: {}
[3.946847] (-) TimerEvent: {}
[4.052603] (-) TimerEvent: {}
[4.158720] (-) TimerEvent: {}
[4.259569] (-) TimerEvent: {}
[4.366877] (-) TimerEvent: {}
[4.467668] (simple_robot) StdoutLine: {'line': b'-- Detecting CXX compiler ABI info - done\n'}
[4.470859] (-) TimerEvent: {}
[4.576160] (-) TimerEvent: {}
[4.681338] (-) TimerEvent: {}
[4.769894] (simple_robot) StdoutLine: {'line': b'-- Check for working CXX compiler: /usr/lib/ccache/c++ - skipped\n'}
[4.778195] (simple_robot) StdoutLine: {'line': b'-- Detecting CXX compile features\n'}
[4.786855] (-) TimerEvent: {}
[4.787488] (simple_robot) StdoutLine: {'line': b'-- Detecting CXX compile features - done\n'}
[4.886633] (simple_robot) StdoutLine: {'line': b'-- Found OpenCV: /usr (found suitable version "4.5.4", minimum required is "4.5.4") \n'}
[4.887636] (-) TimerEvent: {}
[4.924726] (simple_robot) StdoutLine: {'line': b'-- Found ament_cmake: 1.3.11 (/opt/ros/humble/share/ament_cmake/cmake)\n'}
[4.987859] (-) TimerEvent: {}
[5.090425] (-) TimerEvent: {}
[5.193729] (-) TimerEvent: {}
[5.294664] (-) TimerEvent: {}
[5.395894] (-) TimerEvent: {}
[5.500304] (-) TimerEvent: {}
[5.603839] (-) TimerEvent: {}
[5.706242] (-) TimerEvent: {}
[5.807313] (-) TimerEvent: {}
[5.909998] (-) TimerEvent: {}
[6.011221] (-) TimerEvent: {}
[6.112586] (-) TimerEvent: {}
[6.213564] (-) TimerEvent: {}
[6.314412] (-) TimerEvent: {}
[6.415381] (-) TimerEvent: {}
[6.516408] (-) TimerEvent: {}
[6.623544] (-) TimerEvent: {}
[6.653454] (simple_robot) StdoutLine: {'line': b'-- Found Python3: /usr/bin/python3 (found version "3.10.12") found components: Interpreter \n'}
[6.724071] (-) TimerEvent: {}
[6.827419] (-) TimerEvent: {}
[6.930688] (-) TimerEvent: {}
[7.036631] (-) TimerEvent: {}
[7.140940] (-) TimerEvent: {}
[7.242347] (-) TimerEvent: {}
[7.344680] (-) TimerEvent: {}
[7.449918] (-) TimerEvent: {}
[7.506428] (simple_robot) StdoutLine: {'line': b'-- Found rclcpp: 16.0.11 (/opt/ros/humble/share/rclcpp/cmake)\n'}
[7.550135] (-) TimerEvent: {}
[7.653329] (-) TimerEvent: {}
[7.755770] (-) TimerEvent: {}
[7.858471] (-) TimerEvent: {}
[7.870821] (simple_robot) StdoutLine: {'line': b'-- Found rosidl_generator_c: 3.1.6 (/opt/ros/humble/share/rosidl_generator_c/cmake)\n'}
[7.908377] (simple_robot) StdoutLine: {'line': b'-- Found rosidl_adapter: 3.1.6 (/opt/ros/humble/share/rosidl_adapter/cmake)\n'}
[7.958676] (-) TimerEvent: {}
[7.970702] (simple_robot) StdoutLine: {'line': b'-- Found rosidl_generator_cpp: 3.1.6 (/opt/ros/humble/share/rosidl_generator_cpp/cmake)\n'}
[8.058945] (-) TimerEvent: {}
[8.086190] (simple_robot) StdoutLine: {'line': b'-- Using all available rosidl_typesupport_c: rosidl_typesupport_fastrtps_c;rosidl_typesupport_introspection_c\n'}
[8.159533] (-) TimerEvent: {}
[8.262345] (-) TimerEvent: {}
[8.288981] (simple_robot) StdoutLine: {'line': b'-- Using all available rosidl_typesupport_cpp: rosidl_typesupport_fastrtps_cpp;rosidl_typesupport_introspection_cpp\n'}
[8.364484] (-) TimerEvent: {}
[8.465729] (-) TimerEvent: {}
[8.573834] (-) TimerEvent: {}
[8.676505] (-) TimerEvent: {}
[8.782395] (-) TimerEvent: {}
[8.841977] (simple_robot) StdoutLine: {'line': b'-- Found rmw_implementation_cmake: 6.1.2 (/opt/ros/humble/share/rmw_implementation_cmake/cmake)\n'}
[8.865429] (simple_robot) StdoutLine: {'line': b'-- Found rmw_fastrtps_cpp: 6.2.7 (/opt/ros/humble/share/rmw_fastrtps_cpp/cmake)\n'}
[8.882597] (-) TimerEvent: {}
[8.983493] (-) TimerEvent: {}
[9.086681] (-) TimerEvent: {}
[9.190088] (-) TimerEvent: {}
[9.291144] (-) TimerEvent: {}
[9.392214] (-) TimerEvent: {}
[9.493068] (-) TimerEvent: {}
[9.596763] (-) TimerEvent: {}
[9.699954] (-) TimerEvent: {}
[9.748805] (simple_robot) StdoutLine: {'line': b'-- Found OpenSSL: /usr/lib/x86_64-linux-gnu/libcrypto.so (found version "3.0.2")  \n'}
[9.801202] (-) TimerEvent: {}
[9.903106] (-) TimerEvent: {}
[9.969761] (simple_robot) StdoutLine: {'line': b'-- Found FastRTPS: /opt/ros/humble/include  \n'}
[10.006469] (-) TimerEvent: {}
[10.110342] (-) TimerEvent: {}
[10.211727] (-) TimerEvent: {}
[10.314513] (-) TimerEvent: {}
[10.365690] (simple_robot) StdoutLine: {'line': b"-- Using RMW implementation 'rmw_fastrtps_cpp' as default\n"}
[10.414830] (-) TimerEvent: {}
[10.449523] (simple_robot) StdoutLine: {'line': b'-- Looking for pthread.h\n'}
[10.518423] (-) TimerEvent: {}
[10.619350] (-) TimerEvent: {}
[10.721476] (-) TimerEvent: {}
[10.827133] (-) TimerEvent: {}
[10.930749] (-) TimerEvent: {}
[11.038585] (-) TimerEvent: {}
[11.145325] (-) TimerEvent: {}
[11.232545] (simple_robot) StdoutLine: {'line': b'-- Looking for pthread.h - found\n'}
[11.234046] (simple_robot) StdoutLine: {'line': b'-- Performing Test CMAKE_HAVE_LIBC_PTHREAD\n'}
[11.247529] (-) TimerEvent: {}
[11.355556] (-) TimerEvent: {}
[11.462485] (-) TimerEvent: {}
[11.565761] (-) TimerEvent: {}
[11.666926] (-) TimerEvent: {}
[11.774469] (-) TimerEvent: {}
[11.882218] (-) TimerEvent: {}
[11.983252] (-) TimerEvent: {}
[12.086695] (-) TimerEvent: {}
[12.191124] (-) TimerEvent: {}
[12.301447] (-) TimerEvent: {}
[12.406477] (-) TimerEvent: {}
[12.503628] (simple_robot) StdoutLine: {'line': b'-- Performing Test CMAKE_HAVE_LIBC_PTHREAD - Success\n'}
[12.507634] (-) TimerEvent: {}
[12.526155] (simple_robot) StdoutLine: {'line': b'-- Found Threads: TRUE  \n'}
[12.607972] (-) TimerEvent: {}
[12.711522] (-) TimerEvent: {}
[12.813333] (-) TimerEvent: {}
[12.921232] (-) TimerEvent: {}
[13.025015] (-) TimerEvent: {}
[13.117778] (simple_robot) StdoutLine: {'line': b'-- Found geometry_msgs: 4.2.4 (/opt/ros/humble/share/geometry_msgs/cmake)\n'}
[13.127620] (-) TimerEvent: {}
[13.228511] (-) TimerEvent: {}
[13.251957] (simple_robot) StdoutLine: {'line': b'-- Found sensor_msgs: 4.2.4 (/opt/ros/humble/share/sensor_msgs/cmake)\n'}
[13.328716] (-) TimerEvent: {}
[13.432229] (-) TimerEvent: {}
[13.490870] (simple_robot) StdoutLine: {'line': b'-- Found nav_msgs: 4.2.4 (/opt/ros/humble/share/nav_msgs/cmake)\n'}
[13.532515] (-) TimerEvent: {}
[13.634535] (-) TimerEvent: {}
[13.737433] (-) TimerEvent: {}
[13.789824] (simple_robot) StdoutLine: {'line': b'-- Found OpenCV: /usr (found version "4.5.4") \n'}
[13.837716] (-) TimerEvent: {}
[13.942533] (-) TimerEvent: {}
[14.044193] (-) TimerEvent: {}
[14.147841] (-) TimerEvent: {}
[14.252183] (-) TimerEvent: {}
[14.356466] (-) TimerEvent: {}
[14.459929] (-) TimerEvent: {}
[14.565813] (-) TimerEvent: {}
[14.668564] (-) TimerEvent: {}
[14.676872] (simple_robot) StdoutLine: {'line': b'-- DATA_DIR: /home/martina/rp_project/robot-programming-project/src/simple_robot/data\n'}
[14.680686] (simple_robot) StdoutLine: {'line': b'-- Configuring done\n'}
[14.772321] (-) TimerEvent: {}
[14.868944] (simple_robot) StdoutLine: {'line': b'-- Generating done\n'}
[14.873410] (-) TimerEvent: {}
[14.932851] (simple_robot) StdoutLine: {'line': b'-- Build files have been written to: /home/martina/rp_project/robot-programming-project/src/simple_robot/build/simple_robot\n'}
[14.975443] (-) TimerEvent: {}
[15.008835] (simple_robot) CommandEnded: {'returncode': 0}
[15.024850] (simple_robot) JobProgress: {'identifier': 'simple_robot', 'progress': 'build'}
[15.025423] (simple_robot) Command: {'cmd': ['/usr/bin/cmake', '--build', '/home/martina/rp_project/robot-programming-project/src/simple_robot/build/simple_robot', '--', '-j4', '-l4'], 'cwd': '/home/martina/rp_project/robot-programming-project/src/simple_robot/build/simple_robot', 'env': OrderedDict([('GJS_DEBUG_TOPICS', 'JS ERROR;JS LOG'), ('LESSOPEN', '| /usr/bin/env /usr/bin/lesspipe %s 2>/dev/null'), ('CONDA_PROMPT_MODIFIER', '(base)'), ('LC_TIME', 'it_IT.UTF-8'), ('USER', 'martina'), ('XDG_SESSION_TYPE', 'wayland'), ('GIT_ASKPASS', '/usr/share/code/resources/app/extensions/git/dist/askpass.sh'), ('SHLVL', '2'), ('LD_LIBRARY_PATH', '/opt/ros/humble/opt/rviz_ogre_vendor/lib:/opt/ros/humble/lib/x86_64-linux-gnu:/opt/ros/humble/lib::/home/martina/.mujoco/mujoco210/bin:/usr/lib/nvidia:~/anaconda3/lib'), ('HOME', '/home/martina'), ('OLDPWD', '/home/martina/rp_project/robot-programming-project/src/simple_robot'), ('CHROME_DESKTOP', 'code.desktop'), ('TERMINFO', '/home/martina/.terminfo'), ('LESS', '-iRFXMx4'), ('CONDA_SHLVL', '1'), ('DESKTOP_SESSION', 'ubuntu'), ('TERM_PROGRAM_VERSION', '1.97.2'), ('GIO_LAUNCHED_DESKTOP_FILE', '/usr/share/applications/code.desktop'), ('LSCOLORS', 'ExGxDxDxCxDxDxFxFxexEx'), ('GTK_MODULES', 'gail:atk-bridge'), ('GNOME_SHELL_SESSION_MODE', 'ubuntu'), ('VSCODE_GIT_ASKPASS_MAIN', '/usr/share/code/resources/app/extensions/git/dist/askpass-main.js'), ('PAGER', 'less'), ('ROS_PYTHON_VERSION', '3'), ('LC_MONETARY', 'it_IT.UTF-8'), ('MANAGERPID', '935'), ('VSCODE_GIT_ASKPASS_NODE', '/usr/share/code/code'), ('SYSTEMD_EXEC_PID', '1150'), ('DBUS_SESSION_BUS_ADDRESS', 'unix:path=/run/user/1000/bus'), ('P9K_TTY', 'old'), ('GIO_LAUNCHED_DESKTOP_FILE_PID', '3888'), ('COLORTERM', 'truecolor'), ('_CE_M', ''), ('WAYLAND_DISPLAY', 'wayland-0'), ('INFOPATH', ''), ('ROS_DISTRO', 'humble'), ('COLCON_PREFIX_PATH', '/home/martina/rp_project/robot-programming-project/install'), ('LOGNAME', 'martina'), ('_', '/usr/bin/colcon'), ('JOURNAL_STREAM', '8:10888'), ('_P9K_SSH_TTY', '/dev/pts/0'), ('XDG_SESSION_CLASS', 'user'), ('USER_ZDOTDIR', '/home/martina'), ('ROS_VERSION', '2'), ('USERNAME', 'martina'), ('TERM', 'xterm-256color'), ('GNOME_DESKTOP_SESSION_ID', 'this-is-deprecated'), ('_CE_CONDA', ''), ('ROS_LOCALHOST_ONLY', '0'), ('PATH', '/opt/ros/humble/bin:/home/martina/.local/bin:/home/martina/.local/bin:/usr/lib/ccache:.:/home/martina/.mujoco/mujoco210/bin:/usr/lib/nvidia:/home/martina/anaconda3/condabin:/home/martina/bin:/home/martina/.local/bin:/usr/local/sbin:/usr/local/bin:/usr/sbin:/usr/bin:/sbin:/bin:/usr/games:/usr/local/games:/snap/bin:/home/martina/.cache/zsh4humans/v5/fzf/bin:/home/martina/other/install/bin'), ('SESSION_MANAGER', 'local/Martina-ThinkPad-X1-Yoga:@/tmp/.ICE-unix/1101,unix/Martina-ThinkPad-X1-Yoga:/tmp/.ICE-unix/1101'), ('INVOCATION_ID', '1c6ef4f92b04498681378ae68fe5b9c7'), ('LC_ADDRESS', 'it_IT.UTF-8'), ('XDG_RUNTIME_DIR', '/run/user/1000'), ('XDG_MENU_PREFIX', 'gnome-'), ('GNOME_SETUP_DISPLAY', ':1'), ('GDK_BACKEND', 'x11'), ('DISPLAY', ':0'), ('LANG', 'en_US.UTF-8'), ('LC_TELEPHONE', 'it_IT.UTF-8'), ('XDG_CURRENT_DESKTOP', 'Unity'), ('VSCODE_INJECTION', '1'), ('LD_PRELOAD', ':/usr/lib/x86_64-linux-gnu/libGLEW.so'), ('XDG_SESSION_DESKTOP', 'ubuntu'), ('XMODIFIERS', '@im=ibus'), ('XAUTHORITY', '/run/user/1000/.mutter-Xwaylandauth.HIED22'), ('TERM_PROGRAM', 'vscode'), ('VSCODE_GIT_IPC_HANDLE', '/run/user/1000/vscode-git-f640f2b3f6.sock'), ('LS_COLORS', 'fi=00:mi=00:mh=00:ln=01;36:or=01;31:di=01;34:ow=04;01;34:st=34:tw=04;34:pi=01;33:so=01;33:do=01;33:bd=01;33:cd=01;33:su=01;35:sg=01;35:ca=01;35:ex=01;32:no=38;5;248'), ('TREE_COLORS', 'fi=00:mi=00:mh=00:ln=01;36:or=01;31:di=01;34:ow=01;34:st=34:tw=34:pi=01;33:so=01;33:do=01;33:bd=01;33:cd=01;33:su=01;35:sg=01;35:ca=01;35:ex=01;32'), ('SSH_AGENT_LAUNCHER', 'gnome-keyring'), ('SSH_AUTH_SOCK', '/run/user/1000/keyring/ssh'), ('ORIGINAL_XDG_CURRENT_DESKTOP', 'ubuntu:GNOME'), ('CONDA_PYTHON_EXE', '/home/martina/anaconda3/bin/python'), ('AMENT_PREFIX_PATH', '/home/martina/rp_project/robot-programming-project/install/simple_robot:/opt/ros/humble'), ('LC_NAME', 'it_IT.UTF-8'), ('SHELL', '/usr/local/bin/zsh'), ('DEST', '/home/martina/other/install'), ('QT_ACCESSIBILITY', '1'), ('GDMSESSION', 'ubuntu'), ('CONDA_DEFAULT_ENV', 'base'), ('LC_MEASUREMENT', 'it_IT.UTF-8'), ('LC_IDENTIFICATION', 'it_IT.UTF-8'), ('GJS_DEBUG_OUTPUT', 'stderr'), ('P9K_SSH', '0'), ('QT_IM_MODULE', 'ibus'), ('VSCODE_GIT_ASKPASS_EXTRA_ARGS', ''), ('VSCODE_NONCE', '54dcb112-afcc-4c20-b10a-51290a02c083'), ('LC_ALL', 'en_US.UTF-8'), ('PWD', '/home/martina/rp_project/robot-programming-project/src/simple_robot/build/simple_robot'), ('GPG_TTY', '/dev/pts/0'), ('XDG_DATA_DIRS', '/usr/local/share/:/usr/share/:/var/lib/snapd/desktop'), ('ZDOTDIR', '/home/martina'), ('_P9K_TTY', '/dev/pts/0'), ('CONDA_EXE', '/home/martina/anaconda3/bin/conda'), ('LC_NUMERIC', 'it_IT.UTF-8'), ('PYTHONPATH', '/opt/ros/humble/lib/python3.10/site-packages:/opt/ros/humble/local/lib/python3.10/dist-packages:/home/martina/other/install/lib/python3.10/site-packages/'), ('LC_PAPER', 'it_IT.UTF-8'), ('CONDA_PREFIX', '/home/martina/anaconda3'), ('COLCON', '1'), ('MANPATH', '/usr/local/share/man:/home/martina/.cache/zsh4humans/v5/fzf/man:'), ('CMAKE_PREFIX_PATH', '/home/martina/rp_project/robot-programming-project/install/simple_robot:/opt/ros/humble')]), 'shell': False}
[15.078235] (-) TimerEvent: {}
[15.182423] (-) TimerEvent: {}
[15.295431] (-) TimerEvent: {}
[15.397173] (-) TimerEvent: {}
[15.504470] (-) TimerEvent: {}
[15.605448] (-) TimerEvent: {}
[15.709459] (-) TimerEvent: {}
[15.813443] (-) TimerEvent: {}
[15.913312] (simple_robot) StdoutLine: {'line': b'\x1b[35m\x1b[1mConsolidate compiler generated dependencies of target robot_map_node\x1b[0m\n'}
[15.914213] (-) TimerEvent: {}
[16.016457] (-) TimerEvent: {}
[16.123484] (-) TimerEvent: {}
[16.224357] (-) TimerEvent: {}
[16.329470] (-) TimerEvent: {}
[16.433423] (-) TimerEvent: {}
[16.534674] (-) TimerEvent: {}
[16.569038] (simple_robot) StdoutLine: {'line': b'[  8%] \x1b[32mBuilding CXX object CMakeFiles/robot_map_node.dir/src/map_utils.cpp.o\x1b[0m\n'}
[16.637622] (-) TimerEvent: {}
[16.741454] (-) TimerEvent: {}
[16.842390] (-) TimerEvent: {}
[16.943316] (-) TimerEvent: {}
[17.046463] (-) TimerEvent: {}
[17.147739] (-) TimerEvent: {}
[17.251421] (-) TimerEvent: {}
[17.353396] (-) TimerEvent: {}
[17.455852] (-) TimerEvent: {}
[17.558395] (-) TimerEvent: {}
[17.660531] (-) TimerEvent: {}
[17.763400] (-) TimerEvent: {}
[17.864282] (-) TimerEvent: {}
[17.965220] (-) TimerEvent: {}
[18.067822] (-) TimerEvent: {}
[18.170476] (-) TimerEvent: {}
[18.271520] (-) TimerEvent: {}
[18.374420] (-) TimerEvent: {}
[18.475436] (-) TimerEvent: {}
[18.576458] (-) TimerEvent: {}
[18.678440] (-) TimerEvent: {}
[18.782654] (-) TimerEvent: {}
[18.883690] (-) TimerEvent: {}
[18.984651] (-) TimerEvent: {}
[19.089422] (-) TimerEvent: {}
[19.190349] (-) TimerEvent: {}
[19.291377] (-) TimerEvent: {}
[19.392189] (-) TimerEvent: {}
[19.493771] (-) TimerEvent: {}
[19.595174] (-) TimerEvent: {}
[19.697699] (-) TimerEvent: {}
[19.798624] (-) TimerEvent: {}
[19.903691] (-) TimerEvent: {}
[20.009319] (-) TimerEvent: {}
[20.111639] (-) TimerEvent: {}
[20.212613] (-) TimerEvent: {}
[20.314832] (-) TimerEvent: {}
[20.417660] (-) TimerEvent: {}
[20.520064] (-) TimerEvent: {}
[20.621543] (-) TimerEvent: {}
[20.725721] (-) TimerEvent: {}
[20.826676] (-) TimerEvent: {}
[20.927821] (-) TimerEvent: {}
[21.035452] (-) TimerEvent: {}
[21.136409] (-) TimerEvent: {}
[21.237649] (-) TimerEvent: {}
[21.340123] (-) TimerEvent: {}
[21.444069] (-) TimerEvent: {}
[21.545421] (-) TimerEvent: {}
[21.650765] (-) TimerEvent: {}
[21.752702] (-) TimerEvent: {}
[21.854826] (-) TimerEvent: {}
[21.957198] (-) TimerEvent: {}
[22.059484] (-) TimerEvent: {}
[22.161659] (-) TimerEvent: {}
[22.263473] (-) TimerEvent: {}
[22.364454] (-) TimerEvent: {}
[22.467436] (-) TimerEvent: {}
[22.569228] (-) TimerEvent: {}
[22.670411] (-) TimerEvent: {}
[22.772818] (-) TimerEvent: {}
[22.876955] (-) TimerEvent: {}
[22.980776] (-) TimerEvent: {}
[23.082958] (-) TimerEvent: {}
[23.186007] (-) TimerEvent: {}
[23.292199] (-) TimerEvent: {}
[23.394957] (-) TimerEvent: {}
[23.497771] (-) TimerEvent: {}
[23.599407] (-) TimerEvent: {}
[23.702113] (-) TimerEvent: {}
[23.805081] (-) TimerEvent: {}
[23.906139] (-) TimerEvent: {}
[24.010823] (-) TimerEvent: {}
[24.113727] (-) TimerEvent: {}
[24.214740] (-) TimerEvent: {}
[24.315708] (-) TimerEvent: {}
[24.416616] (-) TimerEvent: {}
[24.517468] (-) TimerEvent: {}
[24.621419] (-) TimerEvent: {}
[24.722379] (-) TimerEvent: {}
[24.823182] (-) TimerEvent: {}
[24.924029] (-) TimerEvent: {}
[25.026506] (-) TimerEvent: {}
[25.130783] (-) TimerEvent: {}
[25.231746] (-) TimerEvent: {}
[25.333447] (-) TimerEvent: {}
[25.434371] (-) TimerEvent: {}
[25.535365] (-) TimerEvent: {}
[25.637520] (-) TimerEvent: {}
[25.738446] (-) TimerEvent: {}
[25.839463] (-) TimerEvent: {}
[25.942591] (-) TimerEvent: {}
[26.049501] (-) TimerEvent: {}
[26.151482] (-) TimerEvent: {}
[26.256989] (-) TimerEvent: {}
[26.364239] (-) TimerEvent: {}
[26.469453] (-) TimerEvent: {}
[26.571907] (-) TimerEvent: {}
[26.674959] (-) TimerEvent: {}
[26.777476] (-) TimerEvent: {}
[26.880343] (-) TimerEvent: {}
[26.982075] (-) TimerEvent: {}
[27.083460] (-) TimerEvent: {}
[27.184562] (-) TimerEvent: {}
[27.286946] (-) TimerEvent: {}
[27.389625] (-) TimerEvent: {}
[27.493169] (-) TimerEvent: {}
[27.598980] (-) TimerEvent: {}
[27.702861] (-) TimerEvent: {}
[27.810036] (-) TimerEvent: {}
[27.915105] (-) TimerEvent: {}
[28.019671] (-) TimerEvent: {}
[28.126065] (-) TimerEvent: {}
[28.227021] (-) TimerEvent: {}
[28.336554] (-) TimerEvent: {}
[28.437676] (-) TimerEvent: {}
[28.541430] (-) TimerEvent: {}
[28.649180] (-) TimerEvent: {}
[28.750325] (-) TimerEvent: {}
[28.856419] (-) TimerEvent: {}
[28.957456] (-) TimerEvent: {}
[29.059442] (-) TimerEvent: {}
[29.164856] (-) TimerEvent: {}
[29.271467] (-) TimerEvent: {}
[29.382787] (-) TimerEvent: {}
[29.485445] (-) TimerEvent: {}
[29.589426] (-) TimerEvent: {}
[29.690497] (-) TimerEvent: {}
[29.791615] (-) TimerEvent: {}
[29.893097] (-) TimerEvent: {}
[29.996919] (-) TimerEvent: {}
[30.106140] (-) TimerEvent: {}
[30.209850] (-) TimerEvent: {}
[30.318113] (-) TimerEvent: {}
[30.421563] (-) TimerEvent: {}
[30.522368] (-) TimerEvent: {}
[30.623206] (-) TimerEvent: {}
[30.725139] (-) TimerEvent: {}
[30.825999] (-) TimerEvent: {}
[30.927333] (-) TimerEvent: {}
[31.028778] (-) TimerEvent: {}
[31.130141] (-) TimerEvent: {}
[31.232709] (-) TimerEvent: {}
[31.334597] (-) TimerEvent: {}
[31.438448] (-) TimerEvent: {}
[31.541708] (-) TimerEvent: {}
[31.644732] (-) TimerEvent: {}
[31.746455] (-) TimerEvent: {}
[31.850574] (-) TimerEvent: {}
[31.951941] (-) TimerEvent: {}
[32.052957] (-) TimerEvent: {}
[32.154402] (-) TimerEvent: {}
[32.256353] (-) TimerEvent: {}
[32.357340] (-) TimerEvent: {}
[32.458346] (-) TimerEvent: {}
[32.559644] (-) TimerEvent: {}
[32.661650] (-) TimerEvent: {}
[32.765899] (-) TimerEvent: {}
[32.868505] (-) TimerEvent: {}
[32.970450] (-) TimerEvent: {}
[33.072698] (-) TimerEvent: {}
[33.173709] (-) TimerEvent: {}
[33.275707] (-) TimerEvent: {}
[33.378465] (-) TimerEvent: {}
[33.480547] (-) TimerEvent: {}
[33.585444] (-) TimerEvent: {}
[33.686498] (-) TimerEvent: {}
[33.788573] (-) TimerEvent: {}
[33.889449] (-) TimerEvent: {}
[33.992508] (-) TimerEvent: {}
[34.096818] (-) TimerEvent: {}
[34.207580] (-) TimerEvent: {}
[34.313556] (-) TimerEvent: {}
[34.418421] (-) TimerEvent: {}
[34.522484] (-) TimerEvent: {}
[34.623428] (-) TimerEvent: {}
[34.724380] (-) TimerEvent: {}
[34.830384] (-) TimerEvent: {}
[34.931238] (-) TimerEvent: {}
[35.033624] (-) TimerEvent: {}
[35.137446] (-) TimerEvent: {}
[35.241472] (-) TimerEvent: {}
[35.346421] (-) TimerEvent: {}
[35.447404] (-) TimerEvent: {}
[35.552426] (-) TimerEvent: {}
[35.656446] (-) TimerEvent: {}
[35.757373] (-) TimerEvent: {}
[35.862759] (-) TimerEvent: {}
[35.966472] (-) TimerEvent: {}
[36.067428] (-) TimerEvent: {}
[36.168536] (-) TimerEvent: {}
[36.269458] (-) TimerEvent: {}
[36.371964] (-) TimerEvent: {}
[36.472929] (-) TimerEvent: {}
[36.574420] (-) TimerEvent: {}
[36.676503] (-) TimerEvent: {}
[36.779427] (-) TimerEvent: {}
[36.880418] (-) TimerEvent: {}
[36.981805] (-) TimerEvent: {}
[37.082874] (-) TimerEvent: {}
[37.185892] (-) TimerEvent: {}
[37.286876] (-) TimerEvent: {}
[37.387815] (-) TimerEvent: {}
[37.492199] (-) TimerEvent: {}
[37.595050] (-) TimerEvent: {}
[37.700762] (-) TimerEvent: {}
[37.803669] (-) TimerEvent: {}
[37.909221] (-) TimerEvent: {}
[38.010385] (-) TimerEvent: {}
[38.111339] (-) TimerEvent: {}
[38.214762] (-) TimerEvent: {}
[38.316538] (-) TimerEvent: {}
[38.418193] (-) TimerEvent: {}
[38.519203] (-) TimerEvent: {}
[38.620080] (-) TimerEvent: {}
[38.720946] (-) TimerEvent: {}
[38.822345] (-) TimerEvent: {}
[38.923112] (-) TimerEvent: {}
[39.024078] (-) TimerEvent: {}
[39.124947] (-) TimerEvent: {}
[39.233535] (-) TimerEvent: {}
[39.334448] (-) TimerEvent: {}
[39.441717] (-) TimerEvent: {}
[39.543744] (-) TimerEvent: {}
[39.647938] (-) TimerEvent: {}
[39.749321] (-) TimerEvent: {}
[39.851819] (-) TimerEvent: {}
[39.952902] (-) TimerEvent: {}
[40.056460] (-) TimerEvent: {}
[40.159484] (-) TimerEvent: {}
[40.261403] (-) TimerEvent: {}
[40.364764] (-) TimerEvent: {}
[40.465910] (-) TimerEvent: {}
[40.567895] (-) TimerEvent: {}
[40.669540] (-) TimerEvent: {}
[40.770487] (-) TimerEvent: {}
[40.871887] (-) TimerEvent: {}
[40.973840] (-) TimerEvent: {}
[41.074789] (-) TimerEvent: {}
[41.175653] (-) TimerEvent: {}
[41.277603] (-) TimerEvent: {}
[41.380333] (-) TimerEvent: {}
[41.485410] (-) TimerEvent: {}
[41.591056] (-) TimerEvent: {}
[41.695827] (-) TimerEvent: {}
[41.796792] (-) TimerEvent: {}
[41.902774] (-) TimerEvent: {}
[42.007430] (-) TimerEvent: {}
[42.108472] (-) TimerEvent: {}
[42.216330] (-) TimerEvent: {}
[42.322464] (-) TimerEvent: {}
[42.429080] (-) TimerEvent: {}
[42.533844] (-) TimerEvent: {}
[42.637834] (-) TimerEvent: {}
[42.743570] (-) TimerEvent: {}
[42.847604] (-) TimerEvent: {}
[42.952573] (-) TimerEvent: {}
[43.061500] (-) TimerEvent: {}
[43.162478] (-) TimerEvent: {}
[43.263540] (-) TimerEvent: {}
[43.364461] (-) TimerEvent: {}
[43.468868] (-) TimerEvent: {}
[43.571800] (-) TimerEvent: {}
[43.674715] (-) TimerEvent: {}
[43.775711] (-) TimerEvent: {}
[43.878032] (-) TimerEvent: {}
[43.978994] (-) TimerEvent: {}
[44.080436] (-) TimerEvent: {}
[44.181342] (-) TimerEvent: {}
[44.282175] (-) TimerEvent: {}
[44.386240] (-) TimerEvent: {}
[44.487300] (-) TimerEvent: {}
[44.590795] (-) TimerEvent: {}
[44.691921] (-) TimerEvent: {}
[44.792801] (-) TimerEvent: {}
[44.893780] (-) TimerEvent: {}
[44.996052] (-) TimerEvent: {}
[45.098057] (-) TimerEvent: {}
[45.203745] (-) TimerEvent: {}
[45.306068] (-) TimerEvent: {}
[45.409660] (-) TimerEvent: {}
[45.510720] (-) TimerEvent: {}
[45.611594] (-) TimerEvent: {}
[45.712415] (-) TimerEvent: {}
[45.813205] (-) TimerEvent: {}
[45.914012] (-) TimerEvent: {}
[45.960302] (simple_robot) StdoutLine: {'line': b'[ 16%] \x1b[32mBuilding CXX object CMakeFiles/robot_map_node.dir/src/main.cpp.o\x1b[0m\n'}
[46.014171] (-) TimerEvent: {}
[46.114932] (-) TimerEvent: {}
[46.217433] (-) TimerEvent: {}
[46.320451] (-) TimerEvent: {}
[46.425458] (-) TimerEvent: {}
[46.526575] (-) TimerEvent: {}
[46.629415] (-) TimerEvent: {}
[46.732476] (-) TimerEvent: {}
[46.834938] (-) TimerEvent: {}
[46.940800] (-) TimerEvent: {}
[47.045948] (-) TimerEvent: {}
[47.155944] (-) TimerEvent: {}
[47.256869] (-) TimerEvent: {}
[47.359895] (-) TimerEvent: {}
[47.464416] (-) TimerEvent: {}
[47.565302] (-) TimerEvent: {}
[47.666194] (-) TimerEvent: {}
[47.767898] (-) TimerEvent: {}
[47.872358] (-) TimerEvent: {}
[47.974381] (-) TimerEvent: {}
[48.077239] (-) TimerEvent: {}
[48.180571] (-) TimerEvent: {}
[48.281429] (-) TimerEvent: {}
[48.386537] (-) TimerEvent: {}
[48.487441] (-) TimerEvent: {}
[48.590829] (-) TimerEvent: {}
[48.693619] (-) TimerEvent: {}
[48.794427] (-) TimerEvent: {}
[48.899343] (-) TimerEvent: {}
[49.004428] (-) TimerEvent: {}
[49.108811] (-) TimerEvent: {}
[49.212373] (-) TimerEvent: {}
[49.313389] (-) TimerEvent: {}
[49.417719] (-) TimerEvent: {}
[49.519185] (-) TimerEvent: {}
[49.621346] (-) TimerEvent: {}
[49.725574] (-) TimerEvent: {}
[49.830444] (-) TimerEvent: {}
[49.931210] (-) TimerEvent: {}
[50.032005] (-) TimerEvent: {}
[50.135414] (-) TimerEvent: {}
[50.236403] (-) TimerEvent: {}
[50.337215] (-) TimerEvent: {}
[50.438047] (-) TimerEvent: {}
[50.539075] (-) TimerEvent: {}
[50.640067] (-) TimerEvent: {}
[50.740916] (-) TimerEvent: {}
[50.841712] (-) TimerEvent: {}
[50.942519] (-) TimerEvent: {}
[51.043418] (-) TimerEvent: {}
[51.144312] (-) TimerEvent: {}
[51.245321] (-) TimerEvent: {}
[51.346050] (-) TimerEvent: {}
[51.446821] (-) TimerEvent: {}
[51.547518] (-) TimerEvent: {}
[51.648249] (-) TimerEvent: {}
[51.749060] (-) TimerEvent: {}
[51.849980] (-) TimerEvent: {}
[51.951891] (-) TimerEvent: {}
[52.053330] (-) TimerEvent: {}
[52.154334] (-) TimerEvent: {}
[52.255414] (-) TimerEvent: {}
[52.356091] (-) TimerEvent: {}
[52.456850] (-) TimerEvent: {}
[52.557581] (-) TimerEvent: {}
[52.658375] (-) TimerEvent: {}
[52.759103] (-) TimerEvent: {}
[52.859844] (-) TimerEvent: {}
[52.960551] (-) TimerEvent: {}
[53.061289] (-) TimerEvent: {}
[53.162038] (-) TimerEvent: {}
[53.262774] (-) TimerEvent: {}
[53.363436] (-) TimerEvent: {}
[53.464177] (-) TimerEvent: {}
[53.564942] (-) TimerEvent: {}
[53.665684] (-) TimerEvent: {}
[53.766418] (-) TimerEvent: {}
[53.867193] (-) TimerEvent: {}
[53.967915] (-) TimerEvent: {}
[54.068579] (-) TimerEvent: {}
[54.169236] (-) TimerEvent: {}
[54.270066] (-) TimerEvent: {}
[54.370818] (-) TimerEvent: {}
[54.471553] (-) TimerEvent: {}
[54.572381] (-) TimerEvent: {}
[54.673126] (-) TimerEvent: {}
[54.773877] (-) TimerEvent: {}
[54.874592] (-) TimerEvent: {}
[54.975393] (-) TimerEvent: {}
[55.076141] (-) TimerEvent: {}
[55.176985] (-) TimerEvent: {}
[55.277679] (-) TimerEvent: {}
[55.378373] (-) TimerEvent: {}
[55.479042] (-) TimerEvent: {}
[55.579711] (-) TimerEvent: {}
[55.680421] (-) TimerEvent: {}
[55.781140] (-) TimerEvent: {}
[55.881918] (-) TimerEvent: {}
[55.982719] (-) TimerEvent: {}
[56.083429] (-) TimerEvent: {}
[56.184118] (-) TimerEvent: {}
[56.284989] (-) TimerEvent: {}
[56.385688] (-) TimerEvent: {}
[56.486437] (-) TimerEvent: {}
[56.587436] (-) TimerEvent: {}
[56.688170] (-) TimerEvent: {}
[56.788915] (-) TimerEvent: {}
[56.889574] (-) TimerEvent: {}
[56.990341] (-) TimerEvent: {}
[57.091029] (-) TimerEvent: {}
[57.191738] (-) TimerEvent: {}
[57.292448] (-) TimerEvent: {}
[57.393218] (-) TimerEvent: {}
[57.493928] (-) TimerEvent: {}
[57.594709] (-) TimerEvent: {}
[57.695417] (-) TimerEvent: {}
[57.796214] (-) TimerEvent: {}
[57.897023] (-) TimerEvent: {}
[57.997780] (-) TimerEvent: {}
[58.098503] (-) TimerEvent: {}
[58.199221] (-) TimerEvent: {}
[58.299874] (-) TimerEvent: {}
[58.400564] (-) TimerEvent: {}
[58.501278] (-) TimerEvent: {}
[58.601956] (-) TimerEvent: {}
[58.702601] (-) TimerEvent: {}
[58.803399] (-) TimerEvent: {}
[58.904162] (-) TimerEvent: {}
[59.005968] (-) TimerEvent: {}
[59.106796] (-) TimerEvent: {}
[59.207584] (-) TimerEvent: {}
[59.308380] (-) TimerEvent: {}
[59.409128] (-) TimerEvent: {}
[59.509909] (-) TimerEvent: {}
[59.610813] (-) TimerEvent: {}
[59.711743] (-) TimerEvent: {}
[59.812442] (-) TimerEvent: {}
[59.913218] (-) TimerEvent: {}
[60.013989] (-) TimerEvent: {}
[60.114867] (-) TimerEvent: {}
[60.215664] (-) TimerEvent: {}
[60.316409] (-) TimerEvent: {}
[60.417170] (-) TimerEvent: {}
[60.517996] (-) TimerEvent: {}
[60.618789] (-) TimerEvent: {}
[60.719519] (-) TimerEvent: {}
[60.820325] (-) TimerEvent: {}
[60.921063] (-) TimerEvent: {}
[61.021945] (-) TimerEvent: {}
[61.123317] (-) TimerEvent: {}
[61.224111] (-) TimerEvent: {}
[61.324968] (-) TimerEvent: {}
[61.425711] (-) TimerEvent: {}
[61.526383] (-) TimerEvent: {}
[61.627018] (-) TimerEvent: {}
[61.727682] (-) TimerEvent: {}
[61.828334] (-) TimerEvent: {}
[61.929146] (-) TimerEvent: {}
[62.029936] (-) TimerEvent: {}
[62.130742] (-) TimerEvent: {}
[62.231527] (-) TimerEvent: {}
[62.332313] (-) TimerEvent: {}
[62.432995] (-) TimerEvent: {}
[62.533814] (-) TimerEvent: {}
[62.634625] (-) TimerEvent: {}
[62.735391] (-) TimerEvent: {}
[62.836170] (-) TimerEvent: {}
[62.936936] (-) TimerEvent: {}
[63.037700] (-) TimerEvent: {}
[63.138457] (-) TimerEvent: {}
[63.239195] (-) TimerEvent: {}
[63.340019] (-) TimerEvent: {}
[63.440846] (-) TimerEvent: {}
[63.542215] (-) TimerEvent: {}
[63.642943] (-) TimerEvent: {}
[63.743707] (-) TimerEvent: {}
[63.844394] (-) TimerEvent: {}
[63.945051] (-) TimerEvent: {}
[64.045748] (-) TimerEvent: {}
[64.146430] (-) TimerEvent: {}
[64.247107] (-) TimerEvent: {}
[64.347846] (-) TimerEvent: {}
[64.448557] (-) TimerEvent: {}
[64.550407] (-) TimerEvent: {}
[64.652561] (-) TimerEvent: {}
[64.756681] (-) TimerEvent: {}
[64.858589] (-) TimerEvent: {}
[64.964581] (-) TimerEvent: {}
[65.065324] (-) TimerEvent: {}
[65.166156] (-) TimerEvent: {}
[65.266932] (-) TimerEvent: {}
[65.367664] (-) TimerEvent: {}
[65.468369] (-) TimerEvent: {}
[65.569175] (-) TimerEvent: {}
[65.670013] (-) TimerEvent: {}
[65.770990] (-) TimerEvent: {}
[65.871932] (-) TimerEvent: {}
[65.972820] (-) TimerEvent: {}
[66.073596] (-) TimerEvent: {}
[66.174429] (-) TimerEvent: {}
[66.275142] (-) TimerEvent: {}
[66.375966] (-) TimerEvent: {}
[66.476815] (-) TimerEvent: {}
[66.577660] (-) TimerEvent: {}
[66.678505] (-) TimerEvent: {}
[66.779354] (-) TimerEvent: {}
[66.880172] (-) TimerEvent: {}
[66.980999] (-) TimerEvent: {}
[67.081860] (-) TimerEvent: {}
[67.182650] (-) TimerEvent: {}
[67.283419] (-) TimerEvent: {}
[67.384237] (-) TimerEvent: {}
[67.485045] (-) TimerEvent: {}
[67.585869] (-) TimerEvent: {}
[67.686721] (-) TimerEvent: {}
[67.787504] (-) TimerEvent: {}
[67.888352] (-) TimerEvent: {}
[67.989154] (-) TimerEvent: {}
[68.090022] (-) TimerEvent: {}
[68.191016] (-) TimerEvent: {}
[68.291950] (-) TimerEvent: {}
[68.392737] (-) TimerEvent: {}
[68.493449] (-) TimerEvent: {}
[68.594192] (-) TimerEvent: {}
[68.694919] (-) TimerEvent: {}
[68.795659] (-) TimerEvent: {}
[68.896416] (-) TimerEvent: {}
[68.997210] (-) TimerEvent: {}
[69.097978] (-) TimerEvent: {}
[69.198741] (-) TimerEvent: {}
[69.299437] (-) TimerEvent: {}
[69.400205] (-) TimerEvent: {}
[69.500968] (-) TimerEvent: {}
[69.601729] (-) TimerEvent: {}
[69.702483] (-) TimerEvent: {}
[69.803215] (-) TimerEvent: {}
[69.903960] (-) TimerEvent: {}
[70.004674] (-) TimerEvent: {}
[70.105523] (-) TimerEvent: {}
[70.206610] (-) TimerEvent: {}
[70.312644] (-) TimerEvent: {}
[70.414025] (-) TimerEvent: {}
[70.516715] (-) TimerEvent: {}
[70.617582] (-) TimerEvent: {}
[70.719428] (-) TimerEvent: {}
[70.820221] (-) TimerEvent: {}
[70.924095] (-) TimerEvent: {}
[71.028318] (-) TimerEvent: {}
[71.129198] (-) TimerEvent: {}
[71.230071] (-) TimerEvent: {}
[71.331055] (-) TimerEvent: {}
[71.431941] (-) TimerEvent: {}
[71.532779] (-) TimerEvent: {}
[71.633495] (-) TimerEvent: {}
[71.734235] (-) TimerEvent: {}
[71.835002] (-) TimerEvent: {}
[71.935840] (-) TimerEvent: {}
[72.036670] (-) TimerEvent: {}
[72.137487] (-) TimerEvent: {}
[72.238321] (-) TimerEvent: {}
[72.339084] (-) TimerEvent: {}
[72.440000] (-) TimerEvent: {}
[72.540839] (-) TimerEvent: {}
[72.641588] (-) TimerEvent: {}
[72.742337] (-) TimerEvent: {}
[72.843103] (-) TimerEvent: {}
[72.943903] (-) TimerEvent: {}
[73.045248] (-) TimerEvent: {}
[73.146069] (-) TimerEvent: {}
[73.246900] (-) TimerEvent: {}
[73.347750] (-) TimerEvent: {}
[73.448521] (-) TimerEvent: {}
[73.549349] (-) TimerEvent: {}
[73.650129] (-) TimerEvent: {}
[73.750827] (-) TimerEvent: {}
[73.851666] (-) TimerEvent: {}
[73.952438] (-) TimerEvent: {}
[74.053192] (-) TimerEvent: {}
[74.153939] (-) TimerEvent: {}
[74.254673] (-) TimerEvent: {}
[74.355397] (-) TimerEvent: {}
[74.456110] (-) TimerEvent: {}
[74.556904] (-) TimerEvent: {}
[74.657681] (-) TimerEvent: {}
[74.758397] (-) TimerEvent: {}
[74.859412] (-) TimerEvent: {}
[74.960348] (-) TimerEvent: {}
[75.061167] (-) TimerEvent: {}
[75.162042] (-) TimerEvent: {}
[75.262903] (-) TimerEvent: {}
[75.363731] (-) TimerEvent: {}
[75.465044] (-) TimerEvent: {}
[75.565866] (-) TimerEvent: {}
[75.666694] (-) TimerEvent: {}
[75.767512] (-) TimerEvent: {}
[75.868358] (-) TimerEvent: {}
[75.969180] (-) TimerEvent: {}
[76.070028] (-) TimerEvent: {}
[76.170979] (-) TimerEvent: {}
[76.271863] (-) TimerEvent: {}
[76.372734] (-) TimerEvent: {}
[76.473636] (-) TimerEvent: {}
[76.574526] (-) TimerEvent: {}
[76.675419] (-) TimerEvent: {}
[76.776229] (-) TimerEvent: {}
[76.877056] (-) TimerEvent: {}
[76.977901] (-) TimerEvent: {}
[77.079836] (-) TimerEvent: {}
[77.180651] (-) TimerEvent: {}
[77.282420] (-) TimerEvent: {}
[77.386444] (-) TimerEvent: {}
[77.487360] (-) TimerEvent: {}
[77.588237] (-) TimerEvent: {}
[77.690582] (-) TimerEvent: {}
[77.791410] (-) TimerEvent: {}
[77.892227] (-) TimerEvent: {}
[77.993101] (-) TimerEvent: {}
[78.093857] (-) TimerEvent: {}
[78.194588] (-) TimerEvent: {}
[78.295361] (-) TimerEvent: {}
[78.396109] (-) TimerEvent: {}
[78.496893] (-) TimerEvent: {}
[78.597695] (-) TimerEvent: {}
[78.698423] (-) TimerEvent: {}
[78.799125] (-) TimerEvent: {}
[78.899842] (-) TimerEvent: {}
[79.000542] (-) TimerEvent: {}
[79.101308] (-) TimerEvent: {}
[79.201989] (-) TimerEvent: {}
[79.302722] (-) TimerEvent: {}
[79.403563] (-) TimerEvent: {}
[79.504353] (-) TimerEvent: {}
[79.606062] (-) TimerEvent: {}
[79.706845] (-) TimerEvent: {}
[79.807588] (-) TimerEvent: {}
[79.908354] (-) TimerEvent: {}
[80.009054] (-) TimerEvent: {}
[80.109945] (-) TimerEvent: {}
[80.210820] (-) TimerEvent: {}
[80.311687] (-) TimerEvent: {}
[80.412534] (-) TimerEvent: {}
[80.513379] (-) TimerEvent: {}
[80.614196] (-) TimerEvent: {}
[80.714996] (-) TimerEvent: {}
[80.815834] (-) TimerEvent: {}
[80.916719] (-) TimerEvent: {}
[81.017556] (-) TimerEvent: {}
[81.118429] (-) TimerEvent: {}
[81.219240] (-) TimerEvent: {}
[81.320097] (-) TimerEvent: {}
[81.420959] (-) TimerEvent: {}
[81.521897] (-) TimerEvent: {}
[81.622738] (-) TimerEvent: {}
[81.723586] (-) TimerEvent: {}
[81.825012] (-) TimerEvent: {}
[81.926001] (-) TimerEvent: {}
[82.026854] (-) TimerEvent: {}
[82.127645] (-) TimerEvent: {}
[82.228422] (-) TimerEvent: {}
[82.329298] (-) TimerEvent: {}
[82.430148] (-) TimerEvent: {}
[82.530955] (-) TimerEvent: {}
[82.631732] (-) TimerEvent: {}
[82.732518] (-) TimerEvent: {}
[82.833200] (-) TimerEvent: {}
[82.933951] (-) TimerEvent: {}
[83.034677] (-) TimerEvent: {}
[83.135443] (-) TimerEvent: {}
[83.236152] (-) TimerEvent: {}
[83.336880] (-) TimerEvent: {}
[83.437579] (-) TimerEvent: {}
[83.538297] (-) TimerEvent: {}
[83.639097] (-) TimerEvent: {}
[83.742447] (-) TimerEvent: {}
[83.843292] (-) TimerEvent: {}
[83.945594] (-) TimerEvent: {}
[84.049186] (-) TimerEvent: {}
[84.154122] (-) TimerEvent: {}
[84.255032] (-) TimerEvent: {}
[84.355944] (-) TimerEvent: {}
[84.456734] (-) TimerEvent: {}
[84.557495] (-) TimerEvent: {}
[84.658326] (-) TimerEvent: {}
[84.759087] (-) TimerEvent: {}
[84.859894] (-) TimerEvent: {}
[84.960712] (-) TimerEvent: {}
[85.061409] (-) TimerEvent: {}
[85.162230] (-) TimerEvent: {}
[85.262955] (-) TimerEvent: {}
[85.363688] (-) TimerEvent: {}
[85.464379] (-) TimerEvent: {}
[85.565048] (-) TimerEvent: {}
[85.665755] (-) TimerEvent: {}
[85.766424] (-) TimerEvent: {}
[85.867226] (-) TimerEvent: {}
[85.968033] (-) TimerEvent: {}
[86.068831] (-) TimerEvent: {}
[86.169705] (-) TimerEvent: {}
[86.270503] (-) TimerEvent: {}
[86.371334] (-) TimerEvent: {}
[86.472484] (-) TimerEvent: {}
[86.574735] (-) TimerEvent: {}
[86.675556] (-) TimerEvent: {}
[86.776426] (-) TimerEvent: {}
[86.877125] (-) TimerEvent: {}
[86.977841] (-) TimerEvent: {}
[87.078525] (-) TimerEvent: {}
[87.179291] (-) TimerEvent: {}
[87.279973] (-) TimerEvent: {}
[87.380714] (-) TimerEvent: {}
[87.481453] (-) TimerEvent: {}
[87.582226] (-) TimerEvent: {}
[87.682941] (-) TimerEvent: {}
[87.783725] (-) TimerEvent: {}
[87.884417] (-) TimerEvent: {}
[87.985182] (-) TimerEvent: {}
[88.086051] (-) TimerEvent: {}
[88.186953] (-) TimerEvent: {}
[88.290148] (-) TimerEvent: {}
[88.393392] (-) TimerEvent: {}
[88.494117] (-) TimerEvent: {}
[88.594911] (-) TimerEvent: {}
[88.698407] (-) TimerEvent: {}
[88.799209] (-) TimerEvent: {}
[88.904108] (-) TimerEvent: {}
[89.008399] (-) TimerEvent: {}
[89.109220] (-) TimerEvent: {}
[89.212127] (-) TimerEvent: {}
[89.314658] (-) TimerEvent: {}
[89.419005] (-) TimerEvent: {}
[89.523400] (-) TimerEvent: {}
[89.624214] (-) TimerEvent: {}
[89.726631] (-) TimerEvent: {}
[89.827996] (-) TimerEvent: {}
[89.928794] (-) TimerEvent: {}
[90.029572] (-) TimerEvent: {}
[90.131465] (-) TimerEvent: {}
[90.232198] (-) TimerEvent: {}
[90.335202] (-) TimerEvent: {}
[90.436035] (-) TimerEvent: {}
[90.539854] (-) TimerEvent: {}
[90.640683] (-) TimerEvent: {}
[90.741377] (-) TimerEvent: {}
[90.842038] (-) TimerEvent: {}
[90.942673] (-) TimerEvent: {}
[91.043454] (-) TimerEvent: {}
[91.144149] (-) TimerEvent: {}
[91.244886] (-) TimerEvent: {}
[91.345725] (-) TimerEvent: {}
[91.446459] (-) TimerEvent: {}
[91.547327] (-) TimerEvent: {}
[91.648007] (-) TimerEvent: {}
[91.748743] (-) TimerEvent: {}
[91.849522] (-) TimerEvent: {}
[91.950336] (-) TimerEvent: {}
[92.051067] (-) TimerEvent: {}
[92.151808] (-) TimerEvent: {}
[92.252588] (-) TimerEvent: {}
[92.353534] (-) TimerEvent: {}
[92.454417] (-) TimerEvent: {}
[92.555237] (-) TimerEvent: {}
[92.656055] (-) TimerEvent: {}
[92.756890] (-) TimerEvent: {}
[92.857724] (-) TimerEvent: {}
[92.958542] (-) TimerEvent: {}
[93.059381] (-) TimerEvent: {}
[93.160227] (-) TimerEvent: {}
[93.261050] (-) TimerEvent: {}
[93.361878] (-) TimerEvent: {}
[93.462722] (-) TimerEvent: {}
[93.563589] (-) TimerEvent: {}
[93.664510] (-) TimerEvent: {}
[93.765347] (-) TimerEvent: {}
[93.866173] (-) TimerEvent: {}
[93.967013] (-) TimerEvent: {}
[94.067867] (-) TimerEvent: {}
[94.168683] (-) TimerEvent: {}
[94.269409] (-) TimerEvent: {}
[94.370142] (-) TimerEvent: {}
[94.470853] (-) TimerEvent: {}
[94.571634] (-) TimerEvent: {}
[94.672378] (-) TimerEvent: {}
[94.773103] (-) TimerEvent: {}
[94.874147] (-) TimerEvent: {}
[94.974893] (-) TimerEvent: {}
[95.077432] (-) TimerEvent: {}
[95.178291] (-) TimerEvent: {}
[95.278962] (-) TimerEvent: {}
[95.379592] (-) TimerEvent: {}
[95.480221] (-) TimerEvent: {}
[95.581083] (-) TimerEvent: {}
[95.681807] (-) TimerEvent: {}
[95.782496] (-) TimerEvent: {}
[95.883197] (-) TimerEvent: {}
[95.984048] (-) TimerEvent: {}
[96.085449] (-) TimerEvent: {}
[96.186089] (-) TimerEvent: {}
[96.287232] (-) TimerEvent: {}
[96.387937] (-) TimerEvent: {}
[96.488530] (-) TimerEvent: {}
[96.589166] (-) TimerEvent: {}
[96.689800] (-) TimerEvent: {}
[96.791415] (-) TimerEvent: {}
[96.892249] (-) TimerEvent: {}
[96.997064] (-) TimerEvent: {}
[97.100596] (-) TimerEvent: {}
[97.201435] (-) TimerEvent: {}
[97.302140] (-) TimerEvent: {}
[97.402857] (-) TimerEvent: {}
[97.503590] (-) TimerEvent: {}
[97.604369] (-) TimerEvent: {}
[97.705097] (-) TimerEvent: {}
[97.805828] (-) TimerEvent: {}
[97.906643] (-) TimerEvent: {}
[98.007384] (-) TimerEvent: {}
[98.108078] (-) TimerEvent: {}
[98.209569] (-) TimerEvent: {}
[98.311386] (-) TimerEvent: {}
[98.412219] (-) TimerEvent: {}
[98.512934] (-) TimerEvent: {}
[98.613669] (-) TimerEvent: {}
[98.714319] (-) TimerEvent: {}
[98.815031] (-) TimerEvent: {}
[98.915735] (-) TimerEvent: {}
[99.016435] (-) TimerEvent: {}
[99.117110] (-) TimerEvent: {}
[99.217856] (-) TimerEvent: {}
[99.318522] (-) TimerEvent: {}
[99.419298] (-) TimerEvent: {}
[99.519949] (-) TimerEvent: {}
[99.620587] (-) TimerEvent: {}
[99.721246] (-) TimerEvent: {}
[99.821937] (-) TimerEvent: {}
[99.922662] (-) TimerEvent: {}
[100.023342] (-) TimerEvent: {}
[100.124605] (-) TimerEvent: {}
[100.225354] (-) TimerEvent: {}
[100.326032] (-) TimerEvent: {}
[100.426758] (-) TimerEvent: {}
[100.527595] (-) TimerEvent: {}
[100.628384] (-) TimerEvent: {}
[100.729095] (-) TimerEvent: {}
[100.829817] (-) TimerEvent: {}
[100.930536] (-) TimerEvent: {}
[101.031389] (-) TimerEvent: {}
[101.132067] (-) TimerEvent: {}
[101.232830] (-) TimerEvent: {}
[101.333523] (-) TimerEvent: {}
[101.434183] (-) TimerEvent: {}
[101.534925] (-) TimerEvent: {}
[101.635673] (-) TimerEvent: {}
[101.736365] (-) TimerEvent: {}
[101.837011] (-) TimerEvent: {}
[101.937703] (-) TimerEvent: {}
[102.038381] (-) TimerEvent: {}
[102.139029] (-) TimerEvent: {}
[102.239744] (-) TimerEvent: {}
[102.340414] (-) TimerEvent: {}
[102.441106] (-) TimerEvent: {}
[102.541825] (-) TimerEvent: {}
[102.642485] (-) TimerEvent: {}
[102.744670] (-) TimerEvent: {}
[102.845493] (-) TimerEvent: {}
[102.946969] (-) TimerEvent: {}
[103.048621] (-) TimerEvent: {}
[103.151856] (-) TimerEvent: {}
[103.252647] (-) TimerEvent: {}
[103.354360] (-) TimerEvent: {}
[103.459700] (-) TimerEvent: {}
[103.560437] (-) TimerEvent: {}
[103.661090] (-) TimerEvent: {}
[103.761815] (-) TimerEvent: {}
[103.862430] (-) TimerEvent: {}
[103.963051] (-) TimerEvent: {}
[104.065782] (-) TimerEvent: {}
[104.166606] (-) TimerEvent: {}
[104.267358] (-) TimerEvent: {}
[104.369707] (-) TimerEvent: {}
[104.474977] (-) TimerEvent: {}
[104.576168] (-) TimerEvent: {}
[104.677910] (-) TimerEvent: {}
[104.780320] (-) TimerEvent: {}
[104.882435] (-) TimerEvent: {}
[104.983321] (-) TimerEvent: {}
[105.086411] (-) TimerEvent: {}
[105.189406] (-) TimerEvent: {}
[105.290227] (-) TimerEvent: {}
[105.392456] (-) TimerEvent: {}
[105.494542] (-) TimerEvent: {}
[105.595906] (-) TimerEvent: {}
[105.696766] (-) TimerEvent: {}
[105.797437] (-) TimerEvent: {}
[105.898142] (-) TimerEvent: {}
[105.998763] (-) TimerEvent: {}
[106.099438] (-) TimerEvent: {}
[106.200097] (-) TimerEvent: {}
[106.302453] (-) TimerEvent: {}
[106.404409] (-) TimerEvent: {}
[106.505146] (-) TimerEvent: {}
[106.608721] (-) TimerEvent: {}
[106.710589] (-) TimerEvent: {}
[106.815587] (-) TimerEvent: {}
[106.916244] (-) TimerEvent: {}
[107.016979] (-) TimerEvent: {}
[107.117550] (-) TimerEvent: {}
[107.218155] (-) TimerEvent: {}
[107.318810] (-) TimerEvent: {}
[107.419423] (-) TimerEvent: {}
[107.520123] (-) TimerEvent: {}
[107.620926] (-) TimerEvent: {}
[107.721648] (-) TimerEvent: {}
[107.823063] (-) TimerEvent: {}
[107.923688] (-) TimerEvent: {}
[108.024316] (-) TimerEvent: {}
[108.124928] (-) TimerEvent: {}
[108.225532] (-) TimerEvent: {}
[108.326127] (-) TimerEvent: {}
[108.426772] (-) TimerEvent: {}
[108.527385] (-) TimerEvent: {}
[108.628039] (-) TimerEvent: {}
[108.728627] (-) TimerEvent: {}
[108.829296] (-) TimerEvent: {}
[108.929919] (-) TimerEvent: {}
[109.030504] (-) TimerEvent: {}
[109.131107] (-) TimerEvent: {}
[109.231832] (-) TimerEvent: {}
[109.332394] (-) TimerEvent: {}
[109.432997] (-) TimerEvent: {}
[109.533584] (-) TimerEvent: {}
[109.634188] (-) TimerEvent: {}
[109.734826] (-) TimerEvent: {}
[109.835473] (-) TimerEvent: {}
[109.936291] (-) TimerEvent: {}
[110.038756] (-) TimerEvent: {}
[110.139555] (-) TimerEvent: {}
[110.240984] (-) TimerEvent: {}
[110.341731] (-) TimerEvent: {}
[110.442488] (-) TimerEvent: {}
[110.543179] (-) TimerEvent: {}
[110.643942] (-) TimerEvent: {}
[110.744666] (-) TimerEvent: {}
[110.845395] (-) TimerEvent: {}
[110.946077] (-) TimerEvent: {}
[111.046775] (-) TimerEvent: {}
[111.147428] (-) TimerEvent: {}
[111.248168] (-) TimerEvent: {}
[111.348976] (-) TimerEvent: {}
[111.449703] (-) TimerEvent: {}
[111.550424] (-) TimerEvent: {}
[111.651440] (-) TimerEvent: {}
[111.752089] (-) TimerEvent: {}
[111.852825] (-) TimerEvent: {}
[111.953554] (-) TimerEvent: {}
[112.054236] (-) TimerEvent: {}
[112.154964] (-) TimerEvent: {}
[112.257509] (-) TimerEvent: {}
[112.358248] (-) TimerEvent: {}
[112.458916] (-) TimerEvent: {}
[112.559495] (-) TimerEvent: {}
[112.660105] (-) TimerEvent: {}
[112.760757] (-) TimerEvent: {}
[112.861385] (-) TimerEvent: {}
[112.961991] (-) TimerEvent: {}
[113.062595] (-) TimerEvent: {}
[113.163230] (-) TimerEvent: {}
[113.263873] (-) TimerEvent: {}
[113.364486] (-) TimerEvent: {}
[113.465091] (-) TimerEvent: {}
[113.565760] (-) TimerEvent: {}
[113.666375] (-) TimerEvent: {}
[113.766972] (-) TimerEvent: {}
[113.867666] (-) TimerEvent: {}
[113.968355] (-) TimerEvent: {}
[114.069012] (-) TimerEvent: {}
[114.169725] (-) TimerEvent: {}
[114.270381] (-) TimerEvent: {}
[114.371027] (-) TimerEvent: {}
[114.473070] (-) TimerEvent: {}
[114.573835] (-) TimerEvent: {}
[114.674513] (-) TimerEvent: {}
[114.775162] (-) TimerEvent: {}
[114.875878] (-) TimerEvent: {}
[114.976545] (-) TimerEvent: {}
[115.077221] (-) TimerEvent: {}
[115.177943] (-) TimerEvent: {}
[115.280411] (-) TimerEvent: {}
[115.381214] (-) TimerEvent: {}
[115.485098] (-) TimerEvent: {}
[115.585964] (-) TimerEvent: {}
[115.687284] (-) TimerEvent: {}
[115.787938] (-) TimerEvent: {}
[115.888586] (-) TimerEvent: {}
[115.989358] (-) TimerEvent: {}
[116.089963] (-) TimerEvent: {}
[116.190748] (-) TimerEvent: {}
[116.292089] (-) TimerEvent: {}
[116.392807] (-) TimerEvent: {}
[116.493503] (-) TimerEvent: {}
[116.594159] (-) TimerEvent: {}
[116.694841] (-) TimerEvent: {}
[116.796947] (-) TimerEvent: {}
[116.899407] (-) TimerEvent: {}
[117.000054] (-) TimerEvent: {}
[117.100681] (-) TimerEvent: {}
[117.201328] (-) TimerEvent: {}
[117.301995] (-) TimerEvent: {}
[117.402677] (-) TimerEvent: {}
[117.503323] (-) TimerEvent: {}
[117.603941] (-) TimerEvent: {}
[117.704566] (-) TimerEvent: {}
[117.805165] (-) TimerEvent: {}
[117.905799] (-) TimerEvent: {}
[118.006577] (-) TimerEvent: {}
[118.107189] (-) TimerEvent: {}
[118.207855] (-) TimerEvent: {}
[118.308442] (-) TimerEvent: {}
[118.409060] (-) TimerEvent: {}
[118.509734] (-) TimerEvent: {}
[118.610540] (-) TimerEvent: {}
[118.711247] (-) TimerEvent: {}
[118.811933] (-) TimerEvent: {}
[118.912593] (-) TimerEvent: {}
[119.013346] (-) TimerEvent: {}
[119.114462] (-) TimerEvent: {}
[119.215313] (-) TimerEvent: {}
[119.315963] (-) TimerEvent: {}
[119.416591] (-) TimerEvent: {}
[119.517274] (-) TimerEvent: {}
[119.617926] (-) TimerEvent: {}
[119.718564] (-) TimerEvent: {}
[119.819200] (-) TimerEvent: {}
[119.919885] (-) TimerEvent: {}
[120.020581] (-) TimerEvent: {}
[120.121504] (-) TimerEvent: {}
[120.222323] (-) TimerEvent: {}
[120.322983] (-) TimerEvent: {}
[120.423669] (-) TimerEvent: {}
[120.524317] (-) TimerEvent: {}
[120.624947] (-) TimerEvent: {}
[120.725558] (-) TimerEvent: {}
[120.826208] (-) TimerEvent: {}
[120.926890] (-) TimerEvent: {}
[121.027507] (-) TimerEvent: {}
[121.128141] (-) TimerEvent: {}
[121.228907] (-) TimerEvent: {}
[121.330442] (-) TimerEvent: {}
[121.433453] (-) TimerEvent: {}
[121.536620] (-) TimerEvent: {}
[121.637524] (-) TimerEvent: {}
[121.741413] (-) TimerEvent: {}
[121.842278] (-) TimerEvent: {}
[121.943092] (-) TimerEvent: {}
[122.043800] (-) TimerEvent: {}
[122.144438] (-) TimerEvent: {}
[122.245077] (-) TimerEvent: {}
[122.345736] (-) TimerEvent: {}
[122.446389] (-) TimerEvent: {}
[122.546969] (-) TimerEvent: {}
[122.647591] (-) TimerEvent: {}
[122.748200] (-) TimerEvent: {}
[122.848904] (-) TimerEvent: {}
[122.949633] (-) TimerEvent: {}
[123.050344] (-) TimerEvent: {}
[123.151383] (-) TimerEvent: {}
[123.252069] (-) TimerEvent: {}
[123.352763] (-) TimerEvent: {}
[123.453518] (-) TimerEvent: {}
[123.554194] (-) TimerEvent: {}
[123.655024] (-) TimerEvent: {}
[123.757434] (-) TimerEvent: {}
[123.859584] (-) TimerEvent: {}
[123.963202] (-) TimerEvent: {}
[124.063997] (-) TimerEvent: {}
[124.164806] (-) TimerEvent: {}
[124.265729] (-) TimerEvent: {}
[124.366775] (-) TimerEvent: {}
[124.467597] (-) TimerEvent: {}
[124.568464] (-) TimerEvent: {}
[124.669224] (-) TimerEvent: {}
[124.769988] (-) TimerEvent: {}
[124.870741] (-) TimerEvent: {}
[124.971446] (-) TimerEvent: {}
[125.072123] (-) TimerEvent: {}
[125.173581] (-) TimerEvent: {}
[125.274408] (-) TimerEvent: {}
[125.375179] (-) TimerEvent: {}
[125.475957] (-) TimerEvent: {}
[125.576705] (-) TimerEvent: {}
[125.677394] (-) TimerEvent: {}
[125.778088] (-) TimerEvent: {}
[125.878816] (-) TimerEvent: {}
[125.979847] (-) TimerEvent: {}
[126.080698] (-) TimerEvent: {}
[126.154287] (simple_robot) StdoutLine: {'line': b'[ 25%] \x1b[32m\x1b[1mLinking CXX executable robot_map_node\x1b[0m\n'}
[126.180925] (-) TimerEvent: {}
[126.281793] (-) TimerEvent: {}
[126.382659] (-) TimerEvent: {}
[126.483451] (-) TimerEvent: {}
[126.586802] (-) TimerEvent: {}
[126.690811] (-) TimerEvent: {}
[126.797332] (-) TimerEvent: {}
[126.905421] (-) TimerEvent: {}
[127.007772] (-) TimerEvent: {}
[127.111009] (-) TimerEvent: {}
[127.215331] (-) TimerEvent: {}
[127.318644] (-) TimerEvent: {}
[127.422631] (-) TimerEvent: {}
[127.526691] (-) TimerEvent: {}
[127.627876] (-) TimerEvent: {}
[127.730876] (-) TimerEvent: {}
[127.834542] (-) TimerEvent: {}
[127.945508] (-) TimerEvent: {}
[128.049660] (-) TimerEvent: {}
[128.159485] (-) TimerEvent: {}
[128.263199] (-) TimerEvent: {}
[128.370662] (-) TimerEvent: {}
[128.479362] (-) TimerEvent: {}
[128.583115] (-) TimerEvent: {}
[128.688430] (-) TimerEvent: {}
[128.793470] (-) TimerEvent: {}
[128.896049] (-) TimerEvent: {}
[129.005429] (-) TimerEvent: {}
[129.107481] (-) TimerEvent: {}
[129.211475] (-) TimerEvent: {}
[129.312448] (-) TimerEvent: {}
[129.417421] (-) TimerEvent: {}
[129.518354] (-) TimerEvent: {}
[129.626482] (-) TimerEvent: {}
[129.728531] (-) TimerEvent: {}
[129.829444] (-) TimerEvent: {}
[129.930363] (-) TimerEvent: {}
[130.032794] (-) TimerEvent: {}
[130.135335] (-) TimerEvent: {}
[130.236129] (-) TimerEvent: {}
[130.337144] (-) TimerEvent: {}
[130.438417] (-) TimerEvent: {}
[130.540468] (-) TimerEvent: {}
[130.642680] (-) TimerEvent: {}
[130.743384] (-) TimerEvent: {}
[130.844042] (-) TimerEvent: {}
[130.944754] (-) TimerEvent: {}
[131.045757] (-) TimerEvent: {}
[131.146430] (-) TimerEvent: {}
[131.247062] (-) TimerEvent: {}
[131.347887] (-) TimerEvent: {}
[131.448666] (-) TimerEvent: {}
[131.549398] (-) TimerEvent: {}
[131.650224] (-) TimerEvent: {}
[131.751153] (-) TimerEvent: {}
[131.855186] (-) TimerEvent: {}
[131.955960] (-) TimerEvent: {}
[132.057435] (-) TimerEvent: {}
[132.158117] (-) TimerEvent: {}
[132.258927] (-) TimerEvent: {}
[132.359685] (-) TimerEvent: {}
[132.460407] (-) TimerEvent: {}
[132.561151] (-) TimerEvent: {}
[132.661963] (-) TimerEvent: {}
[132.762804] (-) TimerEvent: {}
[132.863611] (-) TimerEvent: {}
[132.964404] (-) TimerEvent: {}
[133.065148] (-) TimerEvent: {}
[133.165857] (-) TimerEvent: {}
[133.266613] (-) TimerEvent: {}
[133.367386] (-) TimerEvent: {}
[133.468335] (-) TimerEvent: {}
[133.569110] (-) TimerEvent: {}
[133.669845] (-) TimerEvent: {}
[133.675337] (simple_robot) StdoutLine: {'line': b'[ 50%] Built target robot_map_node\n'}
[133.761786] (simple_robot) StdoutLine: {'line': b'\x1b[35m\x1b[1mConsolidate compiler generated dependencies of target grid_map\x1b[0m\n'}
[133.770007] (-) TimerEvent: {}
[133.870774] (-) TimerEvent: {}
[133.972885] (-) TimerEvent: {}
[133.996620] (simple_robot) StdoutLine: {'line': b'[ 58%] \x1b[32mBuilding CXX object src/CMakeFiles/grid_map.dir/map_utils.cpp.o\x1b[0m\n'}
[134.073077] (-) TimerEvent: {}
[134.173868] (-) TimerEvent: {}
[134.278463] (-) TimerEvent: {}
[134.381244] (-) TimerEvent: {}
[134.483825] (-) TimerEvent: {}
[134.589445] (-) TimerEvent: {}
[134.690355] (-) TimerEvent: {}
[134.791229] (-) TimerEvent: {}
[134.896142] (-) TimerEvent: {}
[135.004418] (-) TimerEvent: {}
[135.105578] (-) TimerEvent: {}
[135.209731] (-) TimerEvent: {}
[135.317421] (-) TimerEvent: {}
[135.423409] (-) TimerEvent: {}
[135.531620] (-) TimerEvent: {}
[135.633423] (-) TimerEvent: {}
[135.737473] (-) TimerEvent: {}
[135.841402] (-) TimerEvent: {}
[135.947431] (-) TimerEvent: {}
[136.048370] (-) TimerEvent: {}
[136.151724] (-) TimerEvent: {}
[136.259418] (-) TimerEvent: {}
[136.366453] (-) TimerEvent: {}
[136.467429] (-) TimerEvent: {}
[136.575423] (-) TimerEvent: {}
[136.678489] (-) TimerEvent: {}
[136.781559] (-) TimerEvent: {}
[136.892473] (-) TimerEvent: {}
[136.996437] (-) TimerEvent: {}
[137.100574] (-) TimerEvent: {}
[137.203419] (-) TimerEvent: {}
[137.304238] (-) TimerEvent: {}
[137.406479] (-) TimerEvent: {}
[137.509575] (-) TimerEvent: {}
[137.611428] (-) TimerEvent: {}
[137.712358] (-) TimerEvent: {}
[137.815081] (-) TimerEvent: {}
[137.916015] (-) TimerEvent: {}
[138.017011] (-) TimerEvent: {}
[138.118064] (-) TimerEvent: {}
[138.219081] (-) TimerEvent: {}
[138.319935] (-) TimerEvent: {}
[138.421106] (-) TimerEvent: {}
[138.522098] (-) TimerEvent: {}
[138.623044] (-) TimerEvent: {}
[138.724343] (-) TimerEvent: {}
[138.825317] (-) TimerEvent: {}
[138.926208] (-) TimerEvent: {}
[139.027048] (-) TimerEvent: {}
[139.128471] (-) TimerEvent: {}
[139.231500] (-) TimerEvent: {}
[139.332359] (-) TimerEvent: {}
[139.433335] (-) TimerEvent: {}
[139.534336] (-) TimerEvent: {}
[139.635354] (-) TimerEvent: {}
[139.736054] (-) TimerEvent: {}
[139.836766] (-) TimerEvent: {}
[139.937445] (-) TimerEvent: {}
[140.038096] (-) TimerEvent: {}
[140.139056] (-) TimerEvent: {}
[140.240111] (-) TimerEvent: {}
[140.340832] (-) TimerEvent: {}
[140.441441] (-) TimerEvent: {}
[140.542095] (-) TimerEvent: {}
[140.642821] (-) TimerEvent: {}
[140.743485] (-) TimerEvent: {}
[140.847344] (-) TimerEvent: {}
[140.948172] (-) TimerEvent: {}
[141.052579] (-) TimerEvent: {}
[141.157741] (-) TimerEvent: {}
[141.261717] (-) TimerEvent: {}
[141.363402] (-) TimerEvent: {}
[141.464119] (-) TimerEvent: {}
[141.564882] (-) TimerEvent: {}
[141.665638] (-) TimerEvent: {}
[141.766871] (-) TimerEvent: {}
[141.867585] (-) TimerEvent: {}
[141.968346] (-) TimerEvent: {}
[142.069038] (-) TimerEvent: {}
[142.169741] (-) TimerEvent: {}
[142.270415] (-) TimerEvent: {}
[142.371097] (-) TimerEvent: {}
[142.471806] (-) TimerEvent: {}
[142.572524] (-) TimerEvent: {}
[142.673209] (-) TimerEvent: {}
[142.773897] (-) TimerEvent: {}
[142.874587] (-) TimerEvent: {}
[142.975250] (-) TimerEvent: {}
[143.075932] (-) TimerEvent: {}
[143.176712] (-) TimerEvent: {}
[143.277505] (-) TimerEvent: {}
[143.378400] (-) TimerEvent: {}
[143.479144] (-) TimerEvent: {}
[143.579954] (-) TimerEvent: {}
[143.680762] (-) TimerEvent: {}
[143.781575] (-) TimerEvent: {}
[143.882405] (-) TimerEvent: {}
[143.983769] (-) TimerEvent: {}
[144.085223] (-) TimerEvent: {}
[144.185989] (-) TimerEvent: {}
[144.286716] (-) TimerEvent: {}
[144.387355] (-) TimerEvent: {}
[144.488005] (-) TimerEvent: {}
[144.588676] (-) TimerEvent: {}
[144.689356] (-) TimerEvent: {}
[144.790039] (-) TimerEvent: {}
[144.890790] (-) TimerEvent: {}
[144.991447] (-) TimerEvent: {}
[145.092152] (-) TimerEvent: {}
[145.193044] (-) TimerEvent: {}
[145.293748] (-) TimerEvent: {}
[145.394431] (-) TimerEvent: {}
[145.495079] (-) TimerEvent: {}
[145.595717] (-) TimerEvent: {}
[145.696882] (-) TimerEvent: {}
[145.797486] (-) TimerEvent: {}
[145.898212] (-) TimerEvent: {}
[145.998912] (-) TimerEvent: {}
[146.099636] (-) TimerEvent: {}
[146.200356] (-) TimerEvent: {}
[146.301141] (-) TimerEvent: {}
[146.401881] (-) TimerEvent: {}
[146.503152] (-) TimerEvent: {}
[146.603851] (-) TimerEvent: {}
[146.704488] (-) TimerEvent: {}
[146.805194] (-) TimerEvent: {}
[146.905970] (-) TimerEvent: {}
[147.006727] (-) TimerEvent: {}
[147.107418] (-) TimerEvent: {}
[147.208094] (-) TimerEvent: {}
[147.308816] (-) TimerEvent: {}
[147.409558] (-) TimerEvent: {}
[147.510307] (-) TimerEvent: {}
[147.611031] (-) TimerEvent: {}
[147.711811] (-) TimerEvent: {}
[147.812566] (-) TimerEvent: {}
[147.913225] (-) TimerEvent: {}
[148.013936] (-) TimerEvent: {}
[148.114589] (-) TimerEvent: {}
[148.215308] (-) TimerEvent: {}
[148.316019] (-) TimerEvent: {}
[148.416842] (-) TimerEvent: {}
[148.517656] (-) TimerEvent: {}
[148.619102] (-) TimerEvent: {}
[148.719923] (-) TimerEvent: {}
[148.820723] (-) TimerEvent: {}
[148.921432] (-) TimerEvent: {}
[149.022104] (-) TimerEvent: {}
[149.122824] (-) TimerEvent: {}
[149.223577] (-) TimerEvent: {}
[149.324383] (-) TimerEvent: {}
[149.425104] (-) TimerEvent: {}
[149.525855] (-) TimerEvent: {}
[149.627409] (-) TimerEvent: {}
[149.728235] (-) TimerEvent: {}
[149.833408] (-) TimerEvent: {}
[149.934409] (-) TimerEvent: {}
[150.035760] (-) TimerEvent: {}
[150.136644] (-) TimerEvent: {}
[150.237425] (-) TimerEvent: {}
[150.338030] (-) TimerEvent: {}
[150.438722] (-) TimerEvent: {}
[150.539606] (-) TimerEvent: {}
[150.640295] (-) TimerEvent: {}
[150.741216] (-) TimerEvent: {}
[150.841881] (-) TimerEvent: {}
[150.942623] (-) TimerEvent: {}
[151.043335] (-) TimerEvent: {}
[151.144729] (-) TimerEvent: {}
[151.245469] (-) TimerEvent: {}
[151.346249] (-) TimerEvent: {}
[151.446886] (-) TimerEvent: {}
[151.547472] (-) TimerEvent: {}
[151.648095] (-) TimerEvent: {}
[151.748740] (-) TimerEvent: {}
[151.849372] (-) TimerEvent: {}
[151.949968] (-) TimerEvent: {}
[152.050703] (-) TimerEvent: {}
[152.151376] (-) TimerEvent: {}
[152.252024] (-) TimerEvent: {}
[152.352720] (-) TimerEvent: {}
[152.453336] (-) TimerEvent: {}
[152.554019] (-) TimerEvent: {}
[152.598119] (simple_robot) StdoutLine: {'line': b'[ 66%] \x1b[32mBuilding CXX object src/CMakeFiles/grid_map.dir/main.cpp.o\x1b[0m\n'}
[152.654219] (-) TimerEvent: {}
[152.754835] (-) TimerEvent: {}
[152.855800] (-) TimerEvent: {}
[152.958822] (-) TimerEvent: {}
[153.062690] (-) TimerEvent: {}
[153.171041] (-) TimerEvent: {}
[153.276513] (-) TimerEvent: {}
[153.383850] (-) TimerEvent: {}
[153.489619] (-) TimerEvent: {}
[153.591079] (-) TimerEvent: {}
[153.695419] (-) TimerEvent: {}
[153.797326] (-) TimerEvent: {}
[153.901176] (-) TimerEvent: {}
[154.001940] (-) TimerEvent: {}
[154.105483] (-) TimerEvent: {}
[154.206387] (-) TimerEvent: {}
[154.307371] (-) TimerEvent: {}
[154.412448] (-) TimerEvent: {}
[154.513364] (-) TimerEvent: {}
[154.614140] (-) TimerEvent: {}
[154.715244] (-) TimerEvent: {}
[154.816731] (-) TimerEvent: {}
[154.918670] (-) TimerEvent: {}
[155.020866] (-) TimerEvent: {}
[155.127437] (-) TimerEvent: {}
[155.228759] (-) TimerEvent: {}
[155.329639] (-) TimerEvent: {}
[155.430586] (-) TimerEvent: {}
[155.536461] (-) TimerEvent: {}
[155.638684] (-) TimerEvent: {}
[155.743423] (-) TimerEvent: {}
[155.844200] (-) TimerEvent: {}
[155.946415] (-) TimerEvent: {}
[156.047202] (-) TimerEvent: {}
[156.152045] (-) TimerEvent: {}
[156.253020] (-) TimerEvent: {}
[156.357064] (-) TimerEvent: {}
[156.458127] (-) TimerEvent: {}
[156.560169] (-) TimerEvent: {}
[156.662804] (-) TimerEvent: {}
[156.763705] (-) TimerEvent: {}
[156.864577] (-) TimerEvent: {}
[156.965451] (-) TimerEvent: {}
[157.067365] (-) TimerEvent: {}
[157.168331] (-) TimerEvent: {}
[157.269100] (-) TimerEvent: {}
[157.369927] (-) TimerEvent: {}
[157.470711] (-) TimerEvent: {}
[157.571442] (-) TimerEvent: {}
[157.672161] (-) TimerEvent: {}
[157.772849] (-) TimerEvent: {}
[157.873494] (-) TimerEvent: {}
[157.974221] (-) TimerEvent: {}
[158.074847] (-) TimerEvent: {}
[158.175761] (-) TimerEvent: {}
[158.276713] (-) TimerEvent: {}
[158.377593] (-) TimerEvent: {}
[158.478408] (-) TimerEvent: {}
[158.579201] (-) TimerEvent: {}
[158.679986] (-) TimerEvent: {}
[158.780751] (-) TimerEvent: {}
[158.881452] (-) TimerEvent: {}
[158.982206] (-) TimerEvent: {}
[159.082822] (-) TimerEvent: {}
[159.183660] (-) TimerEvent: {}
[159.284382] (-) TimerEvent: {}
[159.385078] (-) TimerEvent: {}
[159.485837] (-) TimerEvent: {}
[159.586520] (-) TimerEvent: {}
[159.687304] (-) TimerEvent: {}
[159.788027] (-) TimerEvent: {}
[159.888740] (-) TimerEvent: {}
[159.989407] (-) TimerEvent: {}
[160.090175] (-) TimerEvent: {}
[160.191016] (-) TimerEvent: {}
[160.291787] (-) TimerEvent: {}
[160.392565] (-) TimerEvent: {}
[160.493276] (-) TimerEvent: {}
[160.593972] (-) TimerEvent: {}
[160.694797] (-) TimerEvent: {}
[160.795575] (-) TimerEvent: {}
[160.896377] (-) TimerEvent: {}
[160.997150] (-) TimerEvent: {}
[161.097945] (-) TimerEvent: {}
[161.198727] (-) TimerEvent: {}
[161.300953] (-) TimerEvent: {}
[161.401709] (-) TimerEvent: {}
[161.502452] (-) TimerEvent: {}
[161.603179] (-) TimerEvent: {}
[161.703940] (-) TimerEvent: {}
[161.804639] (-) TimerEvent: {}
[161.905358] (-) TimerEvent: {}
[162.006115] (-) TimerEvent: {}
[162.106902] (-) TimerEvent: {}
[162.207569] (-) TimerEvent: {}
[162.308217] (-) TimerEvent: {}
[162.408969] (-) TimerEvent: {}
[162.512402] (-) TimerEvent: {}
[162.613176] (-) TimerEvent: {}
[162.713967] (-) TimerEvent: {}
[162.814716] (-) TimerEvent: {}
[162.915500] (-) TimerEvent: {}
[163.016247] (-) TimerEvent: {}
[163.117119] (-) TimerEvent: {}
[163.217899] (-) TimerEvent: {}
[163.318568] (-) TimerEvent: {}
[163.419188] (-) TimerEvent: {}
[163.519875] (-) TimerEvent: {}
[163.620541] (-) TimerEvent: {}
[163.721245] (-) TimerEvent: {}
[163.821874] (-) TimerEvent: {}
[163.922545] (-) TimerEvent: {}
[164.023198] (-) TimerEvent: {}
[164.123951] (-) TimerEvent: {}
[164.224618] (-) TimerEvent: {}
[164.325351] (-) TimerEvent: {}
[164.426032] (-) TimerEvent: {}
[164.526765] (-) TimerEvent: {}
[164.627427] (-) TimerEvent: {}
[164.727993] (-) TimerEvent: {}
[164.828637] (-) TimerEvent: {}
[164.929299] (-) TimerEvent: {}
[165.029924] (-) TimerEvent: {}
[165.130793] (-) TimerEvent: {}
[165.231591] (-) TimerEvent: {}
[165.332407] (-) TimerEvent: {}
[165.433154] (-) TimerEvent: {}
[165.533864] (-) TimerEvent: {}
[165.634559] (-) TimerEvent: {}
[165.735225] (-) TimerEvent: {}
[165.835880] (-) TimerEvent: {}
[165.936574] (-) TimerEvent: {}
[166.037216] (-) TimerEvent: {}
[166.137891] (-) TimerEvent: {}
[166.238579] (-) TimerEvent: {}
[166.339288] (-) TimerEvent: {}
[166.439959] (-) TimerEvent: {}
[166.540632] (-) TimerEvent: {}
[166.641347] (-) TimerEvent: {}
[166.742013] (-) TimerEvent: {}
[166.842790] (-) TimerEvent: {}
[166.943444] (-) TimerEvent: {}
[167.044095] (-) TimerEvent: {}
[167.144806] (-) TimerEvent: {}
[167.245438] (-) TimerEvent: {}
[167.346090] (-) TimerEvent: {}
[167.446757] (-) TimerEvent: {}
[167.547528] (-) TimerEvent: {}
[167.648315] (-) TimerEvent: {}
[167.749174] (-) TimerEvent: {}
[167.849960] (-) TimerEvent: {}
[167.950621] (-) TimerEvent: {}
[168.051276] (-) TimerEvent: {}
[168.151932] (-) TimerEvent: {}
[168.252575] (-) TimerEvent: {}
[168.353179] (-) TimerEvent: {}
[168.453864] (-) TimerEvent: {}
[168.554440] (-) TimerEvent: {}
[168.655095] (-) TimerEvent: {}
[168.755807] (-) TimerEvent: {}
[168.859410] (-) TimerEvent: {}
[168.960150] (-) TimerEvent: {}
[169.060943] (-) TimerEvent: {}
[169.161681] (-) TimerEvent: {}
[169.262446] (-) TimerEvent: {}
[169.363236] (-) TimerEvent: {}
[169.463911] (-) TimerEvent: {}
[169.564591] (-) TimerEvent: {}
[169.665292] (-) TimerEvent: {}
[169.765949] (-) TimerEvent: {}
[169.866724] (-) TimerEvent: {}
[169.967508] (-) TimerEvent: {}
[170.068298] (-) TimerEvent: {}
[170.169106] (-) TimerEvent: {}
[170.269804] (-) TimerEvent: {}
[170.370523] (-) TimerEvent: {}
[170.471204] (-) TimerEvent: {}
[170.571976] (-) TimerEvent: {}
[170.672694] (-) TimerEvent: {}
[170.773436] (-) TimerEvent: {}
[170.874068] (-) TimerEvent: {}
[170.974751] (-) TimerEvent: {}
[171.075449] (-) TimerEvent: {}
[171.176194] (-) TimerEvent: {}
[171.277056] (-) TimerEvent: {}
[171.377813] (-) TimerEvent: {}
[171.478501] (-) TimerEvent: {}
[171.579242] (-) TimerEvent: {}
[171.680014] (-) TimerEvent: {}
[171.780866] (-) TimerEvent: {}
[171.881592] (-) TimerEvent: {}
[171.982356] (-) TimerEvent: {}
[172.083096] (-) TimerEvent: {}
[172.183869] (-) TimerEvent: {}
[172.284702] (-) TimerEvent: {}
[172.385380] (-) TimerEvent: {}
[172.485995] (-) TimerEvent: {}
[172.586663] (-) TimerEvent: {}
[172.687403] (-) TimerEvent: {}
[172.788072] (-) TimerEvent: {}
[172.888720] (-) TimerEvent: {}
[172.989380] (-) TimerEvent: {}
[173.090023] (-) TimerEvent: {}
[173.190807] (-) TimerEvent: {}
[173.291505] (-) TimerEvent: {}
[173.392278] (-) TimerEvent: {}
[173.492953] (-) TimerEvent: {}
[173.593595] (-) TimerEvent: {}
[173.694351] (-) TimerEvent: {}
[173.795009] (-) TimerEvent: {}
[173.895699] (-) TimerEvent: {}
[173.996352] (-) TimerEvent: {}
[174.097008] (-) TimerEvent: {}
[174.197664] (-) TimerEvent: {}
[174.298303] (-) TimerEvent: {}
[174.399788] (-) TimerEvent: {}
[174.500525] (-) TimerEvent: {}
[174.602041] (-) TimerEvent: {}
[174.702864] (-) TimerEvent: {}
[174.803620] (-) TimerEvent: {}
[174.904373] (-) TimerEvent: {}
[175.005096] (-) TimerEvent: {}
[175.105952] (-) TimerEvent: {}
[175.206808] (-) TimerEvent: {}
[175.307438] (-) TimerEvent: {}
[175.409444] (-) TimerEvent: {}
[175.510295] (-) TimerEvent: {}
[175.611702] (-) TimerEvent: {}
[175.715697] (-) TimerEvent: {}
[175.816438] (-) TimerEvent: {}
[175.917197] (-) TimerEvent: {}
[176.017977] (-) TimerEvent: {}
[176.118617] (-) TimerEvent: {}
[176.219298] (-) TimerEvent: {}
[176.320144] (-) TimerEvent: {}
[176.420860] (-) TimerEvent: {}
[176.521516] (-) TimerEvent: {}
[176.622174] (-) TimerEvent: {}
[176.723158] (-) TimerEvent: {}
[176.823865] (-) TimerEvent: {}
[176.924722] (-) TimerEvent: {}
[177.025437] (-) TimerEvent: {}
[177.126166] (-) TimerEvent: {}
[177.226934] (-) TimerEvent: {}
[177.327865] (-) TimerEvent: {}
[177.428545] (-) TimerEvent: {}
[177.529222] (-) TimerEvent: {}
[177.629898] (-) TimerEvent: {}
[177.730525] (-) TimerEvent: {}
[177.831191] (-) TimerEvent: {}
[177.932411] (-) TimerEvent: {}
[178.033044] (-) TimerEvent: {}
[178.133782] (-) TimerEvent: {}
[178.234435] (-) TimerEvent: {}
[178.335097] (-) TimerEvent: {}
[178.435770] (-) TimerEvent: {}
[178.536403] (-) TimerEvent: {}
[178.637069] (-) TimerEvent: {}
[178.737738] (-) TimerEvent: {}
[178.838378] (-) TimerEvent: {}
[178.939402] (-) TimerEvent: {}
[179.040338] (-) TimerEvent: {}
[179.141384] (-) TimerEvent: {}
[179.242097] (-) TimerEvent: {}
[179.342766] (-) TimerEvent: {}
[179.443417] (-) TimerEvent: {}
[179.544084] (-) TimerEvent: {}
[179.644780] (-) TimerEvent: {}
[179.745445] (-) TimerEvent: {}
[179.846121] (-) TimerEvent: {}
[179.946832] (-) TimerEvent: {}
[180.047522] (-) TimerEvent: {}
[180.148352] (-) TimerEvent: {}
[180.249731] (-) TimerEvent: {}
[180.350428] (-) TimerEvent: {}
[180.451201] (-) TimerEvent: {}
[180.551933] (-) TimerEvent: {}
[180.652720] (-) TimerEvent: {}
[180.753500] (-) TimerEvent: {}
[180.854304] (-) TimerEvent: {}
[180.955028] (-) TimerEvent: {}
[181.055914] (-) TimerEvent: {}
[181.156721] (-) TimerEvent: {}
[181.258685] (-) TimerEvent: {}
[181.361110] (-) TimerEvent: {}
[181.462085] (-) TimerEvent: {}
[181.565400] (-) TimerEvent: {}
[181.668409] (-) TimerEvent: {}
[181.769211] (-) TimerEvent: {}
[181.870018] (-) TimerEvent: {}
[181.971438] (-) TimerEvent: {}
[182.072123] (-) TimerEvent: {}
[182.173023] (-) TimerEvent: {}
[182.273724] (-) TimerEvent: {}
[182.374573] (-) TimerEvent: {}
[182.475230] (-) TimerEvent: {}
[182.575902] (-) TimerEvent: {}
[182.676550] (-) TimerEvent: {}
[182.777304] (-) TimerEvent: {}
[182.878030] (-) TimerEvent: {}
[182.978826] (-) TimerEvent: {}
[183.079580] (-) TimerEvent: {}
[183.180341] (-) TimerEvent: {}
[183.281058] (-) TimerEvent: {}
[183.381818] (-) TimerEvent: {}
[183.482559] (-) TimerEvent: {}
[183.584341] (-) TimerEvent: {}
[183.685350] (-) TimerEvent: {}
[183.785998] (-) TimerEvent: {}
[183.886737] (-) TimerEvent: {}
[183.987386] (-) TimerEvent: {}
[184.087978] (-) TimerEvent: {}
[184.188766] (-) TimerEvent: {}
[184.289440] (-) TimerEvent: {}
[184.390166] (-) TimerEvent: {}
[184.490921] (-) TimerEvent: {}
[184.591668] (-) TimerEvent: {}
[184.692383] (-) TimerEvent: {}
[184.793050] (-) TimerEvent: {}
[184.893743] (-) TimerEvent: {}
[184.994388] (-) TimerEvent: {}
[185.095387] (-) TimerEvent: {}
[185.196200] (-) TimerEvent: {}
[185.297011] (-) TimerEvent: {}
[185.397766] (-) TimerEvent: {}
[185.498428] (-) TimerEvent: {}
[185.599089] (-) TimerEvent: {}
[185.699759] (-) TimerEvent: {}
[185.800520] (-) TimerEvent: {}
[185.901305] (-) TimerEvent: {}
[186.002152] (-) TimerEvent: {}
[186.102900] (-) TimerEvent: {}
[186.203631] (-) TimerEvent: {}
[186.304413] (-) TimerEvent: {}
[186.405062] (-) TimerEvent: {}
[186.505762] (-) TimerEvent: {}
[186.606434] (-) TimerEvent: {}
[186.707277] (-) TimerEvent: {}
[186.807940] (-) TimerEvent: {}
[186.908554] (-) TimerEvent: {}
[187.009284] (-) TimerEvent: {}
[187.109991] (-) TimerEvent: {}
[187.210706] (-) TimerEvent: {}
[187.311393] (-) TimerEvent: {}
[187.412096] (-) TimerEvent: {}
[187.512816] (-) TimerEvent: {}
[187.613496] (-) TimerEvent: {}
[187.714189] (-) TimerEvent: {}
[187.814937] (-) TimerEvent: {}
[187.915621] (-) TimerEvent: {}
[188.018418] (-) TimerEvent: {}
[188.119194] (-) TimerEvent: {}
[188.219961] (-) TimerEvent: {}
[188.324482] (-) TimerEvent: {}
[188.427778] (-) TimerEvent: {}
[188.531105] (-) TimerEvent: {}
[188.633191] (-) TimerEvent: {}
[188.733908] (-) TimerEvent: {}
[188.834495] (-) TimerEvent: {}
[188.935204] (-) TimerEvent: {}
[189.035970] (-) TimerEvent: {}
[189.136631] (-) TimerEvent: {}
[189.237330] (-) TimerEvent: {}
[189.337983] (-) TimerEvent: {}
[189.438668] (-) TimerEvent: {}
[189.539372] (-) TimerEvent: {}
[189.640026] (-) TimerEvent: {}
[189.740845] (-) TimerEvent: {}
[189.841643] (-) TimerEvent: {}
[189.942361] (-) TimerEvent: {}
[190.044997] (-) TimerEvent: {}
[190.147101] (-) TimerEvent: {}
[190.247868] (-) TimerEvent: {}
[190.348579] (-) TimerEvent: {}
[190.449292] (-) TimerEvent: {}
[190.549973] (-) TimerEvent: {}
[190.650669] (-) TimerEvent: {}
[190.751431] (-) TimerEvent: {}
[190.852223] (-) TimerEvent: {}
[190.953025] (-) TimerEvent: {}
[191.053861] (-) TimerEvent: {}
[191.154656] (-) TimerEvent: {}
[191.255406] (-) TimerEvent: {}
[191.356157] (-) TimerEvent: {}
[191.456934] (-) TimerEvent: {}
[191.557711] (-) TimerEvent: {}
[191.658454] (-) TimerEvent: {}
[191.759195] (-) TimerEvent: {}
[191.860053] (-) TimerEvent: {}
[191.960842] (-) TimerEvent: {}
[192.061614] (-) TimerEvent: {}
[192.162402] (-) TimerEvent: {}
[192.263141] (-) TimerEvent: {}
[192.363949] (-) TimerEvent: {}
[192.464727] (-) TimerEvent: {}
[192.565499] (-) TimerEvent: {}
[192.666210] (-) TimerEvent: {}
[192.766957] (-) TimerEvent: {}
[192.867787] (-) TimerEvent: {}
[192.968568] (-) TimerEvent: {}
[193.069307] (-) TimerEvent: {}
[193.170039] (-) TimerEvent: {}
[193.270870] (-) TimerEvent: {}
[193.371671] (-) TimerEvent: {}
[193.472427] (-) TimerEvent: {}
[193.573207] (-) TimerEvent: {}
[193.673989] (-) TimerEvent: {}
[193.774819] (-) TimerEvent: {}
[193.875594] (-) TimerEvent: {}
[193.976358] (-) TimerEvent: {}
[194.077112] (-) TimerEvent: {}
[194.177887] (-) TimerEvent: {}
[194.278675] (-) TimerEvent: {}
[194.379439] (-) TimerEvent: {}
[194.484401] (-) TimerEvent: {}
[194.585172] (-) TimerEvent: {}
[194.685949] (-) TimerEvent: {}
[194.786807] (-) TimerEvent: {}
[194.890435] (-) TimerEvent: {}
[194.991111] (-) TimerEvent: {}
[195.091825] (-) TimerEvent: {}
[195.192662] (-) TimerEvent: {}
[195.293425] (-) TimerEvent: {}
[195.394162] (-) TimerEvent: {}
[195.494996] (-) TimerEvent: {}
[195.595739] (-) TimerEvent: {}
[195.697405] (-) TimerEvent: {}
[195.800644] (-) TimerEvent: {}
[195.901407] (-) TimerEvent: {}
[196.002626] (-) TimerEvent: {}
[196.106557] (-) TimerEvent: {}
[196.208919] (-) TimerEvent: {}
[196.313423] (-) TimerEvent: {}
[196.417830] (-) TimerEvent: {}
[196.518635] (-) TimerEvent: {}
[196.619382] (-) TimerEvent: {}
[196.720822] (-) TimerEvent: {}
[196.823395] (-) TimerEvent: {}
[196.927398] (-) TimerEvent: {}
[197.028195] (-) TimerEvent: {}
[197.128882] (-) TimerEvent: {}
[197.229532] (-) TimerEvent: {}
[197.330214] (-) TimerEvent: {}
[197.430884] (-) TimerEvent: {}
[197.531743] (-) TimerEvent: {}
[197.632435] (-) TimerEvent: {}
[197.733316] (-) TimerEvent: {}
[197.833984] (-) TimerEvent: {}
[197.934652] (-) TimerEvent: {}
[198.035349] (-) TimerEvent: {}
[198.135987] (-) TimerEvent: {}
[198.236845] (-) TimerEvent: {}
[198.337437] (-) TimerEvent: {}
[198.438096] (-) TimerEvent: {}
[198.538771] (-) TimerEvent: {}
[198.639443] (-) TimerEvent: {}
[198.740082] (-) TimerEvent: {}
[198.840757] (-) TimerEvent: {}
[198.941420] (-) TimerEvent: {}
[199.042069] (-) TimerEvent: {}
[199.142787] (-) TimerEvent: {}
[199.243447] (-) TimerEvent: {}
[199.344111] (-) TimerEvent: {}
[199.444843] (-) TimerEvent: {}
[199.545647] (-) TimerEvent: {}
[199.646379] (-) TimerEvent: {}
[199.747145] (-) TimerEvent: {}
[199.847978] (-) TimerEvent: {}
[199.948869] (-) TimerEvent: {}
[200.050068] (-) TimerEvent: {}
[200.150954] (-) TimerEvent: {}
[200.251870] (-) TimerEvent: {}
[200.352533] (-) TimerEvent: {}
[200.453201] (-) TimerEvent: {}
[200.553935] (-) TimerEvent: {}
[200.654746] (-) TimerEvent: {}
[200.755461] (-) TimerEvent: {}
[200.856338] (-) TimerEvent: {}
[200.957196] (-) TimerEvent: {}
[201.057973] (-) TimerEvent: {}
[201.161968] (-) TimerEvent: {}
[201.263078] (-) TimerEvent: {}
[201.368443] (-) TimerEvent: {}
[201.470676] (-) TimerEvent: {}
[201.571480] (-) TimerEvent: {}
[201.672312] (-) TimerEvent: {}
[201.773031] (-) TimerEvent: {}
[201.873744] (-) TimerEvent: {}
[201.974508] (-) TimerEvent: {}
[202.075249] (-) TimerEvent: {}
[202.176068] (-) TimerEvent: {}
[202.276869] (-) TimerEvent: {}
[202.377618] (-) TimerEvent: {}
[202.478319] (-) TimerEvent: {}
[202.578956] (-) TimerEvent: {}
[202.679651] (-) TimerEvent: {}
[202.780416] (-) TimerEvent: {}
[202.881315] (-) TimerEvent: {}
[202.981938] (-) TimerEvent: {}
[203.082652] (-) TimerEvent: {}
[203.183355] (-) TimerEvent: {}
[203.284089] (-) TimerEvent: {}
[203.384744] (-) TimerEvent: {}
[203.485426] (-) TimerEvent: {}
[203.586086] (-) TimerEvent: {}
[203.686792] (-) TimerEvent: {}
[203.787479] (-) TimerEvent: {}
[203.888128] (-) TimerEvent: {}
[203.988800] (-) TimerEvent: {}
[204.089429] (-) TimerEvent: {}
[204.190153] (-) TimerEvent: {}
[204.290825] (-) TimerEvent: {}
[204.391576] (-) TimerEvent: {}
[204.492353] (-) TimerEvent: {}
[204.593607] (-) TimerEvent: {}
[204.694281] (-) TimerEvent: {}
[204.794915] (-) TimerEvent: {}
[204.895558] (-) TimerEvent: {}
[204.996162] (-) TimerEvent: {}
[205.096794] (-) TimerEvent: {}
[205.197549] (-) TimerEvent: {}
[205.298213] (-) TimerEvent: {}
[205.398859] (-) TimerEvent: {}
[205.499438] (-) TimerEvent: {}
[205.600056] (-) TimerEvent: {}
[205.700810] (-) TimerEvent: {}
[205.801425] (-) TimerEvent: {}
[205.902037] (-) TimerEvent: {}
[206.002668] (-) TimerEvent: {}
[206.103297] (-) TimerEvent: {}
[206.203925] (-) TimerEvent: {}
[206.304883] (-) TimerEvent: {}
[206.405509] (-) TimerEvent: {}
[206.506124] (-) TimerEvent: {}
[206.606754] (-) TimerEvent: {}
[206.707550] (-) TimerEvent: {}
[206.809749] (-) TimerEvent: {}
[206.910439] (-) TimerEvent: {}
[207.011098] (-) TimerEvent: {}
[207.111860] (-) TimerEvent: {}
[207.212568] (-) TimerEvent: {}
[207.313234] (-) TimerEvent: {}
[207.414032] (-) TimerEvent: {}
[207.514743] (-) TimerEvent: {}
[207.615425] (-) TimerEvent: {}
[207.716435] (-) TimerEvent: {}
[207.817605] (-) TimerEvent: {}
[207.921404] (-) TimerEvent: {}
[208.025407] (-) TimerEvent: {}
[208.126341] (-) TimerEvent: {}
[208.227068] (-) TimerEvent: {}
[208.327656] (-) TimerEvent: {}
[208.428254] (-) TimerEvent: {}
[208.528882] (-) TimerEvent: {}
[208.629482] (-) TimerEvent: {}
[208.730113] (-) TimerEvent: {}
[208.830739] (-) TimerEvent: {}
[208.931468] (-) TimerEvent: {}
[209.032225] (-) TimerEvent: {}
[209.133193] (-) TimerEvent: {}
[209.233863] (-) TimerEvent: {}
[209.334446] (-) TimerEvent: {}
[209.435095] (-) TimerEvent: {}
[209.535755] (-) TimerEvent: {}
[209.636393] (-) TimerEvent: {}
[209.737005] (-) TimerEvent: {}
[209.837779] (-) TimerEvent: {}
[209.938503] (-) TimerEvent: {}
[210.039195] (-) TimerEvent: {}
[210.139959] (-) TimerEvent: {}
[210.240782] (-) TimerEvent: {}
[210.341510] (-) TimerEvent: {}
[210.442232] (-) TimerEvent: {}
[210.543029] (-) TimerEvent: {}
[210.643707] (-) TimerEvent: {}
[210.744370] (-) TimerEvent: {}
[210.845028] (-) TimerEvent: {}
[210.945752] (-) TimerEvent: {}
[211.046399] (-) TimerEvent: {}
[211.147931] (-) TimerEvent: {}
[211.249494] (-) TimerEvent: {}
[211.350235] (-) TimerEvent: {}
[211.451777] (-) TimerEvent: {}
[211.552550] (-) TimerEvent: {}
[211.653245] (-) TimerEvent: {}
[211.753953] (-) TimerEvent: {}
[211.854670] (-) TimerEvent: {}
[211.955416] (-) TimerEvent: {}
[212.056107] (-) TimerEvent: {}
[212.156920] (-) TimerEvent: {}
[212.257662] (-) TimerEvent: {}
[212.358395] (-) TimerEvent: {}
[212.459089] (-) TimerEvent: {}
[212.559853] (-) TimerEvent: {}
[212.660687] (-) TimerEvent: {}
[212.761406] (-) TimerEvent: {}
[212.862100] (-) TimerEvent: {}
[212.962869] (-) TimerEvent: {}
[213.063583] (-) TimerEvent: {}
[213.164328] (-) TimerEvent: {}
[213.264973] (-) TimerEvent: {}
[213.366035] (-) TimerEvent: {}
[213.466699] (-) TimerEvent: {}
[213.567394] (-) TimerEvent: {}
[213.668281] (-) TimerEvent: {}
[213.769428] (-) TimerEvent: {}
[213.872417] (-) TimerEvent: {}
[213.974424] (-) TimerEvent: {}
[214.077414] (-) TimerEvent: {}
[214.178187] (-) TimerEvent: {}
[214.279038] (-) TimerEvent: {}
[214.379826] (-) TimerEvent: {}
[214.480488] (-) TimerEvent: {}
[214.581163] (-) TimerEvent: {}
[214.681834] (-) TimerEvent: {}
[214.782431] (-) TimerEvent: {}
[214.883126] (-) TimerEvent: {}
[214.983819] (-) TimerEvent: {}
[215.084450] (-) TimerEvent: {}
[215.185111] (-) TimerEvent: {}
[215.285805] (-) TimerEvent: {}
[215.386440] (-) TimerEvent: {}
[215.487071] (-) TimerEvent: {}
[215.587698] (-) TimerEvent: {}
[215.688309] (-) TimerEvent: {}
[215.789121] (-) TimerEvent: {}
[215.890320] (-) TimerEvent: {}
[215.991211] (-) TimerEvent: {}
[216.091895] (-) TimerEvent: {}
[216.192525] (-) TimerEvent: {}
[216.293330] (-) TimerEvent: {}
[216.393992] (-) TimerEvent: {}
[216.494618] (-) TimerEvent: {}
[216.595206] (-) TimerEvent: {}
[216.695953] (-) TimerEvent: {}
[216.796556] (-) TimerEvent: {}
[216.897197] (-) TimerEvent: {}
[216.997835] (-) TimerEvent: {}
[217.098436] (-) TimerEvent: {}
[217.199042] (-) TimerEvent: {}
[217.299679] (-) TimerEvent: {}
[217.400324] (-) TimerEvent: {}
[217.500964] (-) TimerEvent: {}
[217.601587] (-) TimerEvent: {}
[217.702219] (-) TimerEvent: {}
[217.802837] (-) TimerEvent: {}
[217.903641] (-) TimerEvent: {}
[218.004242] (-) TimerEvent: {}
[218.104993] (-) TimerEvent: {}
[218.207414] (-) TimerEvent: {}
[218.308218] (-) TimerEvent: {}
[218.409028] (-) TimerEvent: {}
[218.509684] (-) TimerEvent: {}
[218.610355] (-) TimerEvent: {}
[218.711023] (-) TimerEvent: {}
[218.811744] (-) TimerEvent: {}
[218.912398] (-) TimerEvent: {}
[219.013052] (-) TimerEvent: {}
[219.113734] (-) TimerEvent: {}
[219.214400] (-) TimerEvent: {}
[219.315053] (-) TimerEvent: {}
[219.415772] (-) TimerEvent: {}
[219.516436] (-) TimerEvent: {}
[219.617077] (-) TimerEvent: {}
[219.717744] (-) TimerEvent: {}
[219.818391] (-) TimerEvent: {}
[219.919030] (-) TimerEvent: {}
[220.019724] (-) TimerEvent: {}
[220.120529] (-) TimerEvent: {}
[220.223409] (-) TimerEvent: {}
[220.324202] (-) TimerEvent: {}
[220.426646] (-) TimerEvent: {}
[220.529403] (-) TimerEvent: {}
[220.630182] (-) TimerEvent: {}
[220.731007] (-) TimerEvent: {}
[220.832095] (-) TimerEvent: {}
[220.932823] (-) TimerEvent: {}
[221.033504] (-) TimerEvent: {}
[221.134180] (-) TimerEvent: {}
[221.234858] (-) TimerEvent: {}
[221.335585] (-) TimerEvent: {}
[221.436241] (-) TimerEvent: {}
[221.536900] (-) TimerEvent: {}
[221.637485] (-) TimerEvent: {}
[221.738096] (-) TimerEvent: {}
[221.838732] (-) TimerEvent: {}
[221.939349] (-) TimerEvent: {}
[222.039955] (-) TimerEvent: {}
[222.140539] (-) TimerEvent: {}
[222.241143] (-) TimerEvent: {}
[222.341754] (-) TimerEvent: {}
[222.442371] (-) TimerEvent: {}
[222.542976] (-) TimerEvent: {}
[222.643641] (-) TimerEvent: {}
[222.744303] (-) TimerEvent: {}
[222.844947] (-) TimerEvent: {}
[222.945749] (-) TimerEvent: {}
[223.046468] (-) TimerEvent: {}
[223.147170] (-) TimerEvent: {}
[223.247766] (-) TimerEvent: {}
[223.348431] (-) TimerEvent: {}
[223.449032] (-) TimerEvent: {}
[223.549658] (-) TimerEvent: {}
[223.650283] (-) TimerEvent: {}
[223.750889] (-) TimerEvent: {}
[223.851530] (-) TimerEvent: {}
[223.952140] (-) TimerEvent: {}
[224.052793] (-) TimerEvent: {}
[224.153407] (-) TimerEvent: {}
[224.254012] (-) TimerEvent: {}
[224.354586] (-) TimerEvent: {}
[224.455182] (-) TimerEvent: {}
[224.555907] (-) TimerEvent: {}
[224.656508] (-) TimerEvent: {}
[224.757069] (-) TimerEvent: {}
[224.857783] (-) TimerEvent: {}
[224.958425] (-) TimerEvent: {}
[225.059060] (-) TimerEvent: {}
[225.162541] (-) TimerEvent: {}
[225.268366] (-) TimerEvent: {}
[225.369088] (-) TimerEvent: {}
[225.469740] (-) TimerEvent: {}
[225.570432] (-) TimerEvent: {}
[225.671098] (-) TimerEvent: {}
[225.771780] (-) TimerEvent: {}
[225.872453] (-) TimerEvent: {}
[225.973248] (-) TimerEvent: {}
[226.073981] (-) TimerEvent: {}
[226.174700] (-) TimerEvent: {}
[226.275382] (-) TimerEvent: {}
[226.376104] (-) TimerEvent: {}
[226.476826] (-) TimerEvent: {}
[226.577509] (-) TimerEvent: {}
[226.678201] (-) TimerEvent: {}
[226.778867] (-) TimerEvent: {}
[226.883410] (-) TimerEvent: {}
[226.984165] (-) TimerEvent: {}
[227.085100] (-) TimerEvent: {}
[227.188997] (-) TimerEvent: {}
[227.291604] (-) TimerEvent: {}
[227.392318] (-) TimerEvent: {}
[227.493058] (-) TimerEvent: {}
[227.593772] (-) TimerEvent: {}
[227.694528] (-) TimerEvent: {}
[227.795361] (-) TimerEvent: {}
[227.895973] (-) TimerEvent: {}
[227.996585] (-) TimerEvent: {}
[228.097187] (-) TimerEvent: {}
[228.197871] (-) TimerEvent: {}
[228.298419] (-) TimerEvent: {}
[228.399011] (-) TimerEvent: {}
[228.499622] (-) TimerEvent: {}
[228.600215] (-) TimerEvent: {}
[228.700904] (-) TimerEvent: {}
[228.801538] (-) TimerEvent: {}
[228.902194] (-) TimerEvent: {}
[229.002863] (-) TimerEvent: {}
[229.103507] (-) TimerEvent: {}
[229.204157] (-) TimerEvent: {}
[229.304828] (-) TimerEvent: {}
[229.405429] (-) TimerEvent: {}
[229.506083] (-) TimerEvent: {}
[229.606777] (-) TimerEvent: {}
[229.707442] (-) TimerEvent: {}
[229.808181] (-) TimerEvent: {}
[229.908843] (-) TimerEvent: {}
[230.009691] (-) TimerEvent: {}
[230.111101] (-) TimerEvent: {}
[230.211996] (-) TimerEvent: {}
[230.312767] (-) TimerEvent: {}
[230.414178] (-) TimerEvent: {}
[230.516726] (-) TimerEvent: {}
[230.618110] (-) TimerEvent: {}
[230.719711] (-) TimerEvent: {}
[230.820454] (-) TimerEvent: {}
[230.921144] (-) TimerEvent: {}
[231.021812] (-) TimerEvent: {}
[231.122742] (-) TimerEvent: {}
[231.223877] (-) TimerEvent: {}
[231.325632] (-) TimerEvent: {}
[231.427306] (-) TimerEvent: {}
[231.528236] (-) TimerEvent: {}
[231.628979] (-) TimerEvent: {}
[231.729754] (-) TimerEvent: {}
[231.830520] (-) TimerEvent: {}
[231.931324] (-) TimerEvent: {}
[232.032596] (-) TimerEvent: {}
[232.133925] (-) TimerEvent: {}
[232.234752] (-) TimerEvent: {}
[232.335558] (-) TimerEvent: {}
[232.436340] (-) TimerEvent: {}
[232.537162] (-) TimerEvent: {}
[232.640406] (-) TimerEvent: {}
[232.741315] (-) TimerEvent: {}
[232.826646] (simple_robot) StdoutLine: {'line': b'[ 75%] \x1b[32m\x1b[1mLinking CXX shared library libgrid_map.so\x1b[0m\n'}
[232.841991] (-) TimerEvent: {}
[232.943416] (-) TimerEvent: {}
[233.046398] (-) TimerEvent: {}
[233.147323] (-) TimerEvent: {}
[233.252444] (-) TimerEvent: {}
[233.353431] (-) TimerEvent: {}
[233.454422] (-) TimerEvent: {}
[233.558095] (-) TimerEvent: {}
[233.659171] (-) TimerEvent: {}
[233.760162] (-) TimerEvent: {}
[233.862736] (-) TimerEvent: {}
[233.965783] (-) TimerEvent: {}
[234.067731] (-) TimerEvent: {}
[234.168717] (-) TimerEvent: {}
[234.269846] (-) TimerEvent: {}
[234.372328] (-) TimerEvent: {}
[234.473921] (-) TimerEvent: {}
[234.577511] (-) TimerEvent: {}
[234.680054] (-) TimerEvent: {}
[234.782539] (-) TimerEvent: {}
[234.886646] (-) TimerEvent: {}
[234.988555] (-) TimerEvent: {}
[235.092615] (-) TimerEvent: {}
[235.193687] (-) TimerEvent: {}
[235.295244] (-) TimerEvent: {}
[235.398437] (-) TimerEvent: {}
[235.499361] (-) TimerEvent: {}
[235.600246] (-) TimerEvent: {}
[235.701708] (-) TimerEvent: {}
[235.804810] (-) TimerEvent: {}
[235.907419] (-) TimerEvent: {}
[236.009353] (-) TimerEvent: {}
[236.110424] (-) TimerEvent: {}
[236.213697] (-) TimerEvent: {}
[236.314824] (-) TimerEvent: {}
[236.415827] (-) TimerEvent: {}
[236.518784] (-) TimerEvent: {}
[236.620224] (-) TimerEvent: {}
[236.721296] (-) TimerEvent: {}
[236.824357] (-) TimerEvent: {}
[236.925302] (-) TimerEvent: {}
[237.027342] (-) TimerEvent: {}
[237.131347] (-) TimerEvent: {}
[237.233444] (-) TimerEvent: {}
[237.334403] (-) TimerEvent: {}
[237.435390] (-) TimerEvent: {}
[237.536326] (-) TimerEvent: {}
[237.637143] (-) TimerEvent: {}
[237.737980] (-) TimerEvent: {}
[237.838790] (-) TimerEvent: {}
[237.942425] (-) TimerEvent: {}
[238.047434] (-) TimerEvent: {}
[238.148369] (-) TimerEvent: {}
[238.251464] (-) TimerEvent: {}
[238.358416] (-) TimerEvent: {}
[238.459325] (-) TimerEvent: {}
[238.560175] (-) TimerEvent: {}
[238.660908] (-) TimerEvent: {}
[238.761681] (-) TimerEvent: {}
[238.862446] (-) TimerEvent: {}
[238.963181] (-) TimerEvent: {}
[239.063910] (-) TimerEvent: {}
[239.096043] (simple_robot) StdoutLine: {'line': b'[100%] Built target grid_map\n'}
[239.164102] (-) TimerEvent: {}
[239.167888] (simple_robot) CommandEnded: {'returncode': 0}
[239.171292] (simple_robot) JobProgress: {'identifier': 'simple_robot', 'progress': 'install'}
[239.228844] (simple_robot) Command: {'cmd': ['/usr/bin/cmake', '--install', '/home/martina/rp_project/robot-programming-project/src/simple_robot/build/simple_robot'], 'cwd': '/home/martina/rp_project/robot-programming-project/src/simple_robot/build/simple_robot', 'env': OrderedDict([('GJS_DEBUG_TOPICS', 'JS ERROR;JS LOG'), ('LESSOPEN', '| /usr/bin/env /usr/bin/lesspipe %s 2>/dev/null'), ('CONDA_PROMPT_MODIFIER', '(base)'), ('LC_TIME', 'it_IT.UTF-8'), ('USER', 'martina'), ('XDG_SESSION_TYPE', 'wayland'), ('GIT_ASKPASS', '/usr/share/code/resources/app/extensions/git/dist/askpass.sh'), ('SHLVL', '2'), ('LD_LIBRARY_PATH', '/opt/ros/humble/opt/rviz_ogre_vendor/lib:/opt/ros/humble/lib/x86_64-linux-gnu:/opt/ros/humble/lib::/home/martina/.mujoco/mujoco210/bin:/usr/lib/nvidia:~/anaconda3/lib'), ('HOME', '/home/martina'), ('OLDPWD', '/home/martina/rp_project/robot-programming-project/src/simple_robot'), ('CHROME_DESKTOP', 'code.desktop'), ('TERMINFO', '/home/martina/.terminfo'), ('LESS', '-iRFXMx4'), ('CONDA_SHLVL', '1'), ('DESKTOP_SESSION', 'ubuntu'), ('TERM_PROGRAM_VERSION', '1.97.2'), ('GIO_LAUNCHED_DESKTOP_FILE', '/usr/share/applications/code.desktop'), ('LSCOLORS', 'ExGxDxDxCxDxDxFxFxexEx'), ('GTK_MODULES', 'gail:atk-bridge'), ('GNOME_SHELL_SESSION_MODE', 'ubuntu'), ('VSCODE_GIT_ASKPASS_MAIN', '/usr/share/code/resources/app/extensions/git/dist/askpass-main.js'), ('PAGER', 'less'), ('ROS_PYTHON_VERSION', '3'), ('LC_MONETARY', 'it_IT.UTF-8'), ('MANAGERPID', '935'), ('VSCODE_GIT_ASKPASS_NODE', '/usr/share/code/code'), ('SYSTEMD_EXEC_PID', '1150'), ('DBUS_SESSION_BUS_ADDRESS', 'unix:path=/run/user/1000/bus'), ('P9K_TTY', 'old'), ('GIO_LAUNCHED_DESKTOP_FILE_PID', '3888'), ('COLORTERM', 'truecolor'), ('_CE_M', ''), ('WAYLAND_DISPLAY', 'wayland-0'), ('INFOPATH', ''), ('ROS_DISTRO', 'humble'), ('COLCON_PREFIX_PATH', '/home/martina/rp_project/robot-programming-project/install'), ('LOGNAME', 'martina'), ('_', '/usr/bin/colcon'), ('JOURNAL_STREAM', '8:10888'), ('_P9K_SSH_TTY', '/dev/pts/0'), ('XDG_SESSION_CLASS', 'user'), ('USER_ZDOTDIR', '/home/martina'), ('ROS_VERSION', '2'), ('USERNAME', 'martina'), ('TERM', 'xterm-256color'), ('GNOME_DESKTOP_SESSION_ID', 'this-is-deprecated'), ('_CE_CONDA', ''), ('ROS_LOCALHOST_ONLY', '0'), ('PATH', '/opt/ros/humble/bin:/home/martina/.local/bin:/home/martina/.local/bin:/usr/lib/ccache:.:/home/martina/.mujoco/mujoco210/bin:/usr/lib/nvidia:/home/martina/anaconda3/condabin:/home/martina/bin:/home/martina/.local/bin:/usr/local/sbin:/usr/local/bin:/usr/sbin:/usr/bin:/sbin:/bin:/usr/games:/usr/local/games:/snap/bin:/home/martina/.cache/zsh4humans/v5/fzf/bin:/home/martina/other/install/bin'), ('SESSION_MANAGER', 'local/Martina-ThinkPad-X1-Yoga:@/tmp/.ICE-unix/1101,unix/Martina-ThinkPad-X1-Yoga:/tmp/.ICE-unix/1101'), ('INVOCATION_ID', '1c6ef4f92b04498681378ae68fe5b9c7'), ('LC_ADDRESS', 'it_IT.UTF-8'), ('XDG_RUNTIME_DIR', '/run/user/1000'), ('XDG_MENU_PREFIX', 'gnome-'), ('GNOME_SETUP_DISPLAY', ':1'), ('GDK_BACKEND', 'x11'), ('DISPLAY', ':0'), ('LANG', 'en_US.UTF-8'), ('LC_TELEPHONE', 'it_IT.UTF-8'), ('XDG_CURRENT_DESKTOP', 'Unity'), ('VSCODE_INJECTION', '1'), ('LD_PRELOAD', ':/usr/lib/x86_64-linux-gnu/libGLEW.so'), ('XDG_SESSION_DESKTOP', 'ubuntu'), ('XMODIFIERS', '@im=ibus'), ('XAUTHORITY', '/run/user/1000/.mutter-Xwaylandauth.HIED22'), ('TERM_PROGRAM', 'vscode'), ('VSCODE_GIT_IPC_HANDLE', '/run/user/1000/vscode-git-f640f2b3f6.sock'), ('LS_COLORS', 'fi=00:mi=00:mh=00:ln=01;36:or=01;31:di=01;34:ow=04;01;34:st=34:tw=04;34:pi=01;33:so=01;33:do=01;33:bd=01;33:cd=01;33:su=01;35:sg=01;35:ca=01;35:ex=01;32:no=38;5;248'), ('TREE_COLORS', 'fi=00:mi=00:mh=00:ln=01;36:or=01;31:di=01;34:ow=01;34:st=34:tw=34:pi=01;33:so=01;33:do=01;33:bd=01;33:cd=01;33:su=01;35:sg=01;35:ca=01;35:ex=01;32'), ('SSH_AGENT_LAUNCHER', 'gnome-keyring'), ('SSH_AUTH_SOCK', '/run/user/1000/keyring/ssh'), ('ORIGINAL_XDG_CURRENT_DESKTOP', 'ubuntu:GNOME'), ('CONDA_PYTHON_EXE', '/home/martina/anaconda3/bin/python'), ('AMENT_PREFIX_PATH', '/home/martina/rp_project/robot-programming-project/install/simple_robot:/opt/ros/humble'), ('LC_NAME', 'it_IT.UTF-8'), ('SHELL', '/usr/local/bin/zsh'), ('DEST', '/home/martina/other/install'), ('QT_ACCESSIBILITY', '1'), ('GDMSESSION', 'ubuntu'), ('CONDA_DEFAULT_ENV', 'base'), ('LC_MEASUREMENT', 'it_IT.UTF-8'), ('LC_IDENTIFICATION', 'it_IT.UTF-8'), ('GJS_DEBUG_OUTPUT', 'stderr'), ('P9K_SSH', '0'), ('QT_IM_MODULE', 'ibus'), ('VSCODE_GIT_ASKPASS_EXTRA_ARGS', ''), ('VSCODE_NONCE', '54dcb112-afcc-4c20-b10a-51290a02c083'), ('LC_ALL', 'en_US.UTF-8'), ('PWD', '/home/martina/rp_project/robot-programming-project/src/simple_robot/build/simple_robot'), ('GPG_TTY', '/dev/pts/0'), ('XDG_DATA_DIRS', '/usr/local/share/:/usr/share/:/var/lib/snapd/desktop'), ('ZDOTDIR', '/home/martina'), ('_P9K_TTY', '/dev/pts/0'), ('CONDA_EXE', '/home/martina/anaconda3/bin/conda'), ('LC_NUMERIC', 'it_IT.UTF-8'), ('PYTHONPATH', '/opt/ros/humble/lib/python3.10/site-packages:/opt/ros/humble/local/lib/python3.10/dist-packages:/home/martina/other/install/lib/python3.10/site-packages/'), ('LC_PAPER', 'it_IT.UTF-8'), ('CONDA_PREFIX', '/home/martina/anaconda3'), ('COLCON', '1'), ('MANPATH', '/usr/local/share/man:/home/martina/.cache/zsh4humans/v5/fzf/man:'), ('CMAKE_PREFIX_PATH', '/home/martina/rp_project/robot-programming-project/install/simple_robot:/opt/ros/humble')]), 'shell': False}
[239.264365] (-) TimerEvent: {}
[239.280570] (simple_robot) StdoutLine: {'line': b'-- Install configuration: ""\n'}
[239.282994] (simple_robot) StdoutLine: {'line': b'-- Installing: /home/martina/rp_project/robot-programming-project/src/simple_robot/install/simple_robot/lib/simple_robot/robot_map_node\n'}
[239.332106] (simple_robot) StdoutLine: {'line': b'-- Set runtime path of "/home/martina/rp_project/robot-programming-project/src/simple_robot/install/simple_robot/lib/simple_robot/robot_map_node" to ""\n'}
[239.333481] (simple_robot) StdoutLine: {'line': b'-- Up-to-date: /home/martina/rp_project/robot-programming-project/src/simple_robot/install/simple_robot/share/ament_index/resource_index/package_run_dependencies/simple_robot\n'}
[239.334061] (simple_robot) StdoutLine: {'line': b'-- Up-to-date: /home/martina/rp_project/robot-programming-project/src/simple_robot/install/simple_robot/share/ament_index/resource_index/parent_prefix_path/simple_robot\n'}
[239.334903] (simple_robot) StdoutLine: {'line': b'-- Up-to-date: /home/martina/rp_project/robot-programming-project/src/simple_robot/install/simple_robot/share/simple_robot/environment/ament_prefix_path.sh\n'}
[239.336058] (simple_robot) StdoutLine: {'line': b'-- Installing: /home/martina/rp_project/robot-programming-project/src/simple_robot/install/simple_robot/share/simple_robot/environment/ament_prefix_path.dsv\n'}
[239.336807] (simple_robot) StdoutLine: {'line': b'-- Up-to-date: /home/martina/rp_project/robot-programming-project/src/simple_robot/install/simple_robot/share/simple_robot/environment/path.sh\n'}
[239.337377] (simple_robot) StdoutLine: {'line': b'-- Installing: /home/martina/rp_project/robot-programming-project/src/simple_robot/install/simple_robot/share/simple_robot/environment/path.dsv\n'}
[239.337829] (simple_robot) StdoutLine: {'line': b'-- Up-to-date: /home/martina/rp_project/robot-programming-project/src/simple_robot/install/simple_robot/share/simple_robot/local_setup.bash\n'}
[239.338252] (simple_robot) StdoutLine: {'line': b'-- Up-to-date: /home/martina/rp_project/robot-programming-project/src/simple_robot/install/simple_robot/share/simple_robot/local_setup.sh\n'}
[239.338709] (simple_robot) StdoutLine: {'line': b'-- Up-to-date: /home/martina/rp_project/robot-programming-project/src/simple_robot/install/simple_robot/share/simple_robot/local_setup.zsh\n'}
[239.340038] (simple_robot) StdoutLine: {'line': b'-- Installing: /home/martina/rp_project/robot-programming-project/src/simple_robot/install/simple_robot/share/simple_robot/local_setup.dsv\n'}
[239.340543] (simple_robot) StdoutLine: {'line': b'-- Installing: /home/martina/rp_project/robot-programming-project/src/simple_robot/install/simple_robot/share/simple_robot/package.dsv\n'}
[239.340958] (simple_robot) StdoutLine: {'line': b'-- Up-to-date: /home/martina/rp_project/robot-programming-project/src/simple_robot/install/simple_robot/share/ament_index/resource_index/packages/simple_robot\n'}
[239.341390] (simple_robot) StdoutLine: {'line': b'-- Up-to-date: /home/martina/rp_project/robot-programming-project/src/simple_robot/install/simple_robot/share/simple_robot/cmake/simple_robotConfig.cmake\n'}
[239.341811] (simple_robot) StdoutLine: {'line': b'-- Up-to-date: /home/martina/rp_project/robot-programming-project/src/simple_robot/install/simple_robot/share/simple_robot/cmake/simple_robotConfig-version.cmake\n'}
[239.342207] (simple_robot) StdoutLine: {'line': b'-- Up-to-date: /home/martina/rp_project/robot-programming-project/src/simple_robot/install/simple_robot/share/simple_robot/package.xml\n'}
[239.350950] (simple_robot) CommandEnded: {'returncode': 0}
[239.364623] (-) TimerEvent: {}
[239.469957] (-) TimerEvent: {}
[239.498842] (simple_robot) JobEnded: {'identifier': 'simple_robot', 'rc': 0}
[239.508128] (-) EventReactorShutdown: {}
