[0.000000] (-) TimerEvent: {}
[0.007186] (simple_robot) JobQueued: {'identifier': 'simple_robot', 'dependencies': OrderedDict()}
[0.010388] (simple_robot) JobStarted: {'identifier': 'simple_robot'}
[0.104125] (-) TimerEvent: {}
[0.118553] (simple_robot) JobProgress: {'identifier': 'simple_robot', 'progress': 'cmake'}
[0.131150] (simple_robot) Command: {'cmd': ['/usr/bin/cmake', '/home/martina/rp_project/robot-programming-project/src/simple_robot', '-DCMAKE_INSTALL_PREFIX=/home/martina/rp_project/robot-programming-project/src/simple_robot/install/simple_robot'], 'cwd': '/home/martina/rp_project/robot-programming-project/src/simple_robot/build/simple_robot', 'env': OrderedDict([('GJS_DEBUG_TOPICS', 'JS ERROR;JS LOG'), ('LESSOPEN', '| /usr/bin/env /usr/bin/lesspipe %s 2>/dev/null'), ('CONDA_PROMPT_MODIFIER', '(base)'), ('LC_TIME', 'it_IT.UTF-8'), ('USER', 'martina'), ('XDG_SESSION_TYPE', 'wayland'), ('GIT_ASKPASS', '/usr/share/code/resources/app/extensions/git/dist/askpass.sh'), ('SHLVL', '2'), ('LD_LIBRARY_PATH', '/opt/ros/humble/opt/rviz_ogre_vendor/lib:/opt/ros/humble/lib/x86_64-linux-gnu:/opt/ros/humble/lib::/home/martina/.mujoco/mujoco210/bin:/usr/lib/nvidia:~/anaconda3/lib:/home/martina/.mujoco/mujoco210/bin:/usr/lib/nvidia:~/anaconda3/lib'), ('HOME', '/home/martina'), ('OLDPWD', '/home/martina/rp_project/robot-programming-project/src/simple_robot'), ('CHROME_DESKTOP', 'code.desktop'), ('TERMINFO', '/home/martina/.terminfo'), ('LESS', '-iRFXMx4'), ('CONDA_SHLVL', '1'), ('DESKTOP_SESSION', 'ubuntu'), ('TERM_PROGRAM_VERSION', '1.97.2'), ('GIO_LAUNCHED_DESKTOP_FILE', '/usr/share/applications/code.desktop'), ('LSCOLORS', 'ExGxDxDxCxDxDxFxFxexEx'), ('DEBUGPY_ADAPTER_ENDPOINTS', '/home/martina/.vscode/extensions/ms-python.debugpy-2025.0.1-linux-x64/.noConfigDebugAdapterEndpoints/endpoint-b61d1dfa1e5dfede.txt'), ('GTK_MODULES', 'gail:atk-bridge'), ('GNOME_SHELL_SESSION_MODE', 'ubuntu'), ('PAGER', 'less'), ('ROS_PYTHON_VERSION', '3'), ('VSCODE_GIT_ASKPASS_MAIN', '/usr/share/code/resources/app/extensions/git/dist/askpass-main.js'), ('LC_MONETARY', 'it_IT.UTF-8'), ('MANAGERPID', '861'), ('VSCODE_GIT_ASKPASS_NODE', '/usr/share/code/code'), ('SYSTEMD_EXEC_PID', '1099'), ('DBUS_SESSION_BUS_ADDRESS', 'unix:path=/run/user/1000/bus'), ('PYDEVD_DISABLE_FILE_VALIDATION', '1'), ('BUNDLED_DEBUGPY_PATH', '/home/martina/.vscode/extensions/ms-python.debugpy-2025.0.1-linux-x64/bundled/libs/debugpy'), ('P9K_TTY', 'old'), ('GIO_LAUNCHED_DESKTOP_FILE_PID', '203842'), ('_CE_M', ''), ('COLORTERM', 'truecolor'), ('WAYLAND_DISPLAY', 'wayland-0'), ('ROS_DISTRO', 'humble'), ('COLCON_PREFIX_PATH', '/home/martina/rp_project/robot-programming-project/install'), ('INFOPATH', ''), ('LOGNAME', 'martina'), ('_', '/usr/bin/colcon'), ('JOURNAL_STREAM', '8:10438'), ('_P9K_SSH_TTY', '/dev/pts/0'), ('XDG_SESSION_CLASS', 'user'), ('ROS_VERSION', '2'), ('USER_ZDOTDIR', '/home/martina'), ('USERNAME', 'martina'), ('TERM', 'xterm-256color'), ('GNOME_DESKTOP_SESSION_ID', 'this-is-deprecated'), ('_CE_CONDA', ''), ('ROS_LOCALHOST_ONLY', '0'), ('PATH', '/opt/ros/humble/bin:/home/martina/.local/bin:/home/martina/.local/bin:/usr/lib/ccache:.:/home/martina/.mujoco/mujoco210/bin:/usr/lib/nvidia:/home/martina/anaconda3/condabin:/home/martina/bin:/home/martina/.local/bin:/usr/local/sbin:/usr/local/bin:/usr/sbin:/usr/bin:/sbin:/bin:/usr/games:/usr/local/games:/snap/bin:/home/martina/.cache/zsh4humans/v5/fzf/bin:/home/martina/other/install/bin'), ('SESSION_MANAGER', 'local/Martina-ThinkPad-X1-Yoga:@/tmp/.ICE-unix/1062,unix/Martina-ThinkPad-X1-Yoga:/tmp/.ICE-unix/1062'), ('INVOCATION_ID', 'd41eea5a77214ff18af65c9f647aefff'), ('LC_ADDRESS', 'it_IT.UTF-8'), ('XDG_RUNTIME_DIR', '/run/user/1000'), ('XDG_MENU_PREFIX', 'gnome-'), ('GNOME_SETUP_DISPLAY', ':1'), ('GDK_BACKEND', 'x11'), ('DISPLAY', ':0'), ('LANG', 'en_US.UTF-8'), ('LC_TELEPHONE', 'it_IT.UTF-8'), ('XDG_CURRENT_DESKTOP', 'Unity'), ('LD_PRELOAD', ':/usr/lib/x86_64-linux-gnu/libGLEW.so:/usr/lib/x86_64-linux-gnu/libGLEW.so'), ('VSCODE_INJECTION', '1'), ('XDG_SESSION_DESKTOP', 'ubuntu'), ('XMODIFIERS', '@im=ibus'), ('XAUTHORITY', '/run/user/1000/.mutter-Xwaylandauth.2DKN22'), ('LS_COLORS', 'fi=00:mi=00:mh=00:ln=01;36:or=01;31:di=01;34:ow=04;01;34:st=34:tw=04;34:pi=01;33:so=01;33:do=01;33:bd=01;33:cd=01;33:su=01;35:sg=01;35:ca=01;35:ex=01;32:no=38;5;248'), ('TREE_COLORS', 'fi=00:mi=00:mh=00:ln=01;36:or=01;31:di=01;34:ow=01;34:st=34:tw=34:pi=01;33:so=01;33:do=01;33:bd=01;33:cd=01;33:su=01;35:sg=01;35:ca=01;35:ex=01;32'), ('TERM_PROGRAM', 'vscode'), ('VSCODE_GIT_IPC_HANDLE', '/run/user/1000/vscode-git-f640f2b3f6.sock'), ('SSH_AGENT_LAUNCHER', 'gnome-keyring'), ('SSH_AUTH_SOCK', '/run/user/1000/keyring/ssh'), ('ORIGINAL_XDG_CURRENT_DESKTOP', 'ubuntu:GNOME'), ('CONDA_PYTHON_EXE', '/home/martina/anaconda3/bin/python'), ('AMENT_PREFIX_PATH', '/home/martina/rp_project/robot-programming-project/install/simple_robot:/opt/ros/humble'), ('LC_NAME', 'it_IT.UTF-8'), ('SHELL', '/usr/local/bin/zsh'), ('DEST', '/home/martina/other/install'), ('QT_ACCESSIBILITY', '1'), ('GDMSESSION', 'ubuntu'), ('CONDA_DEFAULT_ENV', 'base'), ('LC_MEASUREMENT', 'it_IT.UTF-8'), ('LC_IDENTIFICATION', 'it_IT.UTF-8'), ('GJS_DEBUG_OUTPUT', 'stderr'), ('P9K_SSH', '0'), ('QT_IM_MODULE', 'ibus'), ('VSCODE_GIT_ASKPASS_EXTRA_ARGS', ''), ('VSCODE_NONCE', 'a7161ded-a4be-401b-bdce-92ccf5224d1f'), ('LC_ALL', 'en_US.UTF-8'), ('PWD', '/home/martina/rp_project/robot-programming-project/src/simple_robot/build/simple_robot'), ('GPG_TTY', '/dev/pts/0'), ('XDG_DATA_DIRS', '/usr/local/share/:/usr/share/:/var/lib/snapd/desktop'), ('CONDA_EXE', '/home/martina/anaconda3/bin/conda'), ('ZDOTDIR', '/home/martina'), ('_P9K_TTY', '/dev/pts/0'), ('LC_NUMERIC', 'it_IT.UTF-8'), ('PYTHONPATH', '/opt/ros/humble/lib/python3.10/site-packages:/opt/ros/humble/local/lib/python3.10/dist-packages:/home/martina/other/install/lib/python3.10/site-packages/'), ('LC_PAPER', 'it_IT.UTF-8'), ('CONDA_PREFIX', '/home/martina/anaconda3'), ('COLCON', '1'), ('MANPATH', '/usr/local/share/man:/home/martina/.cache/zsh4humans/v5/fzf/man:'), ('CMAKE_PREFIX_PATH', '/home/martina/rp_project/robot-programming-project/install/simple_robot:/opt/ros/humble')]), 'shell': False}
[0.204355] (-) TimerEvent: {}
[0.310514] (-) TimerEvent: {}
[0.415026] (-) TimerEvent: {}
[0.526158] (-) TimerEvent: {}
[0.627239] (-) TimerEvent: {}
[0.731442] (-) TimerEvent: {}
[0.839061] (-) TimerEvent: {}
[0.942178] (-) TimerEvent: {}
[1.046368] (-) TimerEvent: {}
[1.149558] (-) TimerEvent: {}
[1.253276] (-) TimerEvent: {}
[1.364162] (-) TimerEvent: {}
[1.383013] (simple_robot) StdoutLine: {'line': b'-- The C compiler identification is GNU 11.4.0\n'}
[1.467215] (-) TimerEvent: {}
[1.568363] (-) TimerEvent: {}
[1.674205] (-) TimerEvent: {}
[1.778195] (-) TimerEvent: {}
[1.880240] (-) TimerEvent: {}
[1.989219] (-) TimerEvent: {}
[2.097455] (-) TimerEvent: {}
[2.201518] (-) TimerEvent: {}
[2.306601] (-) TimerEvent: {}
[2.412840] (-) TimerEvent: {}
[2.521471] (-) TimerEvent: {}
[2.549799] (simple_robot) StdoutLine: {'line': b'-- The CXX compiler identification is GNU 11.4.0\n'}
[2.621691] (-) TimerEvent: {}
[2.723287] (-) TimerEvent: {}
[2.769943] (simple_robot) StdoutLine: {'line': b'-- Detecting C compiler ABI info\n'}
[2.828225] (-) TimerEvent: {}
[2.930003] (-) TimerEvent: {}
[3.032832] (-) TimerEvent: {}
[3.136499] (-) TimerEvent: {}
[3.238703] (-) TimerEvent: {}
[3.340162] (-) TimerEvent: {}
[3.442536] (-) TimerEvent: {}
[3.544705] (-) TimerEvent: {}
[3.627492] (simple_robot) StdoutLine: {'line': b'-- Detecting C compiler ABI info - done\n'}
[3.646210] (-) TimerEvent: {}
[3.750923] (-) TimerEvent: {}
[3.789023] (simple_robot) StdoutLine: {'line': b'-- Check for working C compiler: /usr/lib/ccache/cc - skipped\n'}
[3.797553] (simple_robot) StdoutLine: {'line': b'-- Detecting C compile features\n'}
[3.827167] (simple_robot) StdoutLine: {'line': b'-- Detecting C compile features - done\n'}
[3.857173] (-) TimerEvent: {}
[3.959835] (-) TimerEvent: {}
[3.970273] (simple_robot) StdoutLine: {'line': b'-- Detecting CXX compiler ABI info\n'}
[4.066818] (-) TimerEvent: {}
[4.173062] (-) TimerEvent: {}
[4.275847] (-) TimerEvent: {}
[4.382190] (-) TimerEvent: {}
[4.483422] (-) TimerEvent: {}
[4.589353] (-) TimerEvent: {}
[4.693148] (-) TimerEvent: {}
[4.796790] (-) TimerEvent: {}
[4.899381] (-) TimerEvent: {}
[5.007794] (-) TimerEvent: {}
[5.108754] (-) TimerEvent: {}
[5.215533] (-) TimerEvent: {}
[5.319197] (-) TimerEvent: {}
[5.422229] (-) TimerEvent: {}
[5.525810] (-) TimerEvent: {}
[5.629762] (-) TimerEvent: {}
[5.733885] (-) TimerEvent: {}
[5.828356] (simple_robot) StdoutLine: {'line': b'-- Detecting CXX compiler ABI info - done\n'}
[5.839021] (-) TimerEvent: {}
[5.939813] (-) TimerEvent: {}
[5.988711] (simple_robot) StdoutLine: {'line': b'-- Check for working CXX compiler: /usr/lib/ccache/c++ - skipped\n'}
[6.003106] (simple_robot) StdoutLine: {'line': b'-- Detecting CXX compile features\n'}
[6.007246] (simple_robot) StdoutLine: {'line': b'-- Detecting CXX compile features - done\n'}
[6.040054] (-) TimerEvent: {}
[6.127175] (simple_robot) StdoutLine: {'line': b'-- Found OpenCV: /usr (found suitable version "4.5.4", minimum required is "4.5.4") \n'}
[6.142158] (-) TimerEvent: {}
[6.165117] (simple_robot) StdoutLine: {'line': b'-- Found ament_cmake: 1.3.11 (/opt/ros/humble/share/ament_cmake/cmake)\n'}
[6.242520] (-) TimerEvent: {}
[6.347165] (-) TimerEvent: {}
[6.450308] (-) TimerEvent: {}
[6.554650] (-) TimerEvent: {}
[6.659868] (-) TimerEvent: {}
[6.765404] (-) TimerEvent: {}
[6.868155] (-) TimerEvent: {}
[6.973138] (-) TimerEvent: {}
[7.074199] (-) TimerEvent: {}
[7.181851] (-) TimerEvent: {}
[7.282810] (-) TimerEvent: {}
[7.386650] (-) TimerEvent: {}
[7.490065] (-) TimerEvent: {}
[7.593401] (-) TimerEvent: {}
[7.699007] (-) TimerEvent: {}
[7.805486] (-) TimerEvent: {}
[7.910135] (-) TimerEvent: {}
[8.011487] (-) TimerEvent: {}
[8.087126] (simple_robot) StdoutLine: {'line': b'-- Found Python3: /usr/bin/python3 (found version "3.10.12") found components: Interpreter \n'}
[8.112290] (-) TimerEvent: {}
[8.217422] (-) TimerEvent: {}
[8.323109] (-) TimerEvent: {}
[8.424118] (-) TimerEvent: {}
[8.525585] (-) TimerEvent: {}
[8.631566] (-) TimerEvent: {}
[8.737138] (-) TimerEvent: {}
[8.798431] (simple_robot) StdoutLine: {'line': b'-- Found rclcpp: 16.0.11 (/opt/ros/humble/share/rclcpp/cmake)\n'}
[8.837342] (-) TimerEvent: {}
[8.939388] (-) TimerEvent: {}
[9.041015] (-) TimerEvent: {}
[9.144802] (-) TimerEvent: {}
[9.194635] (simple_robot) StdoutLine: {'line': b'-- Found rosidl_generator_c: 3.1.6 (/opt/ros/humble/share/rosidl_generator_c/cmake)\n'}
[9.232858] (simple_robot) StdoutLine: {'line': b'-- Found rosidl_adapter: 3.1.6 (/opt/ros/humble/share/rosidl_adapter/cmake)\n'}
[9.246537] (-) TimerEvent: {}
[9.309657] (simple_robot) StdoutLine: {'line': b'-- Found rosidl_generator_cpp: 3.1.6 (/opt/ros/humble/share/rosidl_generator_cpp/cmake)\n'}
[9.349488] (-) TimerEvent: {}
[9.447196] (simple_robot) StdoutLine: {'line': b'-- Using all available rosidl_typesupport_c: rosidl_typesupport_fastrtps_c;rosidl_typesupport_introspection_c\n'}
[9.451292] (-) TimerEvent: {}
[9.555332] (-) TimerEvent: {}
[9.616158] (simple_robot) StdoutLine: {'line': b'-- Using all available rosidl_typesupport_cpp: rosidl_typesupport_fastrtps_cpp;rosidl_typesupport_introspection_cpp\n'}
[9.656392] (-) TimerEvent: {}
[9.765107] (-) TimerEvent: {}
[9.868408] (-) TimerEvent: {}
[9.972515] (-) TimerEvent: {}
[10.034771] (simple_robot) StdoutLine: {'line': b'-- Found rmw_implementation_cmake: 6.1.2 (/opt/ros/humble/share/rmw_implementation_cmake/cmake)\n'}
[10.066247] (simple_robot) StdoutLine: {'line': b'-- Found rmw_fastrtps_cpp: 6.2.7 (/opt/ros/humble/share/rmw_fastrtps_cpp/cmake)\n'}
[10.084130] (-) TimerEvent: {}
[10.190168] (-) TimerEvent: {}
[10.292666] (-) TimerEvent: {}
[10.398118] (-) TimerEvent: {}
[10.499114] (-) TimerEvent: {}
[10.602458] (-) TimerEvent: {}
[10.707207] (-) TimerEvent: {}
[10.808144] (-) TimerEvent: {}
[10.911113] (-) TimerEvent: {}
[11.012888] (-) TimerEvent: {}
[11.121148] (-) TimerEvent: {}
[11.222145] (-) TimerEvent: {}
[11.323119] (-) TimerEvent: {}
[11.426103] (-) TimerEvent: {}
[11.530462] (-) TimerEvent: {}
[11.632279] (-) TimerEvent: {}
[11.670793] (simple_robot) StdoutLine: {'line': b'-- Found OpenSSL: /usr/lib/x86_64-linux-gnu/libcrypto.so (found version "3.0.2")  \n'}
[11.732485] (-) TimerEvent: {}
[11.834365] (-) TimerEvent: {}
[11.938275] (-) TimerEvent: {}
[12.012108] (simple_robot) StdoutLine: {'line': b'-- Found FastRTPS: /opt/ros/humble/include  \n'}
[12.038471] (-) TimerEvent: {}
[12.142404] (-) TimerEvent: {}
[12.243359] (-) TimerEvent: {}
[12.351013] (-) TimerEvent: {}
[12.453143] (-) TimerEvent: {}
[12.560373] (-) TimerEvent: {}
[12.665441] (-) TimerEvent: {}
[12.730667] (simple_robot) StdoutLine: {'line': b"-- Using RMW implementation 'rmw_fastrtps_cpp' as default\n"}
[12.770313] (-) TimerEvent: {}
[12.872931] (-) TimerEvent: {}
[12.900751] (simple_robot) StdoutLine: {'line': b'-- Looking for pthread.h\n'}
[12.977120] (-) TimerEvent: {}
[13.085126] (-) TimerEvent: {}
[13.187555] (-) TimerEvent: {}
[13.289045] (-) TimerEvent: {}
[13.396248] (-) TimerEvent: {}
[13.498200] (-) TimerEvent: {}
[13.603153] (-) TimerEvent: {}
[13.709287] (-) TimerEvent: {}
[13.811004] (-) TimerEvent: {}
[13.913164] (-) TimerEvent: {}
[13.969080] (simple_robot) StdoutLine: {'line': b'-- Looking for pthread.h - found\n'}
[13.977147] (simple_robot) StdoutLine: {'line': b'-- Performing Test CMAKE_HAVE_LIBC_PTHREAD\n'}
[14.014483] (-) TimerEvent: {}
[14.116361] (-) TimerEvent: {}
[14.219328] (-) TimerEvent: {}
[14.321157] (-) TimerEvent: {}
[14.423134] (-) TimerEvent: {}
[14.529080] (-) TimerEvent: {}
[14.630089] (-) TimerEvent: {}
[14.715160] (simple_robot) StdoutLine: {'line': b'-- Performing Test CMAKE_HAVE_LIBC_PTHREAD - Success\n'}
[14.726184] (simple_robot) StdoutLine: {'line': b'-- Found Threads: TRUE  \n'}
[14.732161] (-) TimerEvent: {}
[14.833497] (-) TimerEvent: {}
[14.934393] (-) TimerEvent: {}
[15.042113] (-) TimerEvent: {}
[15.143128] (-) TimerEvent: {}
[15.244136] (-) TimerEvent: {}
[15.346528] (-) TimerEvent: {}
[15.459127] (-) TimerEvent: {}
[15.482251] (simple_robot) StdoutLine: {'line': b'-- Found geometry_msgs: 4.2.4 (/opt/ros/humble/share/geometry_msgs/cmake)\n'}
[15.559890] (-) TimerEvent: {}
[15.628612] (simple_robot) StdoutLine: {'line': b'-- Found sensor_msgs: 4.2.4 (/opt/ros/humble/share/sensor_msgs/cmake)\n'}
[15.660123] (-) TimerEvent: {}
[15.763345] (-) TimerEvent: {}
[15.834106] (simple_robot) StdoutLine: {'line': b'-- Found nav_msgs: 4.2.4 (/opt/ros/humble/share/nav_msgs/cmake)\n'}
[15.865115] (-) TimerEvent: {}
[15.966022] (-) TimerEvent: {}
[16.067076] (-) TimerEvent: {}
[16.169087] (-) TimerEvent: {}
[16.184275] (simple_robot) StdoutLine: {'line': b'-- Found OpenCV: /usr (found version "4.5.4") \n'}
[16.271179] (-) TimerEvent: {}
[16.374268] (-) TimerEvent: {}
[16.476738] (-) TimerEvent: {}
[16.578260] (-) TimerEvent: {}
[16.680146] (-) TimerEvent: {}
[16.782587] (-) TimerEvent: {}
[16.882242] (simple_robot) StdoutLine: {'line': b'-- DATA_DIR: /home/martina/rp_project/robot-programming-project/src/simple_robot/data\n'}
[16.884249] (-) TimerEvent: {}
[16.885871] (simple_robot) StdoutLine: {'line': b'-- Configuring done\n'}
[16.984630] (-) TimerEvent: {}
[17.096179] (-) TimerEvent: {}
[17.204113] (simple_robot) StdoutLine: {'line': b'-- Generating done\n'}
[17.205067] (-) TimerEvent: {}
[17.271877] (simple_robot) StdoutLine: {'line': b'-- Build files have been written to: /home/martina/rp_project/robot-programming-project/src/simple_robot/build/simple_robot\n'}
[17.312063] (-) TimerEvent: {}
[17.363155] (simple_robot) CommandEnded: {'returncode': 0}
[17.388928] (simple_robot) JobProgress: {'identifier': 'simple_robot', 'progress': 'build'}
[17.394421] (simple_robot) Command: {'cmd': ['/usr/bin/cmake', '--build', '/home/martina/rp_project/robot-programming-project/src/simple_robot/build/simple_robot', '--', '-j4', '-l4'], 'cwd': '/home/martina/rp_project/robot-programming-project/src/simple_robot/build/simple_robot', 'env': OrderedDict([('GJS_DEBUG_TOPICS', 'JS ERROR;JS LOG'), ('LESSOPEN', '| /usr/bin/env /usr/bin/lesspipe %s 2>/dev/null'), ('CONDA_PROMPT_MODIFIER', '(base)'), ('LC_TIME', 'it_IT.UTF-8'), ('USER', 'martina'), ('XDG_SESSION_TYPE', 'wayland'), ('GIT_ASKPASS', '/usr/share/code/resources/app/extensions/git/dist/askpass.sh'), ('SHLVL', '2'), ('LD_LIBRARY_PATH', '/opt/ros/humble/opt/rviz_ogre_vendor/lib:/opt/ros/humble/lib/x86_64-linux-gnu:/opt/ros/humble/lib::/home/martina/.mujoco/mujoco210/bin:/usr/lib/nvidia:~/anaconda3/lib:/home/martina/.mujoco/mujoco210/bin:/usr/lib/nvidia:~/anaconda3/lib'), ('HOME', '/home/martina'), ('OLDPWD', '/home/martina/rp_project/robot-programming-project/src/simple_robot'), ('CHROME_DESKTOP', 'code.desktop'), ('TERMINFO', '/home/martina/.terminfo'), ('LESS', '-iRFXMx4'), ('CONDA_SHLVL', '1'), ('DESKTOP_SESSION', 'ubuntu'), ('TERM_PROGRAM_VERSION', '1.97.2'), ('GIO_LAUNCHED_DESKTOP_FILE', '/usr/share/applications/code.desktop'), ('LSCOLORS', 'ExGxDxDxCxDxDxFxFxexEx'), ('DEBUGPY_ADAPTER_ENDPOINTS', '/home/martina/.vscode/extensions/ms-python.debugpy-2025.0.1-linux-x64/.noConfigDebugAdapterEndpoints/endpoint-b61d1dfa1e5dfede.txt'), ('GTK_MODULES', 'gail:atk-bridge'), ('GNOME_SHELL_SESSION_MODE', 'ubuntu'), ('PAGER', 'less'), ('ROS_PYTHON_VERSION', '3'), ('VSCODE_GIT_ASKPASS_MAIN', '/usr/share/code/resources/app/extensions/git/dist/askpass-main.js'), ('LC_MONETARY', 'it_IT.UTF-8'), ('MANAGERPID', '861'), ('VSCODE_GIT_ASKPASS_NODE', '/usr/share/code/code'), ('SYSTEMD_EXEC_PID', '1099'), ('DBUS_SESSION_BUS_ADDRESS', 'unix:path=/run/user/1000/bus'), ('PYDEVD_DISABLE_FILE_VALIDATION', '1'), ('BUNDLED_DEBUGPY_PATH', '/home/martina/.vscode/extensions/ms-python.debugpy-2025.0.1-linux-x64/bundled/libs/debugpy'), ('P9K_TTY', 'old'), ('GIO_LAUNCHED_DESKTOP_FILE_PID', '203842'), ('_CE_M', ''), ('COLORTERM', 'truecolor'), ('WAYLAND_DISPLAY', 'wayland-0'), ('ROS_DISTRO', 'humble'), ('COLCON_PREFIX_PATH', '/home/martina/rp_project/robot-programming-project/install'), ('INFOPATH', ''), ('LOGNAME', 'martina'), ('_', '/usr/bin/colcon'), ('JOURNAL_STREAM', '8:10438'), ('_P9K_SSH_TTY', '/dev/pts/0'), ('XDG_SESSION_CLASS', 'user'), ('ROS_VERSION', '2'), ('USER_ZDOTDIR', '/home/martina'), ('USERNAME', 'martina'), ('TERM', 'xterm-256color'), ('GNOME_DESKTOP_SESSION_ID', 'this-is-deprecated'), ('_CE_CONDA', ''), ('ROS_LOCALHOST_ONLY', '0'), ('PATH', '/opt/ros/humble/bin:/home/martina/.local/bin:/home/martina/.local/bin:/usr/lib/ccache:.:/home/martina/.mujoco/mujoco210/bin:/usr/lib/nvidia:/home/martina/anaconda3/condabin:/home/martina/bin:/home/martina/.local/bin:/usr/local/sbin:/usr/local/bin:/usr/sbin:/usr/bin:/sbin:/bin:/usr/games:/usr/local/games:/snap/bin:/home/martina/.cache/zsh4humans/v5/fzf/bin:/home/martina/other/install/bin'), ('SESSION_MANAGER', 'local/Martina-ThinkPad-X1-Yoga:@/tmp/.ICE-unix/1062,unix/Martina-ThinkPad-X1-Yoga:/tmp/.ICE-unix/1062'), ('INVOCATION_ID', 'd41eea5a77214ff18af65c9f647aefff'), ('LC_ADDRESS', 'it_IT.UTF-8'), ('XDG_RUNTIME_DIR', '/run/user/1000'), ('XDG_MENU_PREFIX', 'gnome-'), ('GNOME_SETUP_DISPLAY', ':1'), ('GDK_BACKEND', 'x11'), ('DISPLAY', ':0'), ('LANG', 'en_US.UTF-8'), ('LC_TELEPHONE', 'it_IT.UTF-8'), ('XDG_CURRENT_DESKTOP', 'Unity'), ('LD_PRELOAD', ':/usr/lib/x86_64-linux-gnu/libGLEW.so:/usr/lib/x86_64-linux-gnu/libGLEW.so'), ('VSCODE_INJECTION', '1'), ('XDG_SESSION_DESKTOP', 'ubuntu'), ('XMODIFIERS', '@im=ibus'), ('XAUTHORITY', '/run/user/1000/.mutter-Xwaylandauth.2DKN22'), ('LS_COLORS', 'fi=00:mi=00:mh=00:ln=01;36:or=01;31:di=01;34:ow=04;01;34:st=34:tw=04;34:pi=01;33:so=01;33:do=01;33:bd=01;33:cd=01;33:su=01;35:sg=01;35:ca=01;35:ex=01;32:no=38;5;248'), ('TREE_COLORS', 'fi=00:mi=00:mh=00:ln=01;36:or=01;31:di=01;34:ow=01;34:st=34:tw=34:pi=01;33:so=01;33:do=01;33:bd=01;33:cd=01;33:su=01;35:sg=01;35:ca=01;35:ex=01;32'), ('TERM_PROGRAM', 'vscode'), ('VSCODE_GIT_IPC_HANDLE', '/run/user/1000/vscode-git-f640f2b3f6.sock'), ('SSH_AGENT_LAUNCHER', 'gnome-keyring'), ('SSH_AUTH_SOCK', '/run/user/1000/keyring/ssh'), ('ORIGINAL_XDG_CURRENT_DESKTOP', 'ubuntu:GNOME'), ('CONDA_PYTHON_EXE', '/home/martina/anaconda3/bin/python'), ('AMENT_PREFIX_PATH', '/home/martina/rp_project/robot-programming-project/install/simple_robot:/opt/ros/humble'), ('LC_NAME', 'it_IT.UTF-8'), ('SHELL', '/usr/local/bin/zsh'), ('DEST', '/home/martina/other/install'), ('QT_ACCESSIBILITY', '1'), ('GDMSESSION', 'ubuntu'), ('CONDA_DEFAULT_ENV', 'base'), ('LC_MEASUREMENT', 'it_IT.UTF-8'), ('LC_IDENTIFICATION', 'it_IT.UTF-8'), ('GJS_DEBUG_OUTPUT', 'stderr'), ('P9K_SSH', '0'), ('QT_IM_MODULE', 'ibus'), ('VSCODE_GIT_ASKPASS_EXTRA_ARGS', ''), ('VSCODE_NONCE', 'a7161ded-a4be-401b-bdce-92ccf5224d1f'), ('LC_ALL', 'en_US.UTF-8'), ('PWD', '/home/martina/rp_project/robot-programming-project/src/simple_robot/build/simple_robot'), ('GPG_TTY', '/dev/pts/0'), ('XDG_DATA_DIRS', '/usr/local/share/:/usr/share/:/var/lib/snapd/desktop'), ('CONDA_EXE', '/home/martina/anaconda3/bin/conda'), ('ZDOTDIR', '/home/martina'), ('_P9K_TTY', '/dev/pts/0'), ('LC_NUMERIC', 'it_IT.UTF-8'), ('PYTHONPATH', '/opt/ros/humble/lib/python3.10/site-packages:/opt/ros/humble/local/lib/python3.10/dist-packages:/home/martina/other/install/lib/python3.10/site-packages/'), ('LC_PAPER', 'it_IT.UTF-8'), ('CONDA_PREFIX', '/home/martina/anaconda3'), ('COLCON', '1'), ('MANPATH', '/usr/local/share/man:/home/martina/.cache/zsh4humans/v5/fzf/man:'), ('CMAKE_PREFIX_PATH', '/home/martina/rp_project/robot-programming-project/install/simple_robot:/opt/ros/humble')]), 'shell': False}
[17.419137] (-) TimerEvent: {}
[17.525755] (-) TimerEvent: {}
[17.631150] (-) TimerEvent: {}
[17.732208] (-) TimerEvent: {}
[17.846120] (-) TimerEvent: {}
[17.947087] (-) TimerEvent: {}
[18.049348] (-) TimerEvent: {}
[18.157132] (-) TimerEvent: {}
[18.260788] (-) TimerEvent: {}
[18.369142] (-) TimerEvent: {}
[18.474760] (-) TimerEvent: {}
[18.486664] (simple_robot) StdoutLine: {'line': b'[ 10%] \x1b[32mBuilding CXX object CMakeFiles/robot_map_node.dir/src/grid_map.cpp.o\x1b[0m\n'}
[18.580378] (-) TimerEvent: {}
[18.681280] (-) TimerEvent: {}
[18.785970] (-) TimerEvent: {}
[18.889116] (-) TimerEvent: {}
[18.994319] (-) TimerEvent: {}
[19.095341] (-) TimerEvent: {}
[19.198273] (-) TimerEvent: {}
[19.300520] (-) TimerEvent: {}
[19.403499] (-) TimerEvent: {}
[19.505860] (-) TimerEvent: {}
[19.608384] (-) TimerEvent: {}
[19.709659] (-) TimerEvent: {}
[19.811249] (-) TimerEvent: {}
[19.916624] (-) TimerEvent: {}
[20.021129] (-) TimerEvent: {}
[20.122115] (-) TimerEvent: {}
[20.223048] (-) TimerEvent: {}
[20.325111] (-) TimerEvent: {}
[20.427017] (-) TimerEvent: {}
[20.529500] (-) TimerEvent: {}
[20.633881] (-) TimerEvent: {}
[20.734821] (-) TimerEvent: {}
[20.836415] (-) TimerEvent: {}
[20.937550] (-) TimerEvent: {}
[21.039280] (-) TimerEvent: {}
[21.143054] (-) TimerEvent: {}
[21.245112] (-) TimerEvent: {}
[21.349458] (-) TimerEvent: {}
[21.451047] (-) TimerEvent: {}
[21.554546] (-) TimerEvent: {}
[21.659031] (-) TimerEvent: {}
[21.765762] (-) TimerEvent: {}
[21.869605] (-) TimerEvent: {}
[21.974643] (-) TimerEvent: {}
[22.076808] (-) TimerEvent: {}
[22.178065] (-) TimerEvent: {}
[22.279038] (-) TimerEvent: {}
[22.380659] (-) TimerEvent: {}
[22.482082] (-) TimerEvent: {}
[22.583127] (-) TimerEvent: {}
[22.686113] (-) TimerEvent: {}
[22.787156] (-) TimerEvent: {}
[22.888096] (-) TimerEvent: {}
[22.990112] (-) TimerEvent: {}
[23.093093] (-) TimerEvent: {}
[23.199347] (-) TimerEvent: {}
[23.300396] (-) TimerEvent: {}
[23.410152] (-) TimerEvent: {}
[23.512175] (-) TimerEvent: {}
[23.617462] (-) TimerEvent: {}
[23.719270] (-) TimerEvent: {}
[23.821765] (-) TimerEvent: {}
[23.928125] (-) TimerEvent: {}
[24.029147] (-) TimerEvent: {}
[24.130756] (-) TimerEvent: {}
[24.234715] (-) TimerEvent: {}
[24.336179] (-) TimerEvent: {}
[24.443504] (-) TimerEvent: {}
[24.548294] (-) TimerEvent: {}
[24.652294] (-) TimerEvent: {}
[24.753920] (-) TimerEvent: {}
[24.858309] (-) TimerEvent: {}
[24.963143] (-) TimerEvent: {}
[25.064248] (-) TimerEvent: {}
[25.169173] (-) TimerEvent: {}
[25.271545] (-) TimerEvent: {}
[25.372803] (-) TimerEvent: {}
[25.475208] (-) TimerEvent: {}
[25.578803] (-) TimerEvent: {}
[25.682686] (-) TimerEvent: {}
[25.787882] (-) TimerEvent: {}
[25.891543] (-) TimerEvent: {}
[25.995071] (-) TimerEvent: {}
[26.096513] (-) TimerEvent: {}
[26.199238] (-) TimerEvent: {}
[26.302625] (-) TimerEvent: {}
[26.412290] (-) TimerEvent: {}
[26.513750] (-) TimerEvent: {}
[26.619166] (-) TimerEvent: {}
[26.723206] (-) TimerEvent: {}
[26.827058] (-) TimerEvent: {}
[26.931917] (-) TimerEvent: {}
[27.037228] (-) TimerEvent: {}
[27.140633] (-) TimerEvent: {}
[27.244601] (-) TimerEvent: {}
[27.351178] (-) TimerEvent: {}
[27.457323] (-) TimerEvent: {}
[27.559240] (-) TimerEvent: {}
[27.666663] (-) TimerEvent: {}
[27.774804] (-) TimerEvent: {}
[27.876893] (-) TimerEvent: {}
[27.980187] (-) TimerEvent: {}
[28.082791] (-) TimerEvent: {}
[28.184206] (-) TimerEvent: {}
[28.287033] (-) TimerEvent: {}
[28.388718] (-) TimerEvent: {}
[28.492146] (-) TimerEvent: {}
[28.593386] (-) TimerEvent: {}
[28.696839] (-) TimerEvent: {}
[28.798013] (-) TimerEvent: {}
[28.899383] (-) TimerEvent: {}
[29.004205] (-) TimerEvent: {}
[29.107606] (-) TimerEvent: {}
[29.210390] (-) TimerEvent: {}
[29.314601] (-) TimerEvent: {}
[29.419919] (-) TimerEvent: {}
[29.521343] (-) TimerEvent: {}
[29.624767] (-) TimerEvent: {}
[29.733123] (-) TimerEvent: {}
[29.837084] (-) TimerEvent: {}
[29.942177] (-) TimerEvent: {}
[30.043218] (-) TimerEvent: {}
[30.148135] (-) TimerEvent: {}
[30.249154] (-) TimerEvent: {}
[30.356267] (-) TimerEvent: {}
[30.463229] (-) TimerEvent: {}
[30.567191] (-) TimerEvent: {}
[30.671169] (-) TimerEvent: {}
[30.773842] (-) TimerEvent: {}
[30.876501] (-) TimerEvent: {}
[30.977771] (-) TimerEvent: {}
[31.078905] (-) TimerEvent: {}
[31.182267] (-) TimerEvent: {}
[31.283441] (-) TimerEvent: {}
[31.385758] (-) TimerEvent: {}
[31.489211] (-) TimerEvent: {}
[31.590633] (-) TimerEvent: {}
[31.695050] (-) TimerEvent: {}
[31.796130] (-) TimerEvent: {}
[31.901229] (-) TimerEvent: {}
[32.002336] (-) TimerEvent: {}
[32.103938] (-) TimerEvent: {}
[32.208172] (-) TimerEvent: {}
[32.309238] (-) TimerEvent: {}
[32.412158] (-) TimerEvent: {}
[32.513085] (-) TimerEvent: {}
[32.615107] (-) TimerEvent: {}
[32.719941] (-) TimerEvent: {}
[32.820865] (-) TimerEvent: {}
[32.921855] (-) TimerEvent: {}
[33.026833] (-) TimerEvent: {}
[33.127749] (-) TimerEvent: {}
[33.228726] (-) TimerEvent: {}
[33.331115] (-) TimerEvent: {}
[33.432011] (-) TimerEvent: {}
[33.533629] (-) TimerEvent: {}
[33.637597] (-) TimerEvent: {}
[33.744322] (-) TimerEvent: {}
[33.850727] (-) TimerEvent: {}
[33.952842] (-) TimerEvent: {}
[34.063119] (-) TimerEvent: {}
[34.164601] (-) TimerEvent: {}
[34.271120] (-) TimerEvent: {}
[34.372029] (-) TimerEvent: {}
[34.474637] (-) TimerEvent: {}
[34.576054] (-) TimerEvent: {}
[34.677328] (-) TimerEvent: {}
[34.781519] (-) TimerEvent: {}
[34.882675] (-) TimerEvent: {}
[34.986800] (-) TimerEvent: {}
[35.091214] (-) TimerEvent: {}
[35.194867] (-) TimerEvent: {}
[35.298622] (-) TimerEvent: {}
[35.403199] (-) TimerEvent: {}
[35.508627] (-) TimerEvent: {}
[35.615517] (-) TimerEvent: {}
[35.725191] (-) TimerEvent: {}
[35.830897] (-) TimerEvent: {}
[35.933383] (-) TimerEvent: {}
[36.036751] (-) TimerEvent: {}
[36.145374] (-) TimerEvent: {}
[36.256286] (-) TimerEvent: {}
[36.362688] (-) TimerEvent: {}
[36.466187] (-) TimerEvent: {}
[36.568273] (-) TimerEvent: {}
[36.672406] (-) TimerEvent: {}
[36.773927] (-) TimerEvent: {}
[36.879182] (-) TimerEvent: {}
[36.983331] (-) TimerEvent: {}
[37.085366] (-) TimerEvent: {}
[37.189756] (-) TimerEvent: {}
[37.293212] (-) TimerEvent: {}
[37.399131] (-) TimerEvent: {}
[37.500188] (-) TimerEvent: {}
[37.601313] (-) TimerEvent: {}
[37.712031] (-) TimerEvent: {}
[37.817249] (-) TimerEvent: {}
[37.926299] (-) TimerEvent: {}
[38.027720] (-) TimerEvent: {}
[38.134091] (-) TimerEvent: {}
[38.237759] (-) TimerEvent: {}
[38.344825] (-) TimerEvent: {}
[38.449861] (-) TimerEvent: {}
[38.562532] (-) TimerEvent: {}
[38.667213] (-) TimerEvent: {}
[38.774311] (-) TimerEvent: {}
[38.892164] (-) TimerEvent: {}
[38.995438] (-) TimerEvent: {}
[39.096386] (-) TimerEvent: {}
[39.204129] (-) TimerEvent: {}
[39.310133] (-) TimerEvent: {}
[39.411103] (-) TimerEvent: {}
[39.513111] (-) TimerEvent: {}
[39.621143] (-) TimerEvent: {}
[39.727344] (-) TimerEvent: {}
[39.829362] (-) TimerEvent: {}
[39.935125] (-) TimerEvent: {}
[40.036972] (-) TimerEvent: {}
[40.148498] (-) TimerEvent: {}
[40.255175] (-) TimerEvent: {}
[40.360283] (-) TimerEvent: {}
[40.461475] (-) TimerEvent: {}
[40.564117] (-) TimerEvent: {}
[40.667114] (-) TimerEvent: {}
[40.768034] (-) TimerEvent: {}
[40.871495] (-) TimerEvent: {}
[40.976537] (-) TimerEvent: {}
[41.080249] (-) TimerEvent: {}
[41.181934] (-) TimerEvent: {}
[41.283503] (-) TimerEvent: {}
[41.385796] (-) TimerEvent: {}
[41.491306] (-) TimerEvent: {}
[41.594439] (-) TimerEvent: {}
[41.696152] (-) TimerEvent: {}
[41.800575] (-) TimerEvent: {}
[41.901583] (-) TimerEvent: {}
[42.006115] (-) TimerEvent: {}
[42.107265] (-) TimerEvent: {}
[42.208352] (-) TimerEvent: {}
[42.312844] (-) TimerEvent: {}
[42.415274] (-) TimerEvent: {}
[42.523160] (-) TimerEvent: {}
[42.624139] (-) TimerEvent: {}
[42.730586] (-) TimerEvent: {}
[42.834444] (-) TimerEvent: {}
[42.937004] (-) TimerEvent: {}
[43.037899] (-) TimerEvent: {}
[43.138883] (-) TimerEvent: {}
[43.239895] (-) TimerEvent: {}
[43.342118] (-) TimerEvent: {}
[43.443041] (-) TimerEvent: {}
[43.544015] (-) TimerEvent: {}
[43.644885] (-) TimerEvent: {}
[43.746421] (-) TimerEvent: {}
[43.847508] (-) TimerEvent: {}
[43.949044] (-) TimerEvent: {}
[44.051196] (-) TimerEvent: {}
[44.152040] (-) TimerEvent: {}
[44.252940] (-) TimerEvent: {}
[44.353759] (-) TimerEvent: {}
[44.454540] (-) TimerEvent: {}
[44.555882] (-) TimerEvent: {}
[44.656683] (-) TimerEvent: {}
[44.759546] (-) TimerEvent: {}
[44.860441] (-) TimerEvent: {}
[44.966130] (-) TimerEvent: {}
[45.068733] (-) TimerEvent: {}
[45.171095] (-) TimerEvent: {}
[45.276856] (-) TimerEvent: {}
[45.381399] (-) TimerEvent: {}
[45.485098] (-) TimerEvent: {}
[45.588313] (-) TimerEvent: {}
[45.691838] (-) TimerEvent: {}
[45.793866] (-) TimerEvent: {}
[45.895248] (-) TimerEvent: {}
[45.995943] (-) TimerEvent: {}
[46.096647] (-) TimerEvent: {}
[46.197596] (-) TimerEvent: {}
[46.298248] (-) TimerEvent: {}
[46.398933] (-) TimerEvent: {}
[46.499647] (-) TimerEvent: {}
[46.600295] (-) TimerEvent: {}
[46.700995] (-) TimerEvent: {}
[46.801693] (-) TimerEvent: {}
[46.902438] (-) TimerEvent: {}
[47.003132] (-) TimerEvent: {}
[47.103788] (-) TimerEvent: {}
[47.204525] (-) TimerEvent: {}
[47.305421] (-) TimerEvent: {}
[47.398939] (simple_robot) StdoutLine: {'line': b'[ 20%] \x1b[32mBuilding CXX object CMakeFiles/robot_map_node.dir/src/map_utils.cpp.o\x1b[0m\n'}
[47.408173] (-) TimerEvent: {}
[47.509074] (-) TimerEvent: {}
[47.610543] (-) TimerEvent: {}
[47.719128] (-) TimerEvent: {}
[47.821596] (-) TimerEvent: {}
[47.925572] (-) TimerEvent: {}
[48.029400] (-) TimerEvent: {}
[48.132120] (-) TimerEvent: {}
[48.233715] (-) TimerEvent: {}
[48.341111] (-) TimerEvent: {}
[48.442258] (-) TimerEvent: {}
[48.543280] (-) TimerEvent: {}
[48.644099] (-) TimerEvent: {}
[48.744893] (-) TimerEvent: {}
[48.848358] (-) TimerEvent: {}
[48.954176] (-) TimerEvent: {}
[49.059114] (-) TimerEvent: {}
[49.160049] (-) TimerEvent: {}
[49.269186] (-) TimerEvent: {}
[49.374245] (-) TimerEvent: {}
[49.475146] (-) TimerEvent: {}
[49.581467] (-) TimerEvent: {}
[49.686118] (-) TimerEvent: {}
[49.791318] (-) TimerEvent: {}
[49.892200] (-) TimerEvent: {}
[49.993027] (-) TimerEvent: {}
[50.095269] (-) TimerEvent: {}
[50.196098] (-) TimerEvent: {}
[50.298419] (-) TimerEvent: {}
[50.400858] (-) TimerEvent: {}
[50.501697] (-) TimerEvent: {}
[50.604316] (-) TimerEvent: {}
[50.706066] (-) TimerEvent: {}
[50.807926] (-) TimerEvent: {}
[50.910032] (-) TimerEvent: {}
[51.012987] (-) TimerEvent: {}
[51.116271] (-) TimerEvent: {}
[51.217211] (-) TimerEvent: {}
[51.320068] (-) TimerEvent: {}
[51.422089] (-) TimerEvent: {}
[51.525125] (-) TimerEvent: {}
[51.626050] (-) TimerEvent: {}
[51.730805] (-) TimerEvent: {}
[51.831701] (-) TimerEvent: {}
[51.932533] (-) TimerEvent: {}
[52.036102] (-) TimerEvent: {}
[52.136899] (-) TimerEvent: {}
[52.238424] (-) TimerEvent: {}
[52.339245] (-) TimerEvent: {}
[52.440019] (-) TimerEvent: {}
[52.540839] (-) TimerEvent: {}
[52.642178] (-) TimerEvent: {}
[52.743097] (-) TimerEvent: {}
[52.843896] (-) TimerEvent: {}
[52.944622] (-) TimerEvent: {}
[53.045309] (-) TimerEvent: {}
[53.146015] (-) TimerEvent: {}
[53.246707] (-) TimerEvent: {}
[53.347402] (-) TimerEvent: {}
[53.448077] (-) TimerEvent: {}
[53.548802] (-) TimerEvent: {}
[53.649473] (-) TimerEvent: {}
[53.750143] (-) TimerEvent: {}
[53.850841] (-) TimerEvent: {}
[53.951655] (-) TimerEvent: {}
[54.052506] (-) TimerEvent: {}
[54.153339] (-) TimerEvent: {}
[54.254096] (-) TimerEvent: {}
[54.354936] (-) TimerEvent: {}
[54.455695] (-) TimerEvent: {}
[54.556527] (-) TimerEvent: {}
[54.657359] (-) TimerEvent: {}
[54.758234] (-) TimerEvent: {}
[54.859524] (-) TimerEvent: {}
[54.962039] (-) TimerEvent: {}
[55.063476] (-) TimerEvent: {}
[55.164297] (-) TimerEvent: {}
[55.265075] (-) TimerEvent: {}
[55.365819] (-) TimerEvent: {}
[55.466556] (-) TimerEvent: {}
[55.567304] (-) TimerEvent: {}
[55.668066] (-) TimerEvent: {}
[55.768789] (-) TimerEvent: {}
[55.869576] (-) TimerEvent: {}
[55.970463] (-) TimerEvent: {}
[56.071234] (-) TimerEvent: {}
[56.172370] (-) TimerEvent: {}
[56.273203] (-) TimerEvent: {}
[56.373993] (-) TimerEvent: {}
[56.474804] (-) TimerEvent: {}
[56.575637] (-) TimerEvent: {}
[56.676455] (-) TimerEvent: {}
[56.777260] (-) TimerEvent: {}
[56.878108] (-) TimerEvent: {}
[56.978859] (-) TimerEvent: {}
[57.079700] (-) TimerEvent: {}
[57.180557] (-) TimerEvent: {}
[57.281504] (-) TimerEvent: {}
[57.384454] (-) TimerEvent: {}
[57.485704] (-) TimerEvent: {}
[57.586543] (-) TimerEvent: {}
[57.687213] (-) TimerEvent: {}
[57.787904] (-) TimerEvent: {}
[57.888567] (-) TimerEvent: {}
[57.989186] (-) TimerEvent: {}
[58.089857] (-) TimerEvent: {}
[58.190530] (-) TimerEvent: {}
[58.291128] (-) TimerEvent: {}
[58.391725] (-) TimerEvent: {}
[58.492355] (-) TimerEvent: {}
[58.593068] (-) TimerEvent: {}
[58.693758] (-) TimerEvent: {}
[58.794477] (-) TimerEvent: {}
[58.895117] (-) TimerEvent: {}
[58.995780] (-) TimerEvent: {}
[59.096518] (-) TimerEvent: {}
[59.197183] (-) TimerEvent: {}
[59.297833] (-) TimerEvent: {}
[59.398486] (-) TimerEvent: {}
[59.499078] (-) TimerEvent: {}
[59.600153] (-) TimerEvent: {}
[59.700886] (-) TimerEvent: {}
[59.801680] (-) TimerEvent: {}
[59.902540] (-) TimerEvent: {}
[60.003388] (-) TimerEvent: {}
[60.104219] (-) TimerEvent: {}
[60.204910] (-) TimerEvent: {}
[60.305693] (-) TimerEvent: {}
[60.406468] (-) TimerEvent: {}
[60.507143] (-) TimerEvent: {}
[60.607890] (-) TimerEvent: {}
[60.708632] (-) TimerEvent: {}
[60.809495] (-) TimerEvent: {}
[60.910277] (-) TimerEvent: {}
[61.011059] (-) TimerEvent: {}
[61.111811] (-) TimerEvent: {}
[61.212555] (-) TimerEvent: {}
[61.313340] (-) TimerEvent: {}
[61.414095] (-) TimerEvent: {}
[61.514862] (-) TimerEvent: {}
[61.615665] (-) TimerEvent: {}
[61.716461] (-) TimerEvent: {}
[61.817399] (-) TimerEvent: {}
[61.918230] (-) TimerEvent: {}
[62.019661] (-) TimerEvent: {}
[62.120399] (-) TimerEvent: {}
[62.221101] (-) TimerEvent: {}
[62.321791] (-) TimerEvent: {}
[62.422483] (-) TimerEvent: {}
[62.523227] (-) TimerEvent: {}
[62.623922] (-) TimerEvent: {}
[62.724637] (-) TimerEvent: {}
[62.825414] (-) TimerEvent: {}
[62.926159] (-) TimerEvent: {}
[63.026918] (-) TimerEvent: {}
[63.127701] (-) TimerEvent: {}
[63.228530] (-) TimerEvent: {}
[63.329331] (-) TimerEvent: {}
[63.430072] (-) TimerEvent: {}
[63.530870] (-) TimerEvent: {}
[63.631609] (-) TimerEvent: {}
[63.732372] (-) TimerEvent: {}
[63.833093] (-) TimerEvent: {}
[63.933844] (-) TimerEvent: {}
[64.034582] (-) TimerEvent: {}
[64.135354] (-) TimerEvent: {}
[64.236211] (-) TimerEvent: {}
[64.337056] (-) TimerEvent: {}
[64.437743] (-) TimerEvent: {}
[64.538437] (-) TimerEvent: {}
[64.639101] (-) TimerEvent: {}
[64.739749] (-) TimerEvent: {}
[64.845453] (-) TimerEvent: {}
[64.946325] (-) TimerEvent: {}
[65.047213] (-) TimerEvent: {}
[65.150447] (-) TimerEvent: {}
[65.251391] (-) TimerEvent: {}
[65.352167] (-) TimerEvent: {}
[65.452924] (-) TimerEvent: {}
[65.553657] (-) TimerEvent: {}
[65.654477] (-) TimerEvent: {}
[65.755325] (-) TimerEvent: {}
[65.857258] (-) TimerEvent: {}
[65.960612] (-) TimerEvent: {}
[66.052090] (simple_robot) StdoutLine: {'line': b'[ 30%] \x1b[32mBuilding CXX object CMakeFiles/robot_map_node.dir/src/main.cpp.o\x1b[0m\n'}
[66.060785] (-) TimerEvent: {}
[66.164415] (-) TimerEvent: {}
[66.265362] (-) TimerEvent: {}
[66.369369] (-) TimerEvent: {}
[66.473790] (-) TimerEvent: {}
[66.578660] (-) TimerEvent: {}
[66.681412] (-) TimerEvent: {}
[66.784636] (-) TimerEvent: {}
[66.889042] (-) TimerEvent: {}
[66.991104] (-) TimerEvent: {}
[67.094493] (-) TimerEvent: {}
[67.196310] (-) TimerEvent: {}
[67.297751] (-) TimerEvent: {}
[67.399406] (-) TimerEvent: {}
[67.501192] (-) TimerEvent: {}
[67.602623] (-) TimerEvent: {}
[67.706122] (-) TimerEvent: {}
[67.808890] (-) TimerEvent: {}
[67.912161] (-) TimerEvent: {}
[68.015050] (-) TimerEvent: {}
[68.117796] (-) TimerEvent: {}
[68.221187] (-) TimerEvent: {}
[68.322195] (-) TimerEvent: {}
[68.427363] (-) TimerEvent: {}
[68.528274] (-) TimerEvent: {}
[68.629968] (-) TimerEvent: {}
[68.733126] (-) TimerEvent: {}
[68.834117] (-) TimerEvent: {}
[68.935095] (-) TimerEvent: {}
[69.041110] (-) TimerEvent: {}
[69.142045] (-) TimerEvent: {}
[69.242932] (-) TimerEvent: {}
[69.347137] (-) TimerEvent: {}
[69.448135] (-) TimerEvent: {}
[69.549216] (-) TimerEvent: {}
[69.651449] (-) TimerEvent: {}
[69.753683] (-) TimerEvent: {}
[69.857179] (-) TimerEvent: {}
[69.958157] (-) TimerEvent: {}
[70.062288] (-) TimerEvent: {}
[70.165162] (-) TimerEvent: {}
[70.266092] (-) TimerEvent: {}
[70.369121] (-) TimerEvent: {}
[70.471087] (-) TimerEvent: {}
[70.571922] (-) TimerEvent: {}
[70.676115] (-) TimerEvent: {}
[70.777026] (-) TimerEvent: {}
[70.877838] (-) TimerEvent: {}
[70.979330] (-) TimerEvent: {}
[71.080760] (-) TimerEvent: {}
[71.181671] (-) TimerEvent: {}
[71.283149] (-) TimerEvent: {}
[71.387098] (-) TimerEvent: {}
[71.487925] (-) TimerEvent: {}
[71.589242] (-) TimerEvent: {}
[71.690127] (-) TimerEvent: {}
[71.790873] (-) TimerEvent: {}
[71.891664] (-) TimerEvent: {}
[71.992416] (-) TimerEvent: {}
[72.093149] (-) TimerEvent: {}
[72.193852] (-) TimerEvent: {}
[72.294635] (-) TimerEvent: {}
[72.395364] (-) TimerEvent: {}
[72.496099] (-) TimerEvent: {}
[72.596809] (-) TimerEvent: {}
[72.697731] (-) TimerEvent: {}
[72.798759] (-) TimerEvent: {}
[72.899478] (-) TimerEvent: {}
[73.000127] (-) TimerEvent: {}
[73.100797] (-) TimerEvent: {}
[73.201614] (-) TimerEvent: {}
[73.302487] (-) TimerEvent: {}
[73.403323] (-) TimerEvent: {}
[73.504105] (-) TimerEvent: {}
[73.604930] (-) TimerEvent: {}
[73.706252] (-) TimerEvent: {}
[73.807143] (-) TimerEvent: {}
[73.907928] (-) TimerEvent: {}
[74.008894] (-) TimerEvent: {}
[74.109670] (-) TimerEvent: {}
[74.210532] (-) TimerEvent: {}
[74.311198] (-) TimerEvent: {}
[74.411846] (-) TimerEvent: {}
[74.512581] (-) TimerEvent: {}
[74.613255] (-) TimerEvent: {}
[74.714033] (-) TimerEvent: {}
[74.815164] (-) TimerEvent: {}
[74.916079] (-) TimerEvent: {}
[75.016925] (-) TimerEvent: {}
[75.117719] (-) TimerEvent: {}
[75.218423] (-) TimerEvent: {}
[75.319074] (-) TimerEvent: {}
[75.419802] (-) TimerEvent: {}
[75.521456] (-) TimerEvent: {}
[75.622286] (-) TimerEvent: {}
[75.723053] (-) TimerEvent: {}
[75.823765] (-) TimerEvent: {}
[75.925099] (-) TimerEvent: {}
[76.025917] (-) TimerEvent: {}
[76.126905] (-) TimerEvent: {}
[76.227734] (-) TimerEvent: {}
[76.328634] (-) TimerEvent: {}
[76.429493] (-) TimerEvent: {}
[76.530229] (-) TimerEvent: {}
[76.631002] (-) TimerEvent: {}
[76.731767] (-) TimerEvent: {}
[76.832579] (-) TimerEvent: {}
[76.933315] (-) TimerEvent: {}
[77.034067] (-) TimerEvent: {}
[77.134785] (-) TimerEvent: {}
[77.235576] (-) TimerEvent: {}
[77.336374] (-) TimerEvent: {}
[77.437127] (-) TimerEvent: {}
[77.537839] (-) TimerEvent: {}
[77.638587] (-) TimerEvent: {}
[77.739413] (-) TimerEvent: {}
[77.840177] (-) TimerEvent: {}
[77.940922] (-) TimerEvent: {}
[78.043114] (-) TimerEvent: {}
[78.144017] (-) TimerEvent: {}
[78.247858] (-) TimerEvent: {}
[78.349883] (-) TimerEvent: {}
[78.455105] (-) TimerEvent: {}
[78.555982] (-) TimerEvent: {}
[78.657174] (-) TimerEvent: {}
[78.758539] (-) TimerEvent: {}
[78.859400] (-) TimerEvent: {}
[78.960266] (-) TimerEvent: {}
[79.061070] (-) TimerEvent: {}
[79.161940] (-) TimerEvent: {}
[79.262759] (-) TimerEvent: {}
[79.363715] (-) TimerEvent: {}
[79.464409] (-) TimerEvent: {}
[79.565292] (-) TimerEvent: {}
[79.666069] (-) TimerEvent: {}
[79.766762] (-) TimerEvent: {}
[79.867594] (-) TimerEvent: {}
[79.968478] (-) TimerEvent: {}
[80.069246] (-) TimerEvent: {}
[80.170116] (-) TimerEvent: {}
[80.270819] (-) TimerEvent: {}
[80.371573] (-) TimerEvent: {}
[80.473551] (-) TimerEvent: {}
[80.574318] (-) TimerEvent: {}
[80.675901] (-) TimerEvent: {}
[80.776691] (-) TimerEvent: {}
[80.877468] (-) TimerEvent: {}
[80.980361] (-) TimerEvent: {}
[81.084393] (-) TimerEvent: {}
[81.185788] (-) TimerEvent: {}
[81.287777] (-) TimerEvent: {}
[81.388731] (-) TimerEvent: {}
[81.489648] (-) TimerEvent: {}
[81.590487] (-) TimerEvent: {}
[81.691326] (-) TimerEvent: {}
[81.792145] (-) TimerEvent: {}
[81.892973] (-) TimerEvent: {}
[81.993771] (-) TimerEvent: {}
[82.094607] (-) TimerEvent: {}
[82.195446] (-) TimerEvent: {}
[82.296287] (-) TimerEvent: {}
[82.397111] (-) TimerEvent: {}
[82.497941] (-) TimerEvent: {}
[82.598759] (-) TimerEvent: {}
[82.700124] (-) TimerEvent: {}
[82.800786] (-) TimerEvent: {}
[82.901549] (-) TimerEvent: {}
[83.002212] (-) TimerEvent: {}
[83.102998] (-) TimerEvent: {}
[83.203734] (-) TimerEvent: {}
[83.304554] (-) TimerEvent: {}
[83.405393] (-) TimerEvent: {}
[83.506183] (-) TimerEvent: {}
[83.606976] (-) TimerEvent: {}
[83.707743] (-) TimerEvent: {}
[83.808532] (-) TimerEvent: {}
[83.909226] (-) TimerEvent: {}
[84.010015] (-) TimerEvent: {}
[84.110776] (-) TimerEvent: {}
[84.211552] (-) TimerEvent: {}
[84.312261] (-) TimerEvent: {}
[84.413075] (-) TimerEvent: {}
[84.513867] (-) TimerEvent: {}
[84.614630] (-) TimerEvent: {}
[84.718098] (-) TimerEvent: {}
[84.820097] (-) TimerEvent: {}
[84.920920] (-) TimerEvent: {}
[85.023868] (-) TimerEvent: {}
[85.128004] (-) TimerEvent: {}
[85.228868] (-) TimerEvent: {}
[85.333447] (-) TimerEvent: {}
[85.434139] (-) TimerEvent: {}
[85.534833] (-) TimerEvent: {}
[85.635714] (-) TimerEvent: {}
[85.736725] (-) TimerEvent: {}
[85.837486] (-) TimerEvent: {}
[85.938138] (-) TimerEvent: {}
[86.038820] (-) TimerEvent: {}
[86.139530] (-) TimerEvent: {}
[86.240699] (-) TimerEvent: {}
[86.341416] (-) TimerEvent: {}
[86.442832] (-) TimerEvent: {}
[86.543631] (-) TimerEvent: {}
[86.644547] (-) TimerEvent: {}
[86.745362] (-) TimerEvent: {}
[86.846130] (-) TimerEvent: {}
[86.946884] (-) TimerEvent: {}
[87.047695] (-) TimerEvent: {}
[87.148505] (-) TimerEvent: {}
[87.249258] (-) TimerEvent: {}
[87.350080] (-) TimerEvent: {}
[87.450830] (-) TimerEvent: {}
[87.551604] (-) TimerEvent: {}
[87.652328] (-) TimerEvent: {}
[87.753096] (-) TimerEvent: {}
[87.853886] (-) TimerEvent: {}
[87.954719] (-) TimerEvent: {}
[88.055645] (-) TimerEvent: {}
[88.156520] (-) TimerEvent: {}
[88.257372] (-) TimerEvent: {}
[88.358155] (-) TimerEvent: {}
[88.458924] (-) TimerEvent: {}
[88.559714] (-) TimerEvent: {}
[88.660595] (-) TimerEvent: {}
[88.761448] (-) TimerEvent: {}
[88.862248] (-) TimerEvent: {}
[88.963116] (-) TimerEvent: {}
[89.063986] (-) TimerEvent: {}
[89.164817] (-) TimerEvent: {}
[89.265694] (-) TimerEvent: {}
[89.366572] (-) TimerEvent: {}
[89.467345] (-) TimerEvent: {}
[89.568107] (-) TimerEvent: {}
[89.668885] (-) TimerEvent: {}
[89.769710] (-) TimerEvent: {}
[89.870515] (-) TimerEvent: {}
[89.971392] (-) TimerEvent: {}
[90.072329] (-) TimerEvent: {}
[90.173087] (-) TimerEvent: {}
[90.273877] (-) TimerEvent: {}
[90.374685] (-) TimerEvent: {}
[90.475487] (-) TimerEvent: {}
[90.576286] (-) TimerEvent: {}
[90.677105] (-) TimerEvent: {}
[90.777876] (-) TimerEvent: {}
[90.878671] (-) TimerEvent: {}
[90.979505] (-) TimerEvent: {}
[91.080367] (-) TimerEvent: {}
[91.184099] (-) TimerEvent: {}
[91.284889] (-) TimerEvent: {}
[91.388098] (-) TimerEvent: {}
[91.491095] (-) TimerEvent: {}
[91.592555] (-) TimerEvent: {}
[91.696251] (-) TimerEvent: {}
[91.797233] (-) TimerEvent: {}
[91.897912] (-) TimerEvent: {}
[91.998637] (-) TimerEvent: {}
[92.099316] (-) TimerEvent: {}
[92.200020] (-) TimerEvent: {}
[92.300677] (-) TimerEvent: {}
[92.401910] (-) TimerEvent: {}
[92.503242] (-) TimerEvent: {}
[92.604072] (-) TimerEvent: {}
[92.704814] (-) TimerEvent: {}
[92.805679] (-) TimerEvent: {}
[92.906363] (-) TimerEvent: {}
[93.007093] (-) TimerEvent: {}
[93.107796] (-) TimerEvent: {}
[93.208533] (-) TimerEvent: {}
[93.309198] (-) TimerEvent: {}
[93.409896] (-) TimerEvent: {}
[93.510611] (-) TimerEvent: {}
[93.611298] (-) TimerEvent: {}
[93.712026] (-) TimerEvent: {}
[93.812756] (-) TimerEvent: {}
[93.913514] (-) TimerEvent: {}
[94.014414] (-) TimerEvent: {}
[94.115123] (-) TimerEvent: {}
[94.215942] (-) TimerEvent: {}
[94.316644] (-) TimerEvent: {}
[94.417440] (-) TimerEvent: {}
[94.518185] (-) TimerEvent: {}
[94.618914] (-) TimerEvent: {}
[94.719778] (-) TimerEvent: {}
[94.820695] (-) TimerEvent: {}
[94.921861] (-) TimerEvent: {}
[95.022735] (-) TimerEvent: {}
[95.123554] (-) TimerEvent: {}
[95.224342] (-) TimerEvent: {}
[95.325188] (-) TimerEvent: {}
[95.426027] (-) TimerEvent: {}
[95.526798] (-) TimerEvent: {}
[95.627685] (-) TimerEvent: {}
[95.728524] (-) TimerEvent: {}
[95.829299] (-) TimerEvent: {}
[95.930057] (-) TimerEvent: {}
[96.030926] (-) TimerEvent: {}
[96.131824] (-) TimerEvent: {}
[96.232609] (-) TimerEvent: {}
[96.333467] (-) TimerEvent: {}
[96.434294] (-) TimerEvent: {}
[96.535108] (-) TimerEvent: {}
[96.635913] (-) TimerEvent: {}
[96.736767] (-) TimerEvent: {}
[96.837609] (-) TimerEvent: {}
[96.938455] (-) TimerEvent: {}
[97.039217] (-) TimerEvent: {}
[97.140040] (-) TimerEvent: {}
[97.240765] (-) TimerEvent: {}
[97.341469] (-) TimerEvent: {}
[97.442133] (-) TimerEvent: {}
[97.542843] (-) TimerEvent: {}
[97.643569] (-) TimerEvent: {}
[97.744245] (-) TimerEvent: {}
[97.844927] (-) TimerEvent: {}
[97.948101] (-) TimerEvent: {}
[98.052822] (-) TimerEvent: {}
[98.155102] (-) TimerEvent: {}
[98.255994] (-) TimerEvent: {}
[98.358271] (-) TimerEvent: {}
[98.459077] (-) TimerEvent: {}
[98.559783] (-) TimerEvent: {}
[98.660504] (-) TimerEvent: {}
[98.761218] (-) TimerEvent: {}
[98.861913] (-) TimerEvent: {}
[98.962598] (-) TimerEvent: {}
[99.063246] (-) TimerEvent: {}
[99.163911] (-) TimerEvent: {}
[99.264847] (-) TimerEvent: {}
[99.365804] (-) TimerEvent: {}
[99.466710] (-) TimerEvent: {}
[99.567536] (-) TimerEvent: {}
[99.668407] (-) TimerEvent: {}
[99.769214] (-) TimerEvent: {}
[99.870037] (-) TimerEvent: {}
[99.970821] (-) TimerEvent: {}
[100.071640] (-) TimerEvent: {}
[100.172407] (-) TimerEvent: {}
[100.273109] (-) TimerEvent: {}
[100.373888] (-) TimerEvent: {}
[100.474529] (-) TimerEvent: {}
[100.575185] (-) TimerEvent: {}
[100.675880] (-) TimerEvent: {}
[100.776584] (-) TimerEvent: {}
[100.877193] (-) TimerEvent: {}
[100.977866] (-) TimerEvent: {}
[101.078712] (-) TimerEvent: {}
[101.179566] (-) TimerEvent: {}
[101.280409] (-) TimerEvent: {}
[101.381219] (-) TimerEvent: {}
[101.481994] (-) TimerEvent: {}
[101.584106] (-) TimerEvent: {}
[101.685217] (-) TimerEvent: {}
[101.786010] (-) TimerEvent: {}
[101.886739] (-) TimerEvent: {}
[101.987547] (-) TimerEvent: {}
[102.088367] (-) TimerEvent: {}
[102.189248] (-) TimerEvent: {}
[102.290090] (-) TimerEvent: {}
[102.390817] (-) TimerEvent: {}
[102.491557] (-) TimerEvent: {}
[102.592385] (-) TimerEvent: {}
[102.693132] (-) TimerEvent: {}
[102.793929] (-) TimerEvent: {}
[102.894667] (-) TimerEvent: {}
[102.995424] (-) TimerEvent: {}
[103.096135] (-) TimerEvent: {}
[103.196858] (-) TimerEvent: {}
[103.297611] (-) TimerEvent: {}
[103.398321] (-) TimerEvent: {}
[103.499046] (-) TimerEvent: {}
[103.599780] (-) TimerEvent: {}
[103.700513] (-) TimerEvent: {}
[103.801348] (-) TimerEvent: {}
[103.903123] (-) TimerEvent: {}
[104.003918] (-) TimerEvent: {}
[104.104700] (-) TimerEvent: {}
[104.205400] (-) TimerEvent: {}
[104.308102] (-) TimerEvent: {}
[104.408874] (-) TimerEvent: {}
[104.512097] (-) TimerEvent: {}
[104.613841] (-) TimerEvent: {}
[104.714671] (-) TimerEvent: {}
[104.815560] (-) TimerEvent: {}
[104.917220] (-) TimerEvent: {}
[105.018055] (-) TimerEvent: {}
[105.118752] (-) TimerEvent: {}
[105.219436] (-) TimerEvent: {}
[105.320124] (-) TimerEvent: {}
[105.420753] (-) TimerEvent: {}
[105.521507] (-) TimerEvent: {}
[105.622114] (-) TimerEvent: {}
[105.722786] (-) TimerEvent: {}
[105.823484] (-) TimerEvent: {}
[105.924320] (-) TimerEvent: {}
[106.024994] (-) TimerEvent: {}
[106.125846] (-) TimerEvent: {}
[106.226581] (-) TimerEvent: {}
[106.327492] (-) TimerEvent: {}
[106.428274] (-) TimerEvent: {}
[106.529051] (-) TimerEvent: {}
[106.629801] (-) TimerEvent: {}
[106.730592] (-) TimerEvent: {}
[106.831376] (-) TimerEvent: {}
[106.932131] (-) TimerEvent: {}
[107.033013] (-) TimerEvent: {}
[107.133783] (-) TimerEvent: {}
[107.234597] (-) TimerEvent: {}
[107.335420] (-) TimerEvent: {}
[107.436184] (-) TimerEvent: {}
[107.536992] (-) TimerEvent: {}
[107.637764] (-) TimerEvent: {}
[107.738568] (-) TimerEvent: {}
[107.839345] (-) TimerEvent: {}
[107.940093] (-) TimerEvent: {}
[108.040799] (-) TimerEvent: {}
[108.141517] (-) TimerEvent: {}
[108.242204] (-) TimerEvent: {}
[108.342835] (-) TimerEvent: {}
[108.443640] (-) TimerEvent: {}
[108.545487] (-) TimerEvent: {}
[108.646337] (-) TimerEvent: {}
[108.747081] (-) TimerEvent: {}
[108.847763] (-) TimerEvent: {}
[108.948451] (-) TimerEvent: {}
[109.049218] (-) TimerEvent: {}
[109.149984] (-) TimerEvent: {}
[109.250714] (-) TimerEvent: {}
[109.351461] (-) TimerEvent: {}
[109.452220] (-) TimerEvent: {}
[109.553041] (-) TimerEvent: {}
[109.653745] (-) TimerEvent: {}
[109.754446] (-) TimerEvent: {}
[109.855200] (-) TimerEvent: {}
[109.956045] (-) TimerEvent: {}
[110.056738] (-) TimerEvent: {}
[110.157436] (-) TimerEvent: {}
[110.258104] (-) TimerEvent: {}
[110.358758] (-) TimerEvent: {}
[110.459550] (-) TimerEvent: {}
[110.560252] (-) TimerEvent: {}
[110.661046] (-) TimerEvent: {}
[110.761788] (-) TimerEvent: {}
[110.862643] (-) TimerEvent: {}
[110.963332] (-) TimerEvent: {}
[111.064119] (-) TimerEvent: {}
[111.167143] (-) TimerEvent: {}
[111.270109] (-) TimerEvent: {}
[111.370978] (-) TimerEvent: {}
[111.475224] (-) TimerEvent: {}
[111.579375] (-) TimerEvent: {}
[111.680806] (-) TimerEvent: {}
[111.781524] (-) TimerEvent: {}
[111.882121] (-) TimerEvent: {}
[111.982853] (-) TimerEvent: {}
[112.083639] (-) TimerEvent: {}
[112.184378] (-) TimerEvent: {}
[112.285093] (-) TimerEvent: {}
[112.385804] (-) TimerEvent: {}
[112.486492] (-) TimerEvent: {}
[112.587226] (-) TimerEvent: {}
[112.687887] (-) TimerEvent: {}
[112.788642] (-) TimerEvent: {}
[112.889457] (-) TimerEvent: {}
[112.992625] (-) TimerEvent: {}
[113.093501] (-) TimerEvent: {}
[113.194382] (-) TimerEvent: {}
[113.295075] (-) TimerEvent: {}
[113.395737] (-) TimerEvent: {}
[113.496494] (-) TimerEvent: {}
[113.597213] (-) TimerEvent: {}
[113.698049] (-) TimerEvent: {}
[113.798756] (-) TimerEvent: {}
[113.899429] (-) TimerEvent: {}
[114.000121] (-) TimerEvent: {}
[114.100784] (-) TimerEvent: {}
[114.201473] (-) TimerEvent: {}
[114.302142] (-) TimerEvent: {}
[114.402831] (-) TimerEvent: {}
[114.503557] (-) TimerEvent: {}
[114.604261] (-) TimerEvent: {}
[114.705043] (-) TimerEvent: {}
[114.806064] (-) TimerEvent: {}
[114.906872] (-) TimerEvent: {}
[115.007720] (-) TimerEvent: {}
[115.108561] (-) TimerEvent: {}
[115.209268] (-) TimerEvent: {}
[115.310106] (-) TimerEvent: {}
[115.411475] (-) TimerEvent: {}
[115.512259] (-) TimerEvent: {}
[115.613016] (-) TimerEvent: {}
[115.713766] (-) TimerEvent: {}
[115.814511] (-) TimerEvent: {}
[115.915229] (-) TimerEvent: {}
[116.015918] (-) TimerEvent: {}
[116.116794] (-) TimerEvent: {}
[116.217450] (-) TimerEvent: {}
[116.318102] (-) TimerEvent: {}
[116.418724] (-) TimerEvent: {}
[116.519386] (-) TimerEvent: {}
[116.620044] (-) TimerEvent: {}
[116.720726] (-) TimerEvent: {}
[116.821427] (-) TimerEvent: {}
[116.922109] (-) TimerEvent: {}
[117.022773] (-) TimerEvent: {}
[117.123515] (-) TimerEvent: {}
[117.224150] (-) TimerEvent: {}
[117.324814] (-) TimerEvent: {}
[117.425839] (-) TimerEvent: {}
[117.530115] (-) TimerEvent: {}
[117.633870] (-) TimerEvent: {}
[117.737141] (-) TimerEvent: {}
[117.841113] (-) TimerEvent: {}
[117.941930] (-) TimerEvent: {}
[118.042774] (-) TimerEvent: {}
[118.145973] (-) TimerEvent: {}
[118.246687] (-) TimerEvent: {}
[118.347407] (-) TimerEvent: {}
[118.448103] (-) TimerEvent: {}
[118.548800] (-) TimerEvent: {}
[118.649529] (-) TimerEvent: {}
[118.750238] (-) TimerEvent: {}
[118.850985] (-) TimerEvent: {}
[118.951698] (-) TimerEvent: {}
[119.052515] (-) TimerEvent: {}
[119.153228] (-) TimerEvent: {}
[119.254014] (-) TimerEvent: {}
[119.354647] (-) TimerEvent: {}
[119.455394] (-) TimerEvent: {}
[119.555994] (-) TimerEvent: {}
[119.656601] (-) TimerEvent: {}
[119.757312] (-) TimerEvent: {}
[119.858021] (-) TimerEvent: {}
[119.958852] (-) TimerEvent: {}
[120.059668] (-) TimerEvent: {}
[120.160397] (-) TimerEvent: {}
[120.261188] (-) TimerEvent: {}
[120.361828] (-) TimerEvent: {}
[120.462466] (-) TimerEvent: {}
[120.563276] (-) TimerEvent: {}
[120.663940] (-) TimerEvent: {}
[120.764639] (-) TimerEvent: {}
[120.865384] (-) TimerEvent: {}
[120.966097] (-) TimerEvent: {}
[121.066903] (-) TimerEvent: {}
[121.167689] (-) TimerEvent: {}
[121.268471] (-) TimerEvent: {}
[121.369109] (-) TimerEvent: {}
[121.469745] (-) TimerEvent: {}
[121.570616] (-) TimerEvent: {}
[121.671220] (-) TimerEvent: {}
[121.771791] (-) TimerEvent: {}
[121.872641] (-) TimerEvent: {}
[121.973278] (-) TimerEvent: {}
[122.073878] (-) TimerEvent: {}
[122.174531] (-) TimerEvent: {}
[122.275185] (-) TimerEvent: {}
[122.376006] (-) TimerEvent: {}
[122.476774] (-) TimerEvent: {}
[122.577882] (-) TimerEvent: {}
[122.678622] (-) TimerEvent: {}
[122.779310] (-) TimerEvent: {}
[122.880104] (-) TimerEvent: {}
[122.980711] (-) TimerEvent: {}
[123.081480] (-) TimerEvent: {}
[123.182122] (-) TimerEvent: {}
[123.282757] (-) TimerEvent: {}
[123.383442] (-) TimerEvent: {}
[123.484102] (-) TimerEvent: {}
[123.584755] (-) TimerEvent: {}
[123.685465] (-) TimerEvent: {}
[123.786123] (-) TimerEvent: {}
[123.886797] (-) TimerEvent: {}
[123.987528] (-) TimerEvent: {}
[124.088177] (-) TimerEvent: {}
[124.191107] (-) TimerEvent: {}
[124.295098] (-) TimerEvent: {}
[124.395992] (-) TimerEvent: {}
[124.498112] (-) TimerEvent: {}
[124.599566] (-) TimerEvent: {}
[124.700352] (-) TimerEvent: {}
[124.801114] (-) TimerEvent: {}
[124.901917] (-) TimerEvent: {}
[125.002862] (-) TimerEvent: {}
[125.103587] (-) TimerEvent: {}
[125.204313] (-) TimerEvent: {}
[125.305006] (-) TimerEvent: {}
[125.405833] (-) TimerEvent: {}
[125.506574] (-) TimerEvent: {}
[125.607239] (-) TimerEvent: {}
[125.707920] (-) TimerEvent: {}
[125.808660] (-) TimerEvent: {}
[125.909312] (-) TimerEvent: {}
[126.010034] (-) TimerEvent: {}
[126.110804] (-) TimerEvent: {}
[126.211529] (-) TimerEvent: {}
[126.312170] (-) TimerEvent: {}
[126.412840] (-) TimerEvent: {}
[126.513541] (-) TimerEvent: {}
[126.614194] (-) TimerEvent: {}
[126.714863] (-) TimerEvent: {}
[126.815601] (-) TimerEvent: {}
[126.916291] (-) TimerEvent: {}
[127.017097] (-) TimerEvent: {}
[127.117798] (-) TimerEvent: {}
[127.218607] (-) TimerEvent: {}
[127.319290] (-) TimerEvent: {}
[127.419908] (-) TimerEvent: {}
[127.520554] (-) TimerEvent: {}
[127.621209] (-) TimerEvent: {}
[127.721842] (-) TimerEvent: {}
[127.822511] (-) TimerEvent: {}
[127.923108] (-) TimerEvent: {}
[128.023721] (-) TimerEvent: {}
[128.124390] (-) TimerEvent: {}
[128.225038] (-) TimerEvent: {}
[128.325671] (-) TimerEvent: {}
[128.426274] (-) TimerEvent: {}
[128.526888] (-) TimerEvent: {}
[128.627546] (-) TimerEvent: {}
[128.728193] (-) TimerEvent: {}
[128.830222] (-) TimerEvent: {}
[128.931022] (-) TimerEvent: {}
[129.031732] (-) TimerEvent: {}
[129.132475] (-) TimerEvent: {}
[129.233228] (-) TimerEvent: {}
[129.333998] (-) TimerEvent: {}
[129.434789] (-) TimerEvent: {}
[129.536866] (-) TimerEvent: {}
[129.637550] (-) TimerEvent: {}
[129.738237] (-) TimerEvent: {}
[129.838883] (-) TimerEvent: {}
[129.943309] (-) TimerEvent: {}
[130.044032] (-) TimerEvent: {}
[130.144725] (-) TimerEvent: {}
[130.245446] (-) TimerEvent: {}
[130.346107] (-) TimerEvent: {}
[130.446781] (-) TimerEvent: {}
[130.547494] (-) TimerEvent: {}
[130.648159] (-) TimerEvent: {}
[130.748819] (-) TimerEvent: {}
[130.849524] (-) TimerEvent: {}
[130.950183] (-) TimerEvent: {}
[131.050941] (-) TimerEvent: {}
[131.154107] (-) TimerEvent: {}
[131.254869] (-) TimerEvent: {}
[131.360216] (-) TimerEvent: {}
[131.461018] (-) TimerEvent: {}
[131.563804] (-) TimerEvent: {}
[131.665440] (-) TimerEvent: {}
[131.766606] (-) TimerEvent: {}
[131.867456] (-) TimerEvent: {}
[131.968122] (-) TimerEvent: {}
[132.068803] (-) TimerEvent: {}
[132.169534] (-) TimerEvent: {}
[132.270221] (-) TimerEvent: {}
[132.371040] (-) TimerEvent: {}
[132.471678] (-) TimerEvent: {}
[132.572334] (-) TimerEvent: {}
[132.672996] (-) TimerEvent: {}
[132.773653] (-) TimerEvent: {}
[132.874297] (-) TimerEvent: {}
[132.975007] (-) TimerEvent: {}
[133.075685] (-) TimerEvent: {}
[133.176428] (-) TimerEvent: {}
[133.277089] (-) TimerEvent: {}
[133.377752] (-) TimerEvent: {}
[133.478438] (-) TimerEvent: {}
[133.579152] (-) TimerEvent: {}
[133.679845] (-) TimerEvent: {}
[133.780551] (-) TimerEvent: {}
[133.881252] (-) TimerEvent: {}
[133.982205] (-) TimerEvent: {}
[134.085432] (-) TimerEvent: {}
[134.186536] (-) TimerEvent: {}
[134.287183] (-) TimerEvent: {}
[134.387798] (-) TimerEvent: {}
[134.489005] (-) TimerEvent: {}
[134.589625] (-) TimerEvent: {}
[134.690217] (-) TimerEvent: {}
[134.790822] (-) TimerEvent: {}
[134.891695] (-) TimerEvent: {}
[134.992514] (-) TimerEvent: {}
[135.093233] (-) TimerEvent: {}
[135.194048] (-) TimerEvent: {}
[135.294620] (-) TimerEvent: {}
[135.395218] (-) TimerEvent: {}
[135.495832] (-) TimerEvent: {}
[135.596484] (-) TimerEvent: {}
[135.697130] (-) TimerEvent: {}
[135.797804] (-) TimerEvent: {}
[135.898499] (-) TimerEvent: {}
[135.999130] (-) TimerEvent: {}
[136.099871] (-) TimerEvent: {}
[136.200696] (-) TimerEvent: {}
[136.301536] (-) TimerEvent: {}
[136.402347] (-) TimerEvent: {}
[136.503099] (-) TimerEvent: {}
[136.603826] (-) TimerEvent: {}
[136.704708] (-) TimerEvent: {}
[136.805450] (-) TimerEvent: {}
[136.906190] (-) TimerEvent: {}
[137.006902] (-) TimerEvent: {}
[137.107624] (-) TimerEvent: {}
[137.208362] (-) TimerEvent: {}
[137.309095] (-) TimerEvent: {}
[137.409797] (-) TimerEvent: {}
[137.510573] (-) TimerEvent: {}
[137.613125] (-) TimerEvent: {}
[137.717110] (-) TimerEvent: {}
[137.817918] (-) TimerEvent: {}
[137.918681] (-) TimerEvent: {}
[138.019479] (-) TimerEvent: {}
[138.120272] (-) TimerEvent: {}
[138.221042] (-) TimerEvent: {}
[138.321726] (-) TimerEvent: {}
[138.422456] (-) TimerEvent: {}
[138.523690] (-) TimerEvent: {}
[138.625101] (-) TimerEvent: {}
[138.726022] (-) TimerEvent: {}
[138.826673] (-) TimerEvent: {}
[138.927272] (-) TimerEvent: {}
[139.027879] (-) TimerEvent: {}
[139.128516] (-) TimerEvent: {}
[139.229109] (-) TimerEvent: {}
[139.329750] (-) TimerEvent: {}
[139.430389] (-) TimerEvent: {}
[139.531013] (-) TimerEvent: {}
[139.631609] (-) TimerEvent: {}
[139.732207] (-) TimerEvent: {}
[139.832871] (-) TimerEvent: {}
[139.934398] (-) TimerEvent: {}
[140.035619] (-) TimerEvent: {}
[140.136222] (-) TimerEvent: {}
[140.236838] (-) TimerEvent: {}
[140.337487] (-) TimerEvent: {}
[140.438101] (-) TimerEvent: {}
[140.538712] (-) TimerEvent: {}
[140.639341] (-) TimerEvent: {}
[140.739981] (-) TimerEvent: {}
[140.841430] (-) TimerEvent: {}
[140.945129] (-) TimerEvent: {}
[141.046124] (-) TimerEvent: {}
[141.146899] (-) TimerEvent: {}
[141.248025] (-) TimerEvent: {}
[141.354265] (-) TimerEvent: {}
[141.455517] (-) TimerEvent: {}
[141.556447] (-) TimerEvent: {}
[141.658064] (-) TimerEvent: {}
[141.763138] (-) TimerEvent: {}
[141.863932] (-) TimerEvent: {}
[141.966626] (-) TimerEvent: {}
[142.067526] (-) TimerEvent: {}
[142.170817] (-) TimerEvent: {}
[142.273110] (-) TimerEvent: {}
[142.374541] (-) TimerEvent: {}
[142.476738] (-) TimerEvent: {}
[142.579120] (-) TimerEvent: {}
[142.681237] (-) TimerEvent: {}
[142.782276] (-) TimerEvent: {}
[142.885116] (-) TimerEvent: {}
[142.986216] (-) TimerEvent: {}
[143.089439] (-) TimerEvent: {}
[143.192345] (-) TimerEvent: {}
[143.294859] (-) TimerEvent: {}
[143.397374] (-) TimerEvent: {}
[143.501405] (-) TimerEvent: {}
[143.602204] (-) TimerEvent: {}
[143.703062] (-) TimerEvent: {}
[143.803894] (-) TimerEvent: {}
[143.904815] (-) TimerEvent: {}
[144.005627] (-) TimerEvent: {}
[144.106394] (-) TimerEvent: {}
[144.207109] (-) TimerEvent: {}
[144.308077] (-) TimerEvent: {}
[144.408862] (-) TimerEvent: {}
[144.510118] (-) TimerEvent: {}
[144.610864] (-) TimerEvent: {}
[144.712417] (-) TimerEvent: {}
[144.814146] (-) TimerEvent: {}
[144.918282] (-) TimerEvent: {}
[145.020893] (-) TimerEvent: {}
[145.125404] (-) TimerEvent: {}
[145.227143] (-) TimerEvent: {}
[145.328349] (-) TimerEvent: {}
[145.429623] (-) TimerEvent: {}
[145.530835] (-) TimerEvent: {}
[145.632040] (-) TimerEvent: {}
[145.732769] (-) TimerEvent: {}
[145.836642] (-) TimerEvent: {}
[145.938909] (-) TimerEvent: {}
[146.040725] (-) TimerEvent: {}
[146.141565] (-) TimerEvent: {}
[146.242480] (-) TimerEvent: {}
[146.343129] (-) TimerEvent: {}
[146.443783] (-) TimerEvent: {}
[146.544425] (-) TimerEvent: {}
[146.645075] (-) TimerEvent: {}
[146.745737] (-) TimerEvent: {}
[146.846475] (-) TimerEvent: {}
[146.947145] (-) TimerEvent: {}
[147.047807] (-) TimerEvent: {}
[147.148694] (-) TimerEvent: {}
[147.249414] (-) TimerEvent: {}
[147.350134] (-) TimerEvent: {}
[147.450757] (-) TimerEvent: {}
[147.551521] (-) TimerEvent: {}
[147.652278] (-) TimerEvent: {}
[147.753122] (-) TimerEvent: {}
[147.853841] (-) TimerEvent: {}
[147.954730] (-) TimerEvent: {}
[148.011685] (simple_robot) StdoutLine: {'line': b'[ 40%] \x1b[32mBuilding CXX object CMakeFiles/robot_map_node.dir/src/robot.cpp.o\x1b[0m\n'}
[148.058102] (-) TimerEvent: {}
[148.158944] (-) TimerEvent: {}
[148.261151] (-) TimerEvent: {}
[148.363373] (-) TimerEvent: {}
[148.466099] (-) TimerEvent: {}
[148.566900] (-) TimerEvent: {}
[148.667836] (-) TimerEvent: {}
[148.769185] (-) TimerEvent: {}
[148.871627] (-) TimerEvent: {}
[148.982220] (-) TimerEvent: {}
[149.085363] (-) TimerEvent: {}
[149.187921] (-) TimerEvent: {}
[149.292169] (-) TimerEvent: {}
[149.400132] (-) TimerEvent: {}
[149.501072] (-) TimerEvent: {}
[149.602216] (-) TimerEvent: {}
[149.708124] (-) TimerEvent: {}
[149.809060] (-) TimerEvent: {}
[149.909886] (-) TimerEvent: {}
[150.013101] (-) TimerEvent: {}
[150.113904] (-) TimerEvent: {}
[150.216504] (-) TimerEvent: {}
[150.317330] (-) TimerEvent: {}
[150.418317] (-) TimerEvent: {}
[150.519313] (-) TimerEvent: {}
[150.620250] (-) TimerEvent: {}
[150.722386] (-) TimerEvent: {}
[150.823415] (-) TimerEvent: {}
[150.924362] (-) TimerEvent: {}
[151.025439] (-) TimerEvent: {}
[151.127530] (-) TimerEvent: {}
[151.229528] (-) TimerEvent: {}
[151.332525] (-) TimerEvent: {}
[151.433692] (-) TimerEvent: {}
[151.536275] (-) TimerEvent: {}
[151.637099] (-) TimerEvent: {}
[151.739558] (-) TimerEvent: {}
[151.840438] (-) TimerEvent: {}
[151.942382] (-) TimerEvent: {}
[152.043582] (-) TimerEvent: {}
[152.144865] (-) TimerEvent: {}
[152.245670] (-) TimerEvent: {}
[152.346558] (-) TimerEvent: {}
[152.447357] (-) TimerEvent: {}
[152.548102] (-) TimerEvent: {}
[152.648817] (-) TimerEvent: {}
[152.749582] (-) TimerEvent: {}
[152.850301] (-) TimerEvent: {}
[152.951016] (-) TimerEvent: {}
[153.051655] (-) TimerEvent: {}
[153.154714] (-) TimerEvent: {}
[153.256418] (-) TimerEvent: {}
[153.357197] (-) TimerEvent: {}
[153.457986] (-) TimerEvent: {}
[153.558672] (-) TimerEvent: {}
[153.659396] (-) TimerEvent: {}
[153.760076] (-) TimerEvent: {}
[153.860814] (-) TimerEvent: {}
[153.961580] (-) TimerEvent: {}
[154.062294] (-) TimerEvent: {}
[154.163043] (-) TimerEvent: {}
[154.263879] (-) TimerEvent: {}
[154.364712] (-) TimerEvent: {}
[154.465391] (-) TimerEvent: {}
[154.566072] (-) TimerEvent: {}
[154.666747] (-) TimerEvent: {}
[154.767451] (-) TimerEvent: {}
[154.868224] (-) TimerEvent: {}
[154.969046] (-) TimerEvent: {}
[155.069791] (-) TimerEvent: {}
[155.170593] (-) TimerEvent: {}
[155.271269] (-) TimerEvent: {}
[155.372030] (-) TimerEvent: {}
[155.472771] (-) TimerEvent: {}
[155.574162] (-) TimerEvent: {}
[155.674924] (-) TimerEvent: {}
[155.775756] (-) TimerEvent: {}
[155.879117] (-) TimerEvent: {}
[155.984110] (-) TimerEvent: {}
[156.084895] (-) TimerEvent: {}
[156.185693] (-) TimerEvent: {}
[156.286516] (-) TimerEvent: {}
[156.387440] (-) TimerEvent: {}
[156.488292] (-) TimerEvent: {}
[156.589228] (-) TimerEvent: {}
[156.689931] (-) TimerEvent: {}
[156.790754] (-) TimerEvent: {}
[156.891551] (-) TimerEvent: {}
[156.992360] (-) TimerEvent: {}
[157.093217] (-) TimerEvent: {}
[157.194063] (-) TimerEvent: {}
[157.294870] (-) TimerEvent: {}
[157.395636] (-) TimerEvent: {}
[157.496423] (-) TimerEvent: {}
[157.597178] (-) TimerEvent: {}
[157.698080] (-) TimerEvent: {}
[157.799526] (-) TimerEvent: {}
[157.900172] (-) TimerEvent: {}
[158.000789] (-) TimerEvent: {}
[158.101457] (-) TimerEvent: {}
[158.202095] (-) TimerEvent: {}
[158.302725] (-) TimerEvent: {}
[158.403431] (-) TimerEvent: {}
[158.504065] (-) TimerEvent: {}
[158.604708] (-) TimerEvent: {}
[158.705406] (-) TimerEvent: {}
[158.806208] (-) TimerEvent: {}
[158.906840] (-) TimerEvent: {}
[159.007551] (-) TimerEvent: {}
[159.108191] (-) TimerEvent: {}
[159.208818] (-) TimerEvent: {}
[159.309564] (-) TimerEvent: {}
[159.410370] (-) TimerEvent: {}
[159.511113] (-) TimerEvent: {}
[159.611783] (-) TimerEvent: {}
[159.712478] (-) TimerEvent: {}
[159.813124] (-) TimerEvent: {}
[159.914532] (-) TimerEvent: {}
[160.019103] (-) TimerEvent: {}
[160.119918] (-) TimerEvent: {}
[160.220709] (-) TimerEvent: {}
[160.321524] (-) TimerEvent: {}
[160.422335] (-) TimerEvent: {}
[160.523100] (-) TimerEvent: {}
[160.623839] (-) TimerEvent: {}
[160.724641] (-) TimerEvent: {}
[160.825419] (-) TimerEvent: {}
[160.926113] (-) TimerEvent: {}
[161.026695] (-) TimerEvent: {}
[161.127455] (-) TimerEvent: {}
[161.228178] (-) TimerEvent: {}
[161.328909] (-) TimerEvent: {}
[161.429624] (-) TimerEvent: {}
[161.530350] (-) TimerEvent: {}
[161.631060] (-) TimerEvent: {}
[161.731784] (-) TimerEvent: {}
[161.832547] (-) TimerEvent: {}
[161.933835] (-) TimerEvent: {}
[162.034515] (-) TimerEvent: {}
[162.135187] (-) TimerEvent: {}
[162.235942] (-) TimerEvent: {}
[162.339116] (-) TimerEvent: {}
[162.443717] (-) TimerEvent: {}
[162.544995] (-) TimerEvent: {}
[162.650424] (-) TimerEvent: {}
[162.753097] (-) TimerEvent: {}
[162.853815] (-) TimerEvent: {}
[162.954565] (-) TimerEvent: {}
[163.055283] (-) TimerEvent: {}
[163.155941] (-) TimerEvent: {}
[163.256648] (-) TimerEvent: {}
[163.357244] (-) TimerEvent: {}
[163.457854] (-) TimerEvent: {}
[163.558489] (-) TimerEvent: {}
[163.659136] (-) TimerEvent: {}
[163.759763] (-) TimerEvent: {}
[163.860474] (-) TimerEvent: {}
[163.925387] (simple_robot) StdoutLine: {'line': b'[ 50%] \x1b[32m\x1b[1mLinking CXX executable robot_map_node\x1b[0m\n'}
[163.960645] (-) TimerEvent: {}
[164.061860] (-) TimerEvent: {}
[164.163466] (-) TimerEvent: {}
[164.264931] (-) TimerEvent: {}
[164.366723] (-) TimerEvent: {}
[164.470330] (-) TimerEvent: {}
[164.572095] (-) TimerEvent: {}
[164.674138] (-) TimerEvent: {}
[164.782253] (-) TimerEvent: {}
[164.885128] (-) TimerEvent: {}
[164.986162] (-) TimerEvent: {}
[165.087106] (-) TimerEvent: {}
[165.190497] (-) TimerEvent: {}
[165.291526] (-) TimerEvent: {}
[165.396005] (-) TimerEvent: {}
[165.500137] (-) TimerEvent: {}
[165.602616] (-) TimerEvent: {}
[165.708132] (-) TimerEvent: {}
[165.812193] (-) TimerEvent: {}
[165.915993] (-) TimerEvent: {}
[166.019246] (-) TimerEvent: {}
[166.120243] (-) TimerEvent: {}
[166.221068] (-) TimerEvent: {}
[166.324072] (-) TimerEvent: {}
[166.424879] (-) TimerEvent: {}
[166.525846] (-) TimerEvent: {}
[166.627036] (-) TimerEvent: {}
[166.727793] (-) TimerEvent: {}
[166.828714] (-) TimerEvent: {}
[166.929527] (-) TimerEvent: {}
[167.030400] (-) TimerEvent: {}
[167.131409] (-) TimerEvent: {}
[167.234126] (-) TimerEvent: {}
[167.337277] (-) TimerEvent: {}
[167.440687] (-) TimerEvent: {}
[167.547105] (-) TimerEvent: {}
[167.652515] (-) TimerEvent: {}
[167.756324] (-) TimerEvent: {}
[167.861215] (-) TimerEvent: {}
[167.970842] (-) TimerEvent: {}
[168.075127] (-) TimerEvent: {}
[168.179103] (-) TimerEvent: {}
[168.279986] (-) TimerEvent: {}
[168.382347] (-) TimerEvent: {}
[168.484377] (-) TimerEvent: {}
[168.585901] (-) TimerEvent: {}
[168.686660] (-) TimerEvent: {}
[168.787507] (-) TimerEvent: {}
[168.888329] (-) TimerEvent: {}
[168.989092] (-) TimerEvent: {}
[169.089754] (-) TimerEvent: {}
[169.190487] (-) TimerEvent: {}
[169.291123] (-) TimerEvent: {}
[169.391742] (-) TimerEvent: {}
[169.492433] (-) TimerEvent: {}
[169.593106] (-) TimerEvent: {}
[169.693770] (-) TimerEvent: {}
[169.794454] (-) TimerEvent: {}
[169.895223] (-) TimerEvent: {}
[169.996104] (-) TimerEvent: {}
[170.096742] (-) TimerEvent: {}
[170.197487] (-) TimerEvent: {}
[170.298208] (-) TimerEvent: {}
[170.398924] (-) TimerEvent: {}
[170.499727] (-) TimerEvent: {}
[170.600501] (-) TimerEvent: {}
[170.701212] (-) TimerEvent: {}
[170.801979] (-) TimerEvent: {}
[170.902708] (-) TimerEvent: {}
[170.903790] (simple_robot) StdoutLine: {'line': b'[ 50%] Built target robot_map_node\n'}
[171.002989] (-) TimerEvent: {}
[171.066768] (simple_robot) StdoutLine: {'line': b'[ 60%] \x1b[32mBuilding CXX object src/CMakeFiles/grid_map.dir/grid_map.cpp.o\x1b[0m\n'}
[171.103134] (-) TimerEvent: {}
[171.203899] (-) TimerEvent: {}
[171.304787] (-) TimerEvent: {}
[171.406812] (-) TimerEvent: {}
[171.507669] (-) TimerEvent: {}
[171.613333] (-) TimerEvent: {}
[171.715698] (-) TimerEvent: {}
[171.819073] (-) TimerEvent: {}
[171.921813] (-) TimerEvent: {}
[172.022847] (-) TimerEvent: {}
[172.123811] (-) TimerEvent: {}
[172.224924] (-) TimerEvent: {}
[172.325727] (-) TimerEvent: {}
[172.429119] (-) TimerEvent: {}
[172.529996] (-) TimerEvent: {}
[172.631024] (-) TimerEvent: {}
[172.731868] (-) TimerEvent: {}
[172.834298] (-) TimerEvent: {}
[172.935264] (-) TimerEvent: {}
[173.037337] (-) TimerEvent: {}
[173.138143] (-) TimerEvent: {}
[173.238996] (-) TimerEvent: {}
[173.340155] (-) TimerEvent: {}
[173.442114] (-) TimerEvent: {}
[173.542893] (-) TimerEvent: {}
[173.643622] (-) TimerEvent: {}
[173.744589] (-) TimerEvent: {}
[173.845392] (-) TimerEvent: {}
[173.946325] (-) TimerEvent: {}
[174.047521] (-) TimerEvent: {}
[174.154051] (-) TimerEvent: {}
[174.261551] (-) TimerEvent: {}
[174.368360] (-) TimerEvent: {}
[174.471105] (-) TimerEvent: {}
[174.578656] (-) TimerEvent: {}
[174.686422] (-) TimerEvent: {}
[174.791104] (-) TimerEvent: {}
[174.894892] (-) TimerEvent: {}
[174.995819] (-) TimerEvent: {}
[175.098752] (-) TimerEvent: {}
[175.202187] (-) TimerEvent: {}
[175.304746] (-) TimerEvent: {}
[175.405710] (-) TimerEvent: {}
[175.507492] (-) TimerEvent: {}
[175.608363] (-) TimerEvent: {}
[175.709209] (-) TimerEvent: {}
[175.809886] (-) TimerEvent: {}
[175.910569] (-) TimerEvent: {}
[176.011322] (-) TimerEvent: {}
[176.112060] (-) TimerEvent: {}
[176.212806] (-) TimerEvent: {}
[176.313570] (-) TimerEvent: {}
[176.414461] (-) TimerEvent: {}
[176.515127] (-) TimerEvent: {}
[176.615790] (-) TimerEvent: {}
[176.716507] (-) TimerEvent: {}
[176.817302] (-) TimerEvent: {}
[176.918050] (-) TimerEvent: {}
[177.018830] (-) TimerEvent: {}
[177.119596] (-) TimerEvent: {}
[177.221073] (-) TimerEvent: {}
[177.321827] (-) TimerEvent: {}
[177.422627] (-) TimerEvent: {}
[177.523357] (-) TimerEvent: {}
[177.624121] (-) TimerEvent: {}
[177.724850] (-) TimerEvent: {}
[177.825651] (-) TimerEvent: {}
[177.926309] (-) TimerEvent: {}
[178.026939] (-) TimerEvent: {}
[178.127607] (-) TimerEvent: {}
[178.228301] (-) TimerEvent: {}
[178.328942] (-) TimerEvent: {}
[178.429615] (-) TimerEvent: {}
[178.530272] (-) TimerEvent: {}
[178.630903] (-) TimerEvent: {}
[178.731741] (-) TimerEvent: {}
[178.832600] (-) TimerEvent: {}
[178.933408] (-) TimerEvent: {}
[179.034157] (-) TimerEvent: {}
[179.134972] (-) TimerEvent: {}
[179.235719] (-) TimerEvent: {}
[179.336536] (-) TimerEvent: {}
[179.437301] (-) TimerEvent: {}
[179.538105] (-) TimerEvent: {}
[179.638916] (-) TimerEvent: {}
[179.739735] (-) TimerEvent: {}
[179.840749] (-) TimerEvent: {}
[179.941639] (-) TimerEvent: {}
[180.042453] (-) TimerEvent: {}
[180.143235] (-) TimerEvent: {}
[180.243900] (-) TimerEvent: {}
[180.344510] (-) TimerEvent: {}
[180.445140] (-) TimerEvent: {}
[180.545812] (-) TimerEvent: {}
[180.646495] (-) TimerEvent: {}
[180.747136] (-) TimerEvent: {}
[180.847802] (-) TimerEvent: {}
[180.948584] (-) TimerEvent: {}
[181.049332] (-) TimerEvent: {}
[181.150135] (-) TimerEvent: {}
[181.250804] (-) TimerEvent: {}
[181.352402] (-) TimerEvent: {}
[181.453113] (-) TimerEvent: {}
[181.553896] (-) TimerEvent: {}
[181.654585] (-) TimerEvent: {}
[181.755231] (-) TimerEvent: {}
[181.858108] (-) TimerEvent: {}
[181.958913] (-) TimerEvent: {}
[182.062112] (-) TimerEvent: {}
[182.162913] (-) TimerEvent: {}
[182.264090] (-) TimerEvent: {}
[182.364898] (-) TimerEvent: {}
[182.466266] (-) TimerEvent: {}
[182.567739] (-) TimerEvent: {}
[182.668484] (-) TimerEvent: {}
[182.769254] (-) TimerEvent: {}
[182.870037] (-) TimerEvent: {}
[182.970767] (-) TimerEvent: {}
[183.071554] (-) TimerEvent: {}
[183.172351] (-) TimerEvent: {}
[183.273111] (-) TimerEvent: {}
[183.373875] (-) TimerEvent: {}
[183.474696] (-) TimerEvent: {}
[183.575472] (-) TimerEvent: {}
[183.676243] (-) TimerEvent: {}
[183.776995] (-) TimerEvent: {}
[183.877753] (-) TimerEvent: {}
[183.978557] (-) TimerEvent: {}
[184.079367] (-) TimerEvent: {}
[184.180213] (-) TimerEvent: {}
[184.280985] (-) TimerEvent: {}
[184.381776] (-) TimerEvent: {}
[184.482619] (-) TimerEvent: {}
[184.583409] (-) TimerEvent: {}
[184.684228] (-) TimerEvent: {}
[184.785001] (-) TimerEvent: {}
[184.885900] (-) TimerEvent: {}
[184.986748] (-) TimerEvent: {}
[185.087432] (-) TimerEvent: {}
[185.188104] (-) TimerEvent: {}
[185.288764] (-) TimerEvent: {}
[185.389406] (-) TimerEvent: {}
[185.490068] (-) TimerEvent: {}
[185.590718] (-) TimerEvent: {}
[185.691342] (-) TimerEvent: {}
[185.792025] (-) TimerEvent: {}
[185.892680] (-) TimerEvent: {}
[185.993324] (-) TimerEvent: {}
[186.094118] (-) TimerEvent: {}
[186.194734] (-) TimerEvent: {}
[186.295368] (-) TimerEvent: {}
[186.396066] (-) TimerEvent: {}
[186.496625] (-) TimerEvent: {}
[186.597254] (-) TimerEvent: {}
[186.698044] (-) TimerEvent: {}
[186.798746] (-) TimerEvent: {}
[186.899588] (-) TimerEvent: {}
[187.000471] (-) TimerEvent: {}
[187.101331] (-) TimerEvent: {}
[187.117498] (simple_robot) StdoutLine: {'line': b'[ 70%] \x1b[32mBuilding CXX object src/CMakeFiles/grid_map.dir/main.cpp.o\x1b[0m\n'}
[187.201533] (-) TimerEvent: {}
[187.302103] (-) TimerEvent: {}
[187.402850] (-) TimerEvent: {}
[187.505111] (-) TimerEvent: {}
[187.605902] (-) TimerEvent: {}
[187.706666] (-) TimerEvent: {}
[187.809103] (-) TimerEvent: {}
[187.909936] (-) TimerEvent: {}
[188.014495] (-) TimerEvent: {}
[188.121088] (-) TimerEvent: {}
[188.224737] (-) TimerEvent: {}
[188.328981] (-) TimerEvent: {}
[188.431857] (-) TimerEvent: {}
[188.532835] (-) TimerEvent: {}
[188.641129] (-) TimerEvent: {}
[188.742087] (-) TimerEvent: {}
[188.845121] (-) TimerEvent: {}
[188.949142] (-) TimerEvent: {}
[189.050007] (-) TimerEvent: {}
[189.150790] (-) TimerEvent: {}
[189.252360] (-) TimerEvent: {}
[189.356814] (-) TimerEvent: {}
[189.457679] (-) TimerEvent: {}
[189.558566] (-) TimerEvent: {}
[189.659438] (-) TimerEvent: {}
[189.760283] (-) TimerEvent: {}
[189.861509] (-) TimerEvent: {}
[189.963523] (-) TimerEvent: {}
[190.065665] (-) TimerEvent: {}
[190.167548] (-) TimerEvent: {}
[190.271409] (-) TimerEvent: {}
[190.374591] (-) TimerEvent: {}
[190.475924] (-) TimerEvent: {}
[190.580044] (-) TimerEvent: {}
[190.682507] (-) TimerEvent: {}
[190.783401] (-) TimerEvent: {}
[190.885938] (-) TimerEvent: {}
[190.988111] (-) TimerEvent: {}
[191.089083] (-) TimerEvent: {}
[191.191785] (-) TimerEvent: {}
[191.293190] (-) TimerEvent: {}
[191.394846] (-) TimerEvent: {}
[191.496996] (-) TimerEvent: {}
[191.600402] (-) TimerEvent: {}
[191.701293] (-) TimerEvent: {}
[191.803041] (-) TimerEvent: {}
[191.903833] (-) TimerEvent: {}
[192.004752] (-) TimerEvent: {}
[192.105641] (-) TimerEvent: {}
[192.206534] (-) TimerEvent: {}
[192.307437] (-) TimerEvent: {}
[192.408119] (-) TimerEvent: {}
[192.508792] (-) TimerEvent: {}
[192.609514] (-) TimerEvent: {}
[192.710200] (-) TimerEvent: {}
[192.810973] (-) TimerEvent: {}
[192.911709] (-) TimerEvent: {}
[193.012467] (-) TimerEvent: {}
[193.113180] (-) TimerEvent: {}
[193.213923] (-) TimerEvent: {}
[193.314664] (-) TimerEvent: {}
[193.415395] (-) TimerEvent: {}
[193.516140] (-) TimerEvent: {}
[193.616844] (-) TimerEvent: {}
[193.718120] (-) TimerEvent: {}
[193.818752] (-) TimerEvent: {}
[193.919539] (-) TimerEvent: {}
[194.020283] (-) TimerEvent: {}
[194.121074] (-) TimerEvent: {}
[194.221757] (-) TimerEvent: {}
[194.322505] (-) TimerEvent: {}
[194.423142] (-) TimerEvent: {}
[194.523811] (-) TimerEvent: {}
[194.624477] (-) TimerEvent: {}
[194.726097] (-) TimerEvent: {}
[194.826862] (-) TimerEvent: {}
[194.931381] (-) TimerEvent: {}
[195.032117] (-) TimerEvent: {}
[195.135823] (-) TimerEvent: {}
[195.236792] (-) TimerEvent: {}
[195.340364] (-) TimerEvent: {}
[195.441937] (-) TimerEvent: {}
[195.543101] (-) TimerEvent: {}
[195.643986] (-) TimerEvent: {}
[195.744741] (-) TimerEvent: {}
[195.845450] (-) TimerEvent: {}
[195.946138] (-) TimerEvent: {}
[196.046862] (-) TimerEvent: {}
[196.147611] (-) TimerEvent: {}
[196.248719] (-) TimerEvent: {}
[196.353226] (-) TimerEvent: {}
[196.455856] (-) TimerEvent: {}
[196.556598] (-) TimerEvent: {}
[196.657229] (-) TimerEvent: {}
[196.757876] (-) TimerEvent: {}
[196.858640] (-) TimerEvent: {}
[196.959395] (-) TimerEvent: {}
[197.060136] (-) TimerEvent: {}
[197.160858] (-) TimerEvent: {}
[197.261619] (-) TimerEvent: {}
[197.362238] (-) TimerEvent: {}
[197.462978] (-) TimerEvent: {}
[197.568098] (-) TimerEvent: {}
[197.668874] (-) TimerEvent: {}
[197.772762] (-) TimerEvent: {}
[197.876109] (-) TimerEvent: {}
[197.977373] (-) TimerEvent: {}
[198.078132] (-) TimerEvent: {}
[198.178841] (-) TimerEvent: {}
[198.279796] (-) TimerEvent: {}
[198.380572] (-) TimerEvent: {}
[198.481527] (-) TimerEvent: {}
[198.582830] (-) TimerEvent: {}
[198.684361] (-) TimerEvent: {}
[198.785097] (-) TimerEvent: {}
[198.885863] (-) TimerEvent: {}
[198.986666] (-) TimerEvent: {}
[199.087474] (-) TimerEvent: {}
[199.188547] (-) TimerEvent: {}
[199.289268] (-) TimerEvent: {}
[199.390002] (-) TimerEvent: {}
[199.490723] (-) TimerEvent: {}
[199.591477] (-) TimerEvent: {}
[199.692099] (-) TimerEvent: {}
[199.792816] (-) TimerEvent: {}
[199.893607] (-) TimerEvent: {}
[199.994387] (-) TimerEvent: {}
[200.095110] (-) TimerEvent: {}
[200.196494] (-) TimerEvent: {}
[200.297295] (-) TimerEvent: {}
[200.398095] (-) TimerEvent: {}
[200.498762] (-) TimerEvent: {}
[200.599443] (-) TimerEvent: {}
[200.700123] (-) TimerEvent: {}
[200.801146] (-) TimerEvent: {}
[200.901907] (-) TimerEvent: {}
[201.002740] (-) TimerEvent: {}
[201.103734] (-) TimerEvent: {}
[201.204451] (-) TimerEvent: {}
[201.305137] (-) TimerEvent: {}
[201.405790] (-) TimerEvent: {}
[201.506604] (-) TimerEvent: {}
[201.607250] (-) TimerEvent: {}
[201.707935] (-) TimerEvent: {}
[201.808640] (-) TimerEvent: {}
[201.909305] (-) TimerEvent: {}
[202.010014] (-) TimerEvent: {}
[202.110686] (-) TimerEvent: {}
[202.211398] (-) TimerEvent: {}
[202.312082] (-) TimerEvent: {}
[202.412753] (-) TimerEvent: {}
[202.513906] (-) TimerEvent: {}
[202.614563] (-) TimerEvent: {}
[202.715189] (-) TimerEvent: {}
[202.815909] (-) TimerEvent: {}
[202.916555] (-) TimerEvent: {}
[203.017254] (-) TimerEvent: {}
[203.118670] (-) TimerEvent: {}
[203.219558] (-) TimerEvent: {}
[203.320740] (-) TimerEvent: {}
[203.421400] (-) TimerEvent: {}
[203.522056] (-) TimerEvent: {}
[203.622676] (-) TimerEvent: {}
[203.723307] (-) TimerEvent: {}
[203.824007] (-) TimerEvent: {}
[203.924661] (-) TimerEvent: {}
[204.025269] (-) TimerEvent: {}
[204.125914] (-) TimerEvent: {}
[204.226652] (-) TimerEvent: {}
[204.327280] (-) TimerEvent: {}
[204.427901] (-) TimerEvent: {}
[204.528606] (-) TimerEvent: {}
[204.629274] (-) TimerEvent: {}
[204.730016] (-) TimerEvent: {}
[204.830686] (-) TimerEvent: {}
[204.931540] (-) TimerEvent: {}
[205.032385] (-) TimerEvent: {}
[205.133075] (-) TimerEvent: {}
[205.233741] (-) TimerEvent: {}
[205.334400] (-) TimerEvent: {}
[205.435182] (-) TimerEvent: {}
[205.535988] (-) TimerEvent: {}
[205.636783] (-) TimerEvent: {}
[205.737576] (-) TimerEvent: {}
[205.838410] (-) TimerEvent: {}
[205.939148] (-) TimerEvent: {}
[206.039878] (-) TimerEvent: {}
[206.140604] (-) TimerEvent: {}
[206.241314] (-) TimerEvent: {}
[206.342073] (-) TimerEvent: {}
[206.442789] (-) TimerEvent: {}
[206.543491] (-) TimerEvent: {}
[206.644206] (-) TimerEvent: {}
[206.744978] (-) TimerEvent: {}
[206.845724] (-) TimerEvent: {}
[206.946440] (-) TimerEvent: {}
[207.047114] (-) TimerEvent: {}
[207.147808] (-) TimerEvent: {}
[207.248528] (-) TimerEvent: {}
[207.349230] (-) TimerEvent: {}
[207.449993] (-) TimerEvent: {}
[207.550672] (-) TimerEvent: {}
[207.651568] (-) TimerEvent: {}
[207.752350] (-) TimerEvent: {}
[207.853133] (-) TimerEvent: {}
[207.953825] (-) TimerEvent: {}
[208.054569] (-) TimerEvent: {}
[208.155207] (-) TimerEvent: {}
[208.255835] (-) TimerEvent: {}
[208.356671] (-) TimerEvent: {}
[208.457384] (-) TimerEvent: {}
[208.558075] (-) TimerEvent: {}
[208.658753] (-) TimerEvent: {}
[208.759466] (-) TimerEvent: {}
[208.860116] (-) TimerEvent: {}
[208.960792] (-) TimerEvent: {}
[209.061499] (-) TimerEvent: {}
[209.162134] (-) TimerEvent: {}
[209.262790] (-) TimerEvent: {}
[209.363479] (-) TimerEvent: {}
[209.464906] (-) TimerEvent: {}
[209.570099] (-) TimerEvent: {}
[209.671016] (-) TimerEvent: {}
[209.779110] (-) TimerEvent: {}
[209.879904] (-) TimerEvent: {}
[209.980751] (-) TimerEvent: {}
[210.081594] (-) TimerEvent: {}
[210.183507] (-) TimerEvent: {}
[210.284443] (-) TimerEvent: {}
[210.385133] (-) TimerEvent: {}
[210.485814] (-) TimerEvent: {}
[210.586524] (-) TimerEvent: {}
[210.687136] (-) TimerEvent: {}
[210.787810] (-) TimerEvent: {}
[210.888488] (-) TimerEvent: {}
[210.989130] (-) TimerEvent: {}
[211.089811] (-) TimerEvent: {}
[211.190511] (-) TimerEvent: {}
[211.291284] (-) TimerEvent: {}
[211.391903] (-) TimerEvent: {}
[211.492779] (-) TimerEvent: {}
[211.593527] (-) TimerEvent: {}
[211.694459] (-) TimerEvent: {}
[211.795139] (-) TimerEvent: {}
[211.895908] (-) TimerEvent: {}
[211.996660] (-) TimerEvent: {}
[212.097311] (-) TimerEvent: {}
[212.197986] (-) TimerEvent: {}
[212.298591] (-) TimerEvent: {}
[212.399914] (-) TimerEvent: {}
[212.500694] (-) TimerEvent: {}
[212.601381] (-) TimerEvent: {}
[212.702085] (-) TimerEvent: {}
[212.802770] (-) TimerEvent: {}
[212.903493] (-) TimerEvent: {}
[213.004138] (-) TimerEvent: {}
[213.104794] (-) TimerEvent: {}
[213.205442] (-) TimerEvent: {}
[213.306072] (-) TimerEvent: {}
[213.406754] (-) TimerEvent: {}
[213.507473] (-) TimerEvent: {}
[213.608155] (-) TimerEvent: {}
[213.708809] (-) TimerEvent: {}
[213.809587] (-) TimerEvent: {}
[213.910226] (-) TimerEvent: {}
[214.010893] (-) TimerEvent: {}
[214.111550] (-) TimerEvent: {}
[214.212177] (-) TimerEvent: {}
[214.312807] (-) TimerEvent: {}
[214.413660] (-) TimerEvent: {}
[214.514601] (-) TimerEvent: {}
[214.615483] (-) TimerEvent: {}
[214.716232] (-) TimerEvent: {}
[214.817610] (-) TimerEvent: {}
[214.918438] (-) TimerEvent: {}
[215.019353] (-) TimerEvent: {}
[215.120110] (-) TimerEvent: {}
[215.220839] (-) TimerEvent: {}
[215.321554] (-) TimerEvent: {}
[215.422257] (-) TimerEvent: {}
[215.522990] (-) TimerEvent: {}
[215.623718] (-) TimerEvent: {}
[215.724494] (-) TimerEvent: {}
[215.825393] (-) TimerEvent: {}
[215.926111] (-) TimerEvent: {}
[216.026774] (-) TimerEvent: {}
[216.127586] (-) TimerEvent: {}
[216.228401] (-) TimerEvent: {}
[216.329198] (-) TimerEvent: {}
[216.430261] (-) TimerEvent: {}
[216.532102] (-) TimerEvent: {}
[216.635398] (-) TimerEvent: {}
[216.736201] (-) TimerEvent: {}
[216.837080] (-) TimerEvent: {}
[216.940114] (-) TimerEvent: {}
[217.040912] (-) TimerEvent: {}
[217.142223] (-) TimerEvent: {}
[217.243073] (-) TimerEvent: {}
[217.343731] (-) TimerEvent: {}
[217.444424] (-) TimerEvent: {}
[217.545135] (-) TimerEvent: {}
[217.645807] (-) TimerEvent: {}
[217.746564] (-) TimerEvent: {}
[217.847231] (-) TimerEvent: {}
[217.948035] (-) TimerEvent: {}
[218.048688] (-) TimerEvent: {}
[218.149666] (-) TimerEvent: {}
[218.250535] (-) TimerEvent: {}
[218.351239] (-) TimerEvent: {}
[218.451981] (-) TimerEvent: {}
[218.552681] (-) TimerEvent: {}
[218.653415] (-) TimerEvent: {}
[218.754185] (-) TimerEvent: {}
[218.854988] (-) TimerEvent: {}
[218.955723] (-) TimerEvent: {}
[219.056584] (-) TimerEvent: {}
[219.157302] (-) TimerEvent: {}
[219.258189] (-) TimerEvent: {}
[219.359001] (-) TimerEvent: {}
[219.462157] (-) TimerEvent: {}
[219.563455] (-) TimerEvent: {}
[219.664301] (-) TimerEvent: {}
[219.765112] (-) TimerEvent: {}
[219.866484] (-) TimerEvent: {}
[219.969414] (-) TimerEvent: {}
[220.073570] (-) TimerEvent: {}
[220.174532] (-) TimerEvent: {}
[220.276477] (-) TimerEvent: {}
[220.377309] (-) TimerEvent: {}
[220.478065] (-) TimerEvent: {}
[220.582094] (-) TimerEvent: {}
[220.682934] (-) TimerEvent: {}
[220.783836] (-) TimerEvent: {}
[220.885818] (-) TimerEvent: {}
[220.989142] (-) TimerEvent: {}
[221.094103] (-) TimerEvent: {}
[221.194993] (-) TimerEvent: {}
[221.296366] (-) TimerEvent: {}
[221.400366] (-) TimerEvent: {}
[221.501214] (-) TimerEvent: {}
[221.602100] (-) TimerEvent: {}
[221.705172] (-) TimerEvent: {}
[221.806238] (-) TimerEvent: {}
[221.907148] (-) TimerEvent: {}
[222.007996] (-) TimerEvent: {}
[222.109146] (-) TimerEvent: {}
[222.209931] (-) TimerEvent: {}
[222.310687] (-) TimerEvent: {}
[222.411544] (-) TimerEvent: {}
[222.512270] (-) TimerEvent: {}
[222.613014] (-) TimerEvent: {}
[222.713709] (-) TimerEvent: {}
[222.814469] (-) TimerEvent: {}
[222.915130] (-) TimerEvent: {}
[223.015871] (-) TimerEvent: {}
[223.116576] (-) TimerEvent: {}
[223.217379] (-) TimerEvent: {}
[223.318106] (-) TimerEvent: {}
[223.418814] (-) TimerEvent: {}
[223.519587] (-) TimerEvent: {}
[223.620385] (-) TimerEvent: {}
[223.721243] (-) TimerEvent: {}
[223.821996] (-) TimerEvent: {}
[223.922730] (-) TimerEvent: {}
[224.023582] (-) TimerEvent: {}
[224.124769] (-) TimerEvent: {}
[224.226809] (-) TimerEvent: {}
[224.327545] (-) TimerEvent: {}
[224.428313] (-) TimerEvent: {}
[224.529027] (-) TimerEvent: {}
[224.629685] (-) TimerEvent: {}
[224.730396] (-) TimerEvent: {}
[224.831082] (-) TimerEvent: {}
[224.931904] (-) TimerEvent: {}
[225.033609] (-) TimerEvent: {}
[225.134271] (-) TimerEvent: {}
[225.234906] (-) TimerEvent: {}
[225.335513] (-) TimerEvent: {}
[225.436245] (-) TimerEvent: {}
[225.536907] (-) TimerEvent: {}
[225.637726] (-) TimerEvent: {}
[225.738421] (-) TimerEvent: {}
[225.839104] (-) TimerEvent: {}
[225.939866] (-) TimerEvent: {}
[226.040600] (-) TimerEvent: {}
[226.141370] (-) TimerEvent: {}
[226.242088] (-) TimerEvent: {}
[226.342758] (-) TimerEvent: {}
[226.443471] (-) TimerEvent: {}
[226.544281] (-) TimerEvent: {}
[226.645065] (-) TimerEvent: {}
[226.745748] (-) TimerEvent: {}
[226.846445] (-) TimerEvent: {}
[226.947114] (-) TimerEvent: {}
[227.047911] (-) TimerEvent: {}
[227.148609] (-) TimerEvent: {}
[227.249257] (-) TimerEvent: {}
[227.349935] (-) TimerEvent: {}
[227.450633] (-) TimerEvent: {}
[227.551298] (-) TimerEvent: {}
[227.651937] (-) TimerEvent: {}
[227.752723] (-) TimerEvent: {}
[227.856110] (-) TimerEvent: {}
[227.957231] (-) TimerEvent: {}
[228.061375] (-) TimerEvent: {}
[228.162226] (-) TimerEvent: {}
[228.268417] (-) TimerEvent: {}
[228.370162] (-) TimerEvent: {}
[228.471016] (-) TimerEvent: {}
[228.571740] (-) TimerEvent: {}
[228.672486] (-) TimerEvent: {}
[228.773365] (-) TimerEvent: {}
[228.874066] (-) TimerEvent: {}
[228.975199] (-) TimerEvent: {}
[229.075895] (-) TimerEvent: {}
[229.176600] (-) TimerEvent: {}
[229.277225] (-) TimerEvent: {}
[229.377860] (-) TimerEvent: {}
[229.478564] (-) TimerEvent: {}
[229.579212] (-) TimerEvent: {}
[229.679868] (-) TimerEvent: {}
[229.780520] (-) TimerEvent: {}
[229.881336] (-) TimerEvent: {}
[229.982116] (-) TimerEvent: {}
[230.082871] (-) TimerEvent: {}
[230.183610] (-) TimerEvent: {}
[230.284410] (-) TimerEvent: {}
[230.385200] (-) TimerEvent: {}
[230.486049] (-) TimerEvent: {}
[230.586845] (-) TimerEvent: {}
[230.687651] (-) TimerEvent: {}
[230.788485] (-) TimerEvent: {}
[230.889119] (-) TimerEvent: {}
[230.989839] (-) TimerEvent: {}
[231.091869] (-) TimerEvent: {}
[231.192615] (-) TimerEvent: {}
[231.293460] (-) TimerEvent: {}
[231.394131] (-) TimerEvent: {}
[231.494838] (-) TimerEvent: {}
[231.595546] (-) TimerEvent: {}
[231.696209] (-) TimerEvent: {}
[231.796894] (-) TimerEvent: {}
[231.897600] (-) TimerEvent: {}
[231.998314] (-) TimerEvent: {}
[232.099056] (-) TimerEvent: {}
[232.199775] (-) TimerEvent: {}
[232.300558] (-) TimerEvent: {}
[232.401264] (-) TimerEvent: {}
[232.501978] (-) TimerEvent: {}
[232.602709] (-) TimerEvent: {}
[232.703466] (-) TimerEvent: {}
[232.804167] (-) TimerEvent: {}
[232.904863] (-) TimerEvent: {}
[233.005602] (-) TimerEvent: {}
[233.106288] (-) TimerEvent: {}
[233.207032] (-) TimerEvent: {}
[233.307717] (-) TimerEvent: {}
[233.408577] (-) TimerEvent: {}
[233.509320] (-) TimerEvent: {}
[233.610051] (-) TimerEvent: {}
[233.710802] (-) TimerEvent: {}
[233.811586] (-) TimerEvent: {}
[233.912342] (-) TimerEvent: {}
[234.013121] (-) TimerEvent: {}
[234.113887] (-) TimerEvent: {}
[234.214630] (-) TimerEvent: {}
[234.315381] (-) TimerEvent: {}
[234.416135] (-) TimerEvent: {}
[234.516850] (-) TimerEvent: {}
[234.617613] (-) TimerEvent: {}
[234.718371] (-) TimerEvent: {}
[234.823107] (-) TimerEvent: {}
[234.923894] (-) TimerEvent: {}
[235.033106] (-) TimerEvent: {}
[235.136103] (-) TimerEvent: {}
[235.236921] (-) TimerEvent: {}
[235.337799] (-) TimerEvent: {}
[235.438640] (-) TimerEvent: {}
[235.539432] (-) TimerEvent: {}
[235.640521] (-) TimerEvent: {}
[235.741302] (-) TimerEvent: {}
[235.842141] (-) TimerEvent: {}
[235.943143] (-) TimerEvent: {}
[236.043905] (-) TimerEvent: {}
[236.144558] (-) TimerEvent: {}
[236.245242] (-) TimerEvent: {}
[236.346099] (-) TimerEvent: {}
[236.446769] (-) TimerEvent: {}
[236.547494] (-) TimerEvent: {}
[236.648116] (-) TimerEvent: {}
[236.748889] (-) TimerEvent: {}
[236.849676] (-) TimerEvent: {}
[236.950397] (-) TimerEvent: {}
[237.051108] (-) TimerEvent: {}
[237.151754] (-) TimerEvent: {}
[237.252372] (-) TimerEvent: {}
[237.353035] (-) TimerEvent: {}
[237.453708] (-) TimerEvent: {}
[237.554452] (-) TimerEvent: {}
[237.655127] (-) TimerEvent: {}
[237.755906] (-) TimerEvent: {}
[237.856652] (-) TimerEvent: {}
[237.957457] (-) TimerEvent: {}
[238.058655] (-) TimerEvent: {}
[238.159456] (-) TimerEvent: {}
[238.260222] (-) TimerEvent: {}
[238.360913] (-) TimerEvent: {}
[238.461664] (-) TimerEvent: {}
[238.562443] (-) TimerEvent: {}
[238.663113] (-) TimerEvent: {}
[238.763786] (-) TimerEvent: {}
[238.864666] (-) TimerEvent: {}
[238.965428] (-) TimerEvent: {}
[239.066067] (-) TimerEvent: {}
[239.166682] (-) TimerEvent: {}
[239.267363] (-) TimerEvent: {}
[239.367992] (-) TimerEvent: {}
[239.468661] (-) TimerEvent: {}
[239.569271] (-) TimerEvent: {}
[239.669875] (-) TimerEvent: {}
[239.770636] (-) TimerEvent: {}
[239.871374] (-) TimerEvent: {}
[239.972133] (-) TimerEvent: {}
[240.072887] (-) TimerEvent: {}
[240.175532] (-) TimerEvent: {}
[240.276426] (-) TimerEvent: {}
[240.379469] (-) TimerEvent: {}
[240.480144] (-) TimerEvent: {}
[240.580766] (-) TimerEvent: {}
[240.681479] (-) TimerEvent: {}
[240.782089] (-) TimerEvent: {}
[240.882688] (-) TimerEvent: {}
[240.983465] (-) TimerEvent: {}
[241.084126] (-) TimerEvent: {}
[241.184841] (-) TimerEvent: {}
[241.285520] (-) TimerEvent: {}
[241.386181] (-) TimerEvent: {}
[241.486889] (-) TimerEvent: {}
[241.588647] (-) TimerEvent: {}
[241.690202] (-) TimerEvent: {}
[241.790807] (-) TimerEvent: {}
[241.891540] (-) TimerEvent: {}
[241.995007] (-) TimerEvent: {}
[242.096050] (-) TimerEvent: {}
[242.198107] (-) TimerEvent: {}
[242.305110] (-) TimerEvent: {}
[242.406027] (-) TimerEvent: {}
[242.507517] (-) TimerEvent: {}
[242.610769] (-) TimerEvent: {}
[242.711674] (-) TimerEvent: {}
[242.812325] (-) TimerEvent: {}
[242.912989] (-) TimerEvent: {}
[243.013639] (-) TimerEvent: {}
[243.114285] (-) TimerEvent: {}
[243.214911] (-) TimerEvent: {}
[243.315573] (-) TimerEvent: {}
[243.416210] (-) TimerEvent: {}
[243.516862] (-) TimerEvent: {}
[243.617515] (-) TimerEvent: {}
[243.718121] (-) TimerEvent: {}
[243.818741] (-) TimerEvent: {}
[243.919395] (-) TimerEvent: {}
[244.020065] (-) TimerEvent: {}
[244.120683] (-) TimerEvent: {}
[244.221311] (-) TimerEvent: {}
[244.321868] (-) TimerEvent: {}
[244.422575] (-) TimerEvent: {}
[244.523297] (-) TimerEvent: {}
[244.624093] (-) TimerEvent: {}
[244.724832] (-) TimerEvent: {}
[244.825660] (-) TimerEvent: {}
[244.926445] (-) TimerEvent: {}
[245.028083] (-) TimerEvent: {}
[245.128995] (-) TimerEvent: {}
[245.229717] (-) TimerEvent: {}
[245.330454] (-) TimerEvent: {}
[245.431174] (-) TimerEvent: {}
[245.531900] (-) TimerEvent: {}
[245.632647] (-) TimerEvent: {}
[245.733400] (-) TimerEvent: {}
[245.834118] (-) TimerEvent: {}
[245.934839] (-) TimerEvent: {}
[246.035594] (-) TimerEvent: {}
[246.136423] (-) TimerEvent: {}
[246.237213] (-) TimerEvent: {}
[246.337918] (-) TimerEvent: {}
[246.438653] (-) TimerEvent: {}
[246.539408] (-) TimerEvent: {}
[246.640100] (-) TimerEvent: {}
[246.740818] (-) TimerEvent: {}
[246.841596] (-) TimerEvent: {}
[246.942342] (-) TimerEvent: {}
[247.043087] (-) TimerEvent: {}
[247.143922] (-) TimerEvent: {}
[247.245236] (-) TimerEvent: {}
[247.346366] (-) TimerEvent: {}
[247.447122] (-) TimerEvent: {}
[247.547778] (-) TimerEvent: {}
[247.648477] (-) TimerEvent: {}
[247.749253] (-) TimerEvent: {}
[247.849926] (-) TimerEvent: {}
[247.950601] (-) TimerEvent: {}
[248.051235] (-) TimerEvent: {}
[248.151891] (-) TimerEvent: {}
[248.252631] (-) TimerEvent: {}
[248.353286] (-) TimerEvent: {}
[248.453933] (-) TimerEvent: {}
[248.554625] (-) TimerEvent: {}
[248.655292] (-) TimerEvent: {}
[248.756014] (-) TimerEvent: {}
[248.856722] (-) TimerEvent: {}
[248.957427] (-) TimerEvent: {}
[249.058072] (-) TimerEvent: {}
[249.158735] (-) TimerEvent: {}
[249.262105] (-) TimerEvent: {}
[249.364015] (-) TimerEvent: {}
[249.465070] (-) TimerEvent: {}
[249.569315] (-) TimerEvent: {}
[249.670857] (-) TimerEvent: {}
[249.771771] (-) TimerEvent: {}
[249.872421] (-) TimerEvent: {}
[249.973148] (-) TimerEvent: {}
[250.073873] (-) TimerEvent: {}
[250.174580] (-) TimerEvent: {}
[250.275308] (-) TimerEvent: {}
[250.375989] (-) TimerEvent: {}
[250.476663] (-) TimerEvent: {}
[250.577371] (-) TimerEvent: {}
[250.678064] (-) TimerEvent: {}
[250.778744] (-) TimerEvent: {}
[250.879461] (-) TimerEvent: {}
[250.980128] (-) TimerEvent: {}
[251.080884] (-) TimerEvent: {}
[251.181641] (-) TimerEvent: {}
[251.282418] (-) TimerEvent: {}
[251.383106] (-) TimerEvent: {}
[251.483834] (-) TimerEvent: {}
[251.585012] (-) TimerEvent: {}
[251.685636] (-) TimerEvent: {}
[251.786272] (-) TimerEvent: {}
[251.887116] (-) TimerEvent: {}
[251.990559] (-) TimerEvent: {}
[252.092046] (-) TimerEvent: {}
[252.192781] (-) TimerEvent: {}
[252.293529] (-) TimerEvent: {}
[252.394247] (-) TimerEvent: {}
[252.494937] (-) TimerEvent: {}
[252.595684] (-) TimerEvent: {}
[252.696421] (-) TimerEvent: {}
[252.797120] (-) TimerEvent: {}
[252.897833] (-) TimerEvent: {}
[252.998630] (-) TimerEvent: {}
[253.099380] (-) TimerEvent: {}
[253.200083] (-) TimerEvent: {}
[253.300774] (-) TimerEvent: {}
[253.401508] (-) TimerEvent: {}
[253.502272] (-) TimerEvent: {}
[253.602984] (-) TimerEvent: {}
[253.703750] (-) TimerEvent: {}
[253.804451] (-) TimerEvent: {}
[253.905145] (-) TimerEvent: {}
[254.005761] (-) TimerEvent: {}
[254.106410] (-) TimerEvent: {}
[254.207183] (-) TimerEvent: {}
[254.307990] (-) TimerEvent: {}
[254.408758] (-) TimerEvent: {}
[254.509468] (-) TimerEvent: {}
[254.610126] (-) TimerEvent: {}
[254.710786] (-) TimerEvent: {}
[254.811519] (-) TimerEvent: {}
[254.912306] (-) TimerEvent: {}
[255.013084] (-) TimerEvent: {}
[255.113900] (-) TimerEvent: {}
[255.214746] (-) TimerEvent: {}
[255.315397] (-) TimerEvent: {}
[255.416029] (-) TimerEvent: {}
[255.516654] (-) TimerEvent: {}
[255.617248] (-) TimerEvent: {}
[255.717905] (-) TimerEvent: {}
[255.818638] (-) TimerEvent: {}
[255.919405] (-) TimerEvent: {}
[256.020184] (-) TimerEvent: {}
[256.120980] (-) TimerEvent: {}
[256.223105] (-) TimerEvent: {}
[256.323906] (-) TimerEvent: {}
[256.428320] (-) TimerEvent: {}
[256.534102] (-) TimerEvent: {}
[256.637136] (-) TimerEvent: {}
[256.741101] (-) TimerEvent: {}
[256.842004] (-) TimerEvent: {}
[256.942761] (-) TimerEvent: {}
[257.043500] (-) TimerEvent: {}
[257.144220] (-) TimerEvent: {}
[257.244931] (-) TimerEvent: {}
[257.345678] (-) TimerEvent: {}
[257.446397] (-) TimerEvent: {}
[257.547094] (-) TimerEvent: {}
[257.647796] (-) TimerEvent: {}
[257.748527] (-) TimerEvent: {}
[257.849270] (-) TimerEvent: {}
[257.950042] (-) TimerEvent: {}
[258.050759] (-) TimerEvent: {}
[258.151504] (-) TimerEvent: {}
[258.252249] (-) TimerEvent: {}
[258.352983] (-) TimerEvent: {}
[258.453704] (-) TimerEvent: {}
[258.554459] (-) TimerEvent: {}
[258.655196] (-) TimerEvent: {}
[258.755903] (-) TimerEvent: {}
[258.856643] (-) TimerEvent: {}
[258.957381] (-) TimerEvent: {}
[259.058337] (-) TimerEvent: {}
[259.159079] (-) TimerEvent: {}
[259.259772] (-) TimerEvent: {}
[259.360483] (-) TimerEvent: {}
[259.461134] (-) TimerEvent: {}
[259.561903] (-) TimerEvent: {}
[259.662609] (-) TimerEvent: {}
[259.763269] (-) TimerEvent: {}
[259.863907] (-) TimerEvent: {}
[259.964714] (-) TimerEvent: {}
[260.065547] (-) TimerEvent: {}
[260.166238] (-) TimerEvent: {}
[260.266889] (-) TimerEvent: {}
[260.367580] (-) TimerEvent: {}
[260.468260] (-) TimerEvent: {}
[260.569173] (-) TimerEvent: {}
[260.669783] (-) TimerEvent: {}
[260.770540] (-) TimerEvent: {}
[260.871198] (-) TimerEvent: {}
[260.971877] (-) TimerEvent: {}
[261.072702] (-) TimerEvent: {}
[261.173476] (-) TimerEvent: {}
[261.274684] (-) TimerEvent: {}
[261.375500] (-) TimerEvent: {}
[261.476851] (-) TimerEvent: {}
[261.577621] (-) TimerEvent: {}
[261.678347] (-) TimerEvent: {}
[261.779131] (-) TimerEvent: {}
[261.879825] (-) TimerEvent: {}
[261.980575] (-) TimerEvent: {}
[262.081301] (-) TimerEvent: {}
[262.182074] (-) TimerEvent: {}
[262.282831] (-) TimerEvent: {}
[262.383555] (-) TimerEvent: {}
[262.484202] (-) TimerEvent: {}
[262.584904] (-) TimerEvent: {}
[262.685647] (-) TimerEvent: {}
[262.786404] (-) TimerEvent: {}
[262.887128] (-) TimerEvent: {}
[262.987840] (-) TimerEvent: {}
[263.088581] (-) TimerEvent: {}
[263.189275] (-) TimerEvent: {}
[263.290033] (-) TimerEvent: {}
[263.390756] (-) TimerEvent: {}
[263.494107] (-) TimerEvent: {}
[263.594825] (-) TimerEvent: {}
[263.695605] (-) TimerEvent: {}
[263.798103] (-) TimerEvent: {}
[263.899038] (-) TimerEvent: {}
[264.001648] (-) TimerEvent: {}
[264.102446] (-) TimerEvent: {}
[264.203223] (-) TimerEvent: {}
[264.304011] (-) TimerEvent: {}
[264.404766] (-) TimerEvent: {}
[264.505485] (-) TimerEvent: {}
[264.606205] (-) TimerEvent: {}
[264.706927] (-) TimerEvent: {}
[264.807744] (-) TimerEvent: {}
[264.908584] (-) TimerEvent: {}
[265.009358] (-) TimerEvent: {}
[265.110078] (-) TimerEvent: {}
[265.210785] (-) TimerEvent: {}
[265.311522] (-) TimerEvent: {}
[265.412252] (-) TimerEvent: {}
[265.513069] (-) TimerEvent: {}
[265.613859] (-) TimerEvent: {}
[265.714700] (-) TimerEvent: {}
[265.815551] (-) TimerEvent: {}
[265.916471] (-) TimerEvent: {}
[266.017217] (-) TimerEvent: {}
[266.117979] (-) TimerEvent: {}
[266.218732] (-) TimerEvent: {}
[266.319525] (-) TimerEvent: {}
[266.420236] (-) TimerEvent: {}
[266.521042] (-) TimerEvent: {}
[266.621773] (-) TimerEvent: {}
[266.722536] (-) TimerEvent: {}
[266.823286] (-) TimerEvent: {}
[266.924049] (-) TimerEvent: {}
[267.024747] (-) TimerEvent: {}
[267.125455] (-) TimerEvent: {}
[267.226144] (-) TimerEvent: {}
[267.326812] (-) TimerEvent: {}
[267.427542] (-) TimerEvent: {}
[267.528248] (-) TimerEvent: {}
[267.581120] (simple_robot) StdoutLine: {'line': b'[ 80%] \x1b[32mBuilding CXX object src/CMakeFiles/grid_map.dir/map_utils.cpp.o\x1b[0m\n'}
[267.583031] (simple_robot) StdoutLine: {'line': b'[ 90%] \x1b[32mBuilding CXX object src/CMakeFiles/grid_map.dir/robot.cpp.o\x1b[0m\n'}
[267.628444] (-) TimerEvent: {}
[267.729275] (-) TimerEvent: {}
[267.832612] (-) TimerEvent: {}
[267.942030] (-) TimerEvent: {}
[268.045591] (-) TimerEvent: {}
[268.146590] (-) TimerEvent: {}
[268.251160] (-) TimerEvent: {}
[268.352063] (-) TimerEvent: {}
[268.461629] (-) TimerEvent: {}
[268.562486] (-) TimerEvent: {}
[268.668452] (-) TimerEvent: {}
[268.772246] (-) TimerEvent: {}
[268.876246] (-) TimerEvent: {}
[268.977568] (-) TimerEvent: {}
[269.085621] (-) TimerEvent: {}
[269.187120] (-) TimerEvent: {}
[269.294139] (-) TimerEvent: {}
[269.395834] (-) TimerEvent: {}
[269.502333] (-) TimerEvent: {}
[269.603571] (-) TimerEvent: {}
[269.706112] (-) TimerEvent: {}
[269.807014] (-) TimerEvent: {}
[269.907896] (-) TimerEvent: {}
[270.011365] (-) TimerEvent: {}
[270.113353] (-) TimerEvent: {}
[270.219348] (-) TimerEvent: {}
[270.329133] (-) TimerEvent: {}
[270.431103] (-) TimerEvent: {}
[270.534225] (-) TimerEvent: {}
[270.637366] (-) TimerEvent: {}
[270.738836] (-) TimerEvent: {}
[270.846116] (-) TimerEvent: {}
[270.946903] (-) TimerEvent: {}
[271.049531] (-) TimerEvent: {}
[271.154870] (-) TimerEvent: {}
[271.262113] (-) TimerEvent: {}
[271.362874] (-) TimerEvent: {}
[271.467483] (-) TimerEvent: {}
[271.568434] (-) TimerEvent: {}
[271.673550] (-) TimerEvent: {}
[271.778098] (-) TimerEvent: {}
[271.878893] (-) TimerEvent: {}
[271.980262] (-) TimerEvent: {}
[272.082613] (-) TimerEvent: {}
[272.184453] (-) TimerEvent: {}
[272.285360] (-) TimerEvent: {}
[272.386888] (-) TimerEvent: {}
[272.488504] (-) TimerEvent: {}
[272.589317] (-) TimerEvent: {}
[272.690133] (-) TimerEvent: {}
[272.790937] (-) TimerEvent: {}
[272.893041] (-) TimerEvent: {}
[272.993774] (-) TimerEvent: {}
[273.094590] (-) TimerEvent: {}
[273.196421] (-) TimerEvent: {}
[273.297245] (-) TimerEvent: {}
[273.399380] (-) TimerEvent: {}
[273.500233] (-) TimerEvent: {}
[273.601796] (-) TimerEvent: {}
[273.703374] (-) TimerEvent: {}
[273.804405] (-) TimerEvent: {}
[273.905345] (-) TimerEvent: {}
[274.007099] (-) TimerEvent: {}
[274.107941] (-) TimerEvent: {}
[274.209632] (-) TimerEvent: {}
[274.313478] (-) TimerEvent: {}
[274.414413] (-) TimerEvent: {}
[274.516419] (-) TimerEvent: {}
[274.617488] (-) TimerEvent: {}
[274.718280] (-) TimerEvent: {}
[274.821115] (-) TimerEvent: {}
[274.922002] (-) TimerEvent: {}
[275.022845] (-) TimerEvent: {}
[275.123687] (-) TimerEvent: {}
[275.225024] (-) TimerEvent: {}
[275.325982] (-) TimerEvent: {}
[275.426836] (-) TimerEvent: {}
[275.527816] (-) TimerEvent: {}
[275.628783] (-) TimerEvent: {}
[275.729624] (-) TimerEvent: {}
[275.830571] (-) TimerEvent: {}
[275.931556] (-) TimerEvent: {}
[276.035188] (-) TimerEvent: {}
[276.135994] (-) TimerEvent: {}
[276.236858] (-) TimerEvent: {}
[276.337755] (-) TimerEvent: {}
[276.441147] (-) TimerEvent: {}
[276.545271] (-) TimerEvent: {}
[276.646176] (-) TimerEvent: {}
[276.747726] (-) TimerEvent: {}
[276.848553] (-) TimerEvent: {}
[276.949361] (-) TimerEvent: {}
[277.050135] (-) TimerEvent: {}
[277.150901] (-) TimerEvent: {}
[277.251852] (-) TimerEvent: {}
[277.352833] (-) TimerEvent: {}
[277.453781] (-) TimerEvent: {}
[277.554746] (-) TimerEvent: {}
[277.655699] (-) TimerEvent: {}
[277.756567] (-) TimerEvent: {}
[277.857432] (-) TimerEvent: {}
[277.958241] (-) TimerEvent: {}
[278.059032] (-) TimerEvent: {}
[278.159810] (-) TimerEvent: {}
[278.260725] (-) TimerEvent: {}
[278.361544] (-) TimerEvent: {}
[278.463023] (-) TimerEvent: {}
[278.564570] (-) TimerEvent: {}
[278.670811] (-) TimerEvent: {}
[278.773294] (-) TimerEvent: {}
[278.878836] (-) TimerEvent: {}
[278.979685] (-) TimerEvent: {}
[279.088106] (-) TimerEvent: {}
[279.189458] (-) TimerEvent: {}
[279.295934] (-) TimerEvent: {}
[279.398396] (-) TimerEvent: {}
[279.502675] (-) TimerEvent: {}
[279.603469] (-) TimerEvent: {}
[279.704397] (-) TimerEvent: {}
[279.805326] (-) TimerEvent: {}
[279.906123] (-) TimerEvent: {}
[280.007669] (-) TimerEvent: {}
[280.110115] (-) TimerEvent: {}
[280.211705] (-) TimerEvent: {}
[280.313316] (-) TimerEvent: {}
[280.414257] (-) TimerEvent: {}
[280.515280] (-) TimerEvent: {}
[280.616592] (-) TimerEvent: {}
[280.717414] (-) TimerEvent: {}
[280.818215] (-) TimerEvent: {}
[280.919118] (-) TimerEvent: {}
[281.019881] (-) TimerEvent: {}
[281.120672] (-) TimerEvent: {}
[281.222734] (-) TimerEvent: {}
[281.323715] (-) TimerEvent: {}
[281.425942] (-) TimerEvent: {}
[281.526801] (-) TimerEvent: {}
[281.628975] (-) TimerEvent: {}
[281.729784] (-) TimerEvent: {}
[281.830748] (-) TimerEvent: {}
[281.931701] (-) TimerEvent: {}
[282.032635] (-) TimerEvent: {}
[282.133412] (-) TimerEvent: {}
[282.234227] (-) TimerEvent: {}
[282.335038] (-) TimerEvent: {}
[282.435986] (-) TimerEvent: {}
[282.537466] (-) TimerEvent: {}
[282.639069] (-) TimerEvent: {}
[282.739925] (-) TimerEvent: {}
[282.840758] (-) TimerEvent: {}
[282.941571] (-) TimerEvent: {}
[283.042373] (-) TimerEvent: {}
[283.145301] (-) TimerEvent: {}
[283.246168] (-) TimerEvent: {}
[283.347009] (-) TimerEvent: {}
[283.447822] (-) TimerEvent: {}
[283.548635] (-) TimerEvent: {}
[283.649637] (-) TimerEvent: {}
[283.750453] (-) TimerEvent: {}
[283.851285] (-) TimerEvent: {}
[283.952139] (-) TimerEvent: {}
[284.054163] (-) TimerEvent: {}
[284.154994] (-) TimerEvent: {}
[284.255874] (-) TimerEvent: {}
[284.356827] (-) TimerEvent: {}
[284.457697] (-) TimerEvent: {}
[284.558595] (-) TimerEvent: {}
[284.659456] (-) TimerEvent: {}
[284.760269] (-) TimerEvent: {}
[284.861101] (-) TimerEvent: {}
[284.963422] (-) TimerEvent: {}
[285.064305] (-) TimerEvent: {}
[285.165790] (-) TimerEvent: {}
[285.266628] (-) TimerEvent: {}
[285.367449] (-) TimerEvent: {}
[285.468234] (-) TimerEvent: {}
[285.569034] (-) TimerEvent: {}
[285.669807] (-) TimerEvent: {}
[285.770628] (-) TimerEvent: {}
[285.871426] (-) TimerEvent: {}
[285.972119] (-) TimerEvent: {}
[286.074114] (-) TimerEvent: {}
[286.177090] (-) TimerEvent: {}
[286.277871] (-) TimerEvent: {}
[286.381126] (-) TimerEvent: {}
[286.481849] (-) TimerEvent: {}
[286.582695] (-) TimerEvent: {}
[286.686130] (-) TimerEvent: {}
[286.786838] (-) TimerEvent: {}
[286.887562] (-) TimerEvent: {}
[286.988209] (-) TimerEvent: {}
[287.088902] (-) TimerEvent: {}
[287.189585] (-) TimerEvent: {}
[287.290244] (-) TimerEvent: {}
[287.390904] (-) TimerEvent: {}
[287.491595] (-) TimerEvent: {}
[287.592267] (-) TimerEvent: {}
[287.692926] (-) TimerEvent: {}
[287.793633] (-) TimerEvent: {}
[287.894299] (-) TimerEvent: {}
[287.994980] (-) TimerEvent: {}
[288.095673] (-) TimerEvent: {}
[288.196441] (-) TimerEvent: {}
[288.201774] (simple_robot) StdoutLine: {'line': b'[100%] \x1b[32m\x1b[1mLinking CXX shared library libgrid_map.so\x1b[0m\n'}
[288.296638] (-) TimerEvent: {}
[288.400099] (-) TimerEvent: {}
[288.501029] (-) TimerEvent: {}
[288.603109] (-) TimerEvent: {}
[288.710306] (-) TimerEvent: {}
[288.818258] (-) TimerEvent: {}
[288.919272] (-) TimerEvent: {}
[289.024907] (-) TimerEvent: {}
[289.135561] (-) TimerEvent: {}
[289.244135] (-) TimerEvent: {}
[289.353120] (-) TimerEvent: {}
[289.461391] (-) TimerEvent: {}
[289.568245] (-) TimerEvent: {}
[289.670780] (-) TimerEvent: {}
[289.771811] (-) TimerEvent: {}
[289.873991] (-) TimerEvent: {}
[289.982139] (-) TimerEvent: {}
[290.083183] (-) TimerEvent: {}
[290.196111] (-) TimerEvent: {}
[290.300247] (-) TimerEvent: {}
[290.409347] (-) TimerEvent: {}
[290.510296] (-) TimerEvent: {}
[290.613147] (-) TimerEvent: {}
[290.714132] (-) TimerEvent: {}
[290.817802] (-) TimerEvent: {}
[290.923237] (-) TimerEvent: {}
[291.024350] (-) TimerEvent: {}
[291.125725] (-) TimerEvent: {}
[291.230464] (-) TimerEvent: {}
[291.333475] (-) TimerEvent: {}
[291.436521] (-) TimerEvent: {}
[291.539414] (-) TimerEvent: {}
[291.640683] (-) TimerEvent: {}
[291.744164] (-) TimerEvent: {}
[291.847193] (-) TimerEvent: {}
[291.948123] (-) TimerEvent: {}
[292.053111] (-) TimerEvent: {}
[292.158249] (-) TimerEvent: {}
[292.261121] (-) TimerEvent: {}
[292.365106] (-) TimerEvent: {}
[292.466035] (-) TimerEvent: {}
[292.572103] (-) TimerEvent: {}
[292.673006] (-) TimerEvent: {}
[292.773884] (-) TimerEvent: {}
[292.875340] (-) TimerEvent: {}
[292.976882] (-) TimerEvent: {}
[293.077811] (-) TimerEvent: {}
[293.179493] (-) TimerEvent: {}
[293.280350] (-) TimerEvent: {}
[293.381217] (-) TimerEvent: {}
[293.481983] (-) TimerEvent: {}
[293.582861] (-) TimerEvent: {}
[293.684119] (-) TimerEvent: {}
[293.784926] (-) TimerEvent: {}
[293.889094] (-) TimerEvent: {}
[293.989854] (-) TimerEvent: {}
[294.091454] (-) TimerEvent: {}
[294.192457] (-) TimerEvent: {}
[294.293575] (-) TimerEvent: {}
[294.396250] (-) TimerEvent: {}
[294.497031] (-) TimerEvent: {}
[294.545407] (simple_robot) StdoutLine: {'line': b'[100%] Built target grid_map\n'}
[294.598763] (-) TimerEvent: {}
[294.645054] (simple_robot) CommandEnded: {'returncode': 0}
[294.650229] (simple_robot) JobProgress: {'identifier': 'simple_robot', 'progress': 'install'}
[294.699057] (-) TimerEvent: {}
[294.717407] (simple_robot) Command: {'cmd': ['/usr/bin/cmake', '--install', '/home/martina/rp_project/robot-programming-project/src/simple_robot/build/simple_robot'], 'cwd': '/home/martina/rp_project/robot-programming-project/src/simple_robot/build/simple_robot', 'env': OrderedDict([('GJS_DEBUG_TOPICS', 'JS ERROR;JS LOG'), ('LESSOPEN', '| /usr/bin/env /usr/bin/lesspipe %s 2>/dev/null'), ('CONDA_PROMPT_MODIFIER', '(base)'), ('LC_TIME', 'it_IT.UTF-8'), ('USER', 'martina'), ('XDG_SESSION_TYPE', 'wayland'), ('GIT_ASKPASS', '/usr/share/code/resources/app/extensions/git/dist/askpass.sh'), ('SHLVL', '2'), ('LD_LIBRARY_PATH', '/opt/ros/humble/opt/rviz_ogre_vendor/lib:/opt/ros/humble/lib/x86_64-linux-gnu:/opt/ros/humble/lib::/home/martina/.mujoco/mujoco210/bin:/usr/lib/nvidia:~/anaconda3/lib:/home/martina/.mujoco/mujoco210/bin:/usr/lib/nvidia:~/anaconda3/lib'), ('HOME', '/home/martina'), ('OLDPWD', '/home/martina/rp_project/robot-programming-project/src/simple_robot'), ('CHROME_DESKTOP', 'code.desktop'), ('TERMINFO', '/home/martina/.terminfo'), ('LESS', '-iRFXMx4'), ('CONDA_SHLVL', '1'), ('DESKTOP_SESSION', 'ubuntu'), ('TERM_PROGRAM_VERSION', '1.97.2'), ('GIO_LAUNCHED_DESKTOP_FILE', '/usr/share/applications/code.desktop'), ('LSCOLORS', 'ExGxDxDxCxDxDxFxFxexEx'), ('DEBUGPY_ADAPTER_ENDPOINTS', '/home/martina/.vscode/extensions/ms-python.debugpy-2025.0.1-linux-x64/.noConfigDebugAdapterEndpoints/endpoint-b61d1dfa1e5dfede.txt'), ('GTK_MODULES', 'gail:atk-bridge'), ('GNOME_SHELL_SESSION_MODE', 'ubuntu'), ('PAGER', 'less'), ('ROS_PYTHON_VERSION', '3'), ('VSCODE_GIT_ASKPASS_MAIN', '/usr/share/code/resources/app/extensions/git/dist/askpass-main.js'), ('LC_MONETARY', 'it_IT.UTF-8'), ('MANAGERPID', '861'), ('VSCODE_GIT_ASKPASS_NODE', '/usr/share/code/code'), ('SYSTEMD_EXEC_PID', '1099'), ('DBUS_SESSION_BUS_ADDRESS', 'unix:path=/run/user/1000/bus'), ('PYDEVD_DISABLE_FILE_VALIDATION', '1'), ('BUNDLED_DEBUGPY_PATH', '/home/martina/.vscode/extensions/ms-python.debugpy-2025.0.1-linux-x64/bundled/libs/debugpy'), ('P9K_TTY', 'old'), ('GIO_LAUNCHED_DESKTOP_FILE_PID', '203842'), ('_CE_M', ''), ('COLORTERM', 'truecolor'), ('WAYLAND_DISPLAY', 'wayland-0'), ('ROS_DISTRO', 'humble'), ('COLCON_PREFIX_PATH', '/home/martina/rp_project/robot-programming-project/install'), ('INFOPATH', ''), ('LOGNAME', 'martina'), ('_', '/usr/bin/colcon'), ('JOURNAL_STREAM', '8:10438'), ('_P9K_SSH_TTY', '/dev/pts/0'), ('XDG_SESSION_CLASS', 'user'), ('ROS_VERSION', '2'), ('USER_ZDOTDIR', '/home/martina'), ('USERNAME', 'martina'), ('TERM', 'xterm-256color'), ('GNOME_DESKTOP_SESSION_ID', 'this-is-deprecated'), ('_CE_CONDA', ''), ('ROS_LOCALHOST_ONLY', '0'), ('PATH', '/opt/ros/humble/bin:/home/martina/.local/bin:/home/martina/.local/bin:/usr/lib/ccache:.:/home/martina/.mujoco/mujoco210/bin:/usr/lib/nvidia:/home/martina/anaconda3/condabin:/home/martina/bin:/home/martina/.local/bin:/usr/local/sbin:/usr/local/bin:/usr/sbin:/usr/bin:/sbin:/bin:/usr/games:/usr/local/games:/snap/bin:/home/martina/.cache/zsh4humans/v5/fzf/bin:/home/martina/other/install/bin'), ('SESSION_MANAGER', 'local/Martina-ThinkPad-X1-Yoga:@/tmp/.ICE-unix/1062,unix/Martina-ThinkPad-X1-Yoga:/tmp/.ICE-unix/1062'), ('INVOCATION_ID', 'd41eea5a77214ff18af65c9f647aefff'), ('LC_ADDRESS', 'it_IT.UTF-8'), ('XDG_RUNTIME_DIR', '/run/user/1000'), ('XDG_MENU_PREFIX', 'gnome-'), ('GNOME_SETUP_DISPLAY', ':1'), ('GDK_BACKEND', 'x11'), ('DISPLAY', ':0'), ('LANG', 'en_US.UTF-8'), ('LC_TELEPHONE', 'it_IT.UTF-8'), ('XDG_CURRENT_DESKTOP', 'Unity'), ('LD_PRELOAD', ':/usr/lib/x86_64-linux-gnu/libGLEW.so:/usr/lib/x86_64-linux-gnu/libGLEW.so'), ('VSCODE_INJECTION', '1'), ('XDG_SESSION_DESKTOP', 'ubuntu'), ('XMODIFIERS', '@im=ibus'), ('XAUTHORITY', '/run/user/1000/.mutter-Xwaylandauth.2DKN22'), ('LS_COLORS', 'fi=00:mi=00:mh=00:ln=01;36:or=01;31:di=01;34:ow=04;01;34:st=34:tw=04;34:pi=01;33:so=01;33:do=01;33:bd=01;33:cd=01;33:su=01;35:sg=01;35:ca=01;35:ex=01;32:no=38;5;248'), ('TREE_COLORS', 'fi=00:mi=00:mh=00:ln=01;36:or=01;31:di=01;34:ow=01;34:st=34:tw=34:pi=01;33:so=01;33:do=01;33:bd=01;33:cd=01;33:su=01;35:sg=01;35:ca=01;35:ex=01;32'), ('TERM_PROGRAM', 'vscode'), ('VSCODE_GIT_IPC_HANDLE', '/run/user/1000/vscode-git-f640f2b3f6.sock'), ('SSH_AGENT_LAUNCHER', 'gnome-keyring'), ('SSH_AUTH_SOCK', '/run/user/1000/keyring/ssh'), ('ORIGINAL_XDG_CURRENT_DESKTOP', 'ubuntu:GNOME'), ('CONDA_PYTHON_EXE', '/home/martina/anaconda3/bin/python'), ('AMENT_PREFIX_PATH', '/home/martina/rp_project/robot-programming-project/install/simple_robot:/opt/ros/humble'), ('LC_NAME', 'it_IT.UTF-8'), ('SHELL', '/usr/local/bin/zsh'), ('DEST', '/home/martina/other/install'), ('QT_ACCESSIBILITY', '1'), ('GDMSESSION', 'ubuntu'), ('CONDA_DEFAULT_ENV', 'base'), ('LC_MEASUREMENT', 'it_IT.UTF-8'), ('LC_IDENTIFICATION', 'it_IT.UTF-8'), ('GJS_DEBUG_OUTPUT', 'stderr'), ('P9K_SSH', '0'), ('QT_IM_MODULE', 'ibus'), ('VSCODE_GIT_ASKPASS_EXTRA_ARGS', ''), ('VSCODE_NONCE', 'a7161ded-a4be-401b-bdce-92ccf5224d1f'), ('LC_ALL', 'en_US.UTF-8'), ('PWD', '/home/martina/rp_project/robot-programming-project/src/simple_robot/build/simple_robot'), ('GPG_TTY', '/dev/pts/0'), ('XDG_DATA_DIRS', '/usr/local/share/:/usr/share/:/var/lib/snapd/desktop'), ('CONDA_EXE', '/home/martina/anaconda3/bin/conda'), ('ZDOTDIR', '/home/martina'), ('_P9K_TTY', '/dev/pts/0'), ('LC_NUMERIC', 'it_IT.UTF-8'), ('PYTHONPATH', '/opt/ros/humble/lib/python3.10/site-packages:/opt/ros/humble/local/lib/python3.10/dist-packages:/home/martina/other/install/lib/python3.10/site-packages/'), ('LC_PAPER', 'it_IT.UTF-8'), ('CONDA_PREFIX', '/home/martina/anaconda3'), ('COLCON', '1'), ('MANPATH', '/usr/local/share/man:/home/martina/.cache/zsh4humans/v5/fzf/man:'), ('CMAKE_PREFIX_PATH', '/home/martina/rp_project/robot-programming-project/install/simple_robot:/opt/ros/humble')]), 'shell': False}
[294.782494] (simple_robot) StdoutLine: {'line': b'-- Install configuration: ""\n'}
[294.783499] (simple_robot) StdoutLine: {'line': b'-- Installing: /home/martina/rp_project/robot-programming-project/src/simple_robot/install/simple_robot/lib/simple_robot/robot_map_node\n'}
[294.799675] (-) TimerEvent: {}
[294.823232] (simple_robot) StdoutLine: {'line': b'-- Set runtime path of "/home/martina/rp_project/robot-programming-project/src/simple_robot/install/simple_robot/lib/simple_robot/robot_map_node" to ""\n'}
[294.825150] (simple_robot) StdoutLine: {'line': b'-- Installing: /home/martina/rp_project/robot-programming-project/src/simple_robot/install/simple_robot/share/ament_index/resource_index/package_run_dependencies/simple_robot\n'}
[294.826605] (simple_robot) StdoutLine: {'line': b'-- Installing: /home/martina/rp_project/robot-programming-project/src/simple_robot/install/simple_robot/share/ament_index/resource_index/parent_prefix_path/simple_robot\n'}
[294.828636] (simple_robot) StdoutLine: {'line': b'-- Installing: /home/martina/rp_project/robot-programming-project/src/simple_robot/install/simple_robot/share/simple_robot/environment/ament_prefix_path.sh\n'}
[294.830534] (simple_robot) StdoutLine: {'line': b'-- Installing: /home/martina/rp_project/robot-programming-project/src/simple_robot/install/simple_robot/share/simple_robot/environment/ament_prefix_path.dsv\n'}
[294.832036] (simple_robot) StdoutLine: {'line': b'-- Installing: /home/martina/rp_project/robot-programming-project/src/simple_robot/install/simple_robot/share/simple_robot/environment/path.sh\n'}
[294.833227] (simple_robot) StdoutLine: {'line': b'-- Installing: /home/martina/rp_project/robot-programming-project/src/simple_robot/install/simple_robot/share/simple_robot/environment/path.dsv\n'}
[294.834120] (simple_robot) StdoutLine: {'line': b'-- Installing: /home/martina/rp_project/robot-programming-project/src/simple_robot/install/simple_robot/share/simple_robot/local_setup.bash\n'}
[294.834896] (simple_robot) StdoutLine: {'line': b'-- Installing: /home/martina/rp_project/robot-programming-project/src/simple_robot/install/simple_robot/share/simple_robot/local_setup.sh\n'}
[294.835541] (simple_robot) StdoutLine: {'line': b'-- Installing: /home/martina/rp_project/robot-programming-project/src/simple_robot/install/simple_robot/share/simple_robot/local_setup.zsh\n'}
[294.836075] (simple_robot) StdoutLine: {'line': b'-- Installing: /home/martina/rp_project/robot-programming-project/src/simple_robot/install/simple_robot/share/simple_robot/local_setup.dsv\n'}
[294.836667] (simple_robot) StdoutLine: {'line': b'-- Installing: /home/martina/rp_project/robot-programming-project/src/simple_robot/install/simple_robot/share/simple_robot/package.dsv\n'}
[294.842150] (simple_robot) StdoutLine: {'line': b'-- Installing: /home/martina/rp_project/robot-programming-project/src/simple_robot/install/simple_robot/share/ament_index/resource_index/packages/simple_robot\n'}
[294.842905] (simple_robot) StdoutLine: {'line': b'-- Installing: /home/martina/rp_project/robot-programming-project/src/simple_robot/install/simple_robot/share/simple_robot/cmake/simple_robotConfig.cmake\n'}
[294.846451] (simple_robot) StdoutLine: {'line': b'-- Installing: /home/martina/rp_project/robot-programming-project/src/simple_robot/install/simple_robot/share/simple_robot/cmake/simple_robotConfig-version.cmake\n'}
[294.847836] (simple_robot) StdoutLine: {'line': b'-- Installing: /home/martina/rp_project/robot-programming-project/src/simple_robot/install/simple_robot/share/simple_robot/package.xml\n'}
[294.854524] (simple_robot) CommandEnded: {'returncode': 0}
[294.907143] (-) TimerEvent: {}
[295.000803] (simple_robot) JobEnded: {'identifier': 'simple_robot', 'rc': 0}
[295.004542] (-) EventReactorShutdown: {}
