[0.000000] (-) TimerEvent: {}
[0.016004] (simple_robot) JobQueued: {'identifier': 'simple_robot', 'dependencies': OrderedDict()}
[0.016373] (simple_robot) JobStarted: {'identifier': 'simple_robot'}
[0.106952] (-) TimerEvent: {}
[0.209038] (-) TimerEvent: {}
[0.301525] (simple_robot) JobProgress: {'identifier': 'simple_robot', 'progress': 'cmake'}
[0.307328] (simple_robot) Command: {'cmd': ['/usr/bin/cmake', '/home/martina/rp_project/robot-programming-project/src/simple_robot', '-DCMAKE_INSTALL_PREFIX=/home/martina/rp_project/robot-programming-project/src/simple_robot/install/simple_robot'], 'cwd': '/home/martina/rp_project/robot-programming-project/src/simple_robot/build/simple_robot', 'env': OrderedDict([('GJS_DEBUG_TOPICS', 'JS ERROR;JS LOG'), ('LESSOPEN', '| /usr/bin/env /usr/bin/lesspipe %s 2>/dev/null'), ('CONDA_PROMPT_MODIFIER', '(base)'), ('LC_TIME', 'it_IT.UTF-8'), ('USER', 'martina'), ('XDG_SESSION_TYPE', 'wayland'), ('GIT_ASKPASS', '/usr/share/code/resources/app/extensions/git/dist/askpass.sh'), ('SHLVL', '2'), ('LD_LIBRARY_PATH', '/opt/ros/humble/opt/rviz_ogre_vendor/lib:/opt/ros/humble/lib/x86_64-linux-gnu:/opt/ros/humble/lib::/home/martina/.mujoco/mujoco210/bin:/usr/lib/nvidia:~/anaconda3/lib'), ('HOME', '/home/martina'), ('OLDPWD', '/home/martina/rp_project/robot-programming-project/src/simple_robot'), ('CHROME_DESKTOP', 'code.desktop'), ('TERMINFO', '/home/martina/.terminfo'), ('LESS', '-iRFXMx4'), ('CONDA_SHLVL', '1'), ('DESKTOP_SESSION', 'ubuntu'), ('TERM_PROGRAM_VERSION', '1.97.2'), ('GIO_LAUNCHED_DESKTOP_FILE', '/usr/share/applications/code.desktop'), ('LSCOLORS', 'ExGxDxDxCxDxDxFxFxexEx'), ('GTK_MODULES', 'gail:atk-bridge'), ('GNOME_SHELL_SESSION_MODE', 'ubuntu'), ('VSCODE_GIT_ASKPASS_MAIN', '/usr/share/code/resources/app/extensions/git/dist/askpass-main.js'), ('PAGER', 'less'), ('ROS_PYTHON_VERSION', '3'), ('LC_MONETARY', 'it_IT.UTF-8'), ('MANAGERPID', '935'), ('VSCODE_GIT_ASKPASS_NODE', '/usr/share/code/code'), ('SYSTEMD_EXEC_PID', '1150'), ('DBUS_SESSION_BUS_ADDRESS', 'unix:path=/run/user/1000/bus'), ('P9K_TTY', 'old'), ('GIO_LAUNCHED_DESKTOP_FILE_PID', '3888'), ('COLORTERM', 'truecolor'), ('_CE_M', ''), ('WAYLAND_DISPLAY', 'wayland-0'), ('INFOPATH', ''), ('ROS_DISTRO', 'humble'), ('COLCON_PREFIX_PATH', '/home/martina/rp_project/robot-programming-project/install'), ('LOGNAME', 'martina'), ('_', '/usr/bin/colcon'), ('JOURNAL_STREAM', '8:10888'), ('_P9K_SSH_TTY', '/dev/pts/0'), ('XDG_SESSION_CLASS', 'user'), ('USER_ZDOTDIR', '/home/martina'), ('ROS_VERSION', '2'), ('USERNAME', 'martina'), ('TERM', 'xterm-256color'), ('GNOME_DESKTOP_SESSION_ID', 'this-is-deprecated'), ('_CE_CONDA', ''), ('ROS_LOCALHOST_ONLY', '0'), ('PATH', '/opt/ros/humble/bin:/home/martina/.local/bin:/home/martina/.local/bin:/usr/lib/ccache:.:/home/martina/.mujoco/mujoco210/bin:/usr/lib/nvidia:/home/martina/anaconda3/condabin:/home/martina/bin:/home/martina/.local/bin:/usr/local/sbin:/usr/local/bin:/usr/sbin:/usr/bin:/sbin:/bin:/usr/games:/usr/local/games:/snap/bin:/home/martina/.cache/zsh4humans/v5/fzf/bin:/home/martina/other/install/bin'), ('SESSION_MANAGER', 'local/Martina-ThinkPad-X1-Yoga:@/tmp/.ICE-unix/1101,unix/Martina-ThinkPad-X1-Yoga:/tmp/.ICE-unix/1101'), ('INVOCATION_ID', '1c6ef4f92b04498681378ae68fe5b9c7'), ('LC_ADDRESS', 'it_IT.UTF-8'), ('XDG_RUNTIME_DIR', '/run/user/1000'), ('XDG_MENU_PREFIX', 'gnome-'), ('GNOME_SETUP_DISPLAY', ':1'), ('GDK_BACKEND', 'x11'), ('DISPLAY', ':0'), ('LANG', 'en_US.UTF-8'), ('LC_TELEPHONE', 'it_IT.UTF-8'), ('XDG_CURRENT_DESKTOP', 'Unity'), ('VSCODE_INJECTION', '1'), ('LD_PRELOAD', ':/usr/lib/x86_64-linux-gnu/libGLEW.so'), ('XDG_SESSION_DESKTOP', 'ubuntu'), ('XMODIFIERS', '@im=ibus'), ('XAUTHORITY', '/run/user/1000/.mutter-Xwaylandauth.HIED22'), ('TERM_PROGRAM', 'vscode'), ('VSCODE_GIT_IPC_HANDLE', '/run/user/1000/vscode-git-f640f2b3f6.sock'), ('LS_COLORS', 'fi=00:mi=00:mh=00:ln=01;36:or=01;31:di=01;34:ow=04;01;34:st=34:tw=04;34:pi=01;33:so=01;33:do=01;33:bd=01;33:cd=01;33:su=01;35:sg=01;35:ca=01;35:ex=01;32:no=38;5;248'), ('TREE_COLORS', 'fi=00:mi=00:mh=00:ln=01;36:or=01;31:di=01;34:ow=01;34:st=34:tw=34:pi=01;33:so=01;33:do=01;33:bd=01;33:cd=01;33:su=01;35:sg=01;35:ca=01;35:ex=01;32'), ('SSH_AGENT_LAUNCHER', 'gnome-keyring'), ('SSH_AUTH_SOCK', '/run/user/1000/keyring/ssh'), ('ORIGINAL_XDG_CURRENT_DESKTOP', 'ubuntu:GNOME'), ('CONDA_PYTHON_EXE', '/home/martina/anaconda3/bin/python'), ('AMENT_PREFIX_PATH', '/home/martina/rp_project/robot-programming-project/install/simple_robot:/opt/ros/humble'), ('LC_NAME', 'it_IT.UTF-8'), ('SHELL', '/usr/local/bin/zsh'), ('DEST', '/home/martina/other/install'), ('QT_ACCESSIBILITY', '1'), ('GDMSESSION', 'ubuntu'), ('CONDA_DEFAULT_ENV', 'base'), ('LC_MEASUREMENT', 'it_IT.UTF-8'), ('LC_IDENTIFICATION', 'it_IT.UTF-8'), ('GJS_DEBUG_OUTPUT', 'stderr'), ('P9K_SSH', '0'), ('QT_IM_MODULE', 'ibus'), ('VSCODE_GIT_ASKPASS_EXTRA_ARGS', ''), ('VSCODE_NONCE', '54dcb112-afcc-4c20-b10a-51290a02c083'), ('LC_ALL', 'en_US.UTF-8'), ('PWD', '/home/martina/rp_project/robot-programming-project/src/simple_robot/build/simple_robot'), ('GPG_TTY', '/dev/pts/0'), ('XDG_DATA_DIRS', '/usr/local/share/:/usr/share/:/var/lib/snapd/desktop'), ('ZDOTDIR', '/home/martina'), ('_P9K_TTY', '/dev/pts/0'), ('CONDA_EXE', '/home/martina/anaconda3/bin/conda'), ('LC_NUMERIC', 'it_IT.UTF-8'), ('PYTHONPATH', '/opt/ros/humble/lib/python3.10/site-packages:/opt/ros/humble/local/lib/python3.10/dist-packages:/home/martina/other/install/lib/python3.10/site-packages/'), ('LC_PAPER', 'it_IT.UTF-8'), ('CONDA_PREFIX', '/home/martina/anaconda3'), ('COLCON', '1'), ('MANPATH', '/usr/local/share/man:/home/martina/.cache/zsh4humans/v5/fzf/man:'), ('CMAKE_PREFIX_PATH', '/home/martina/rp_project/robot-programming-project/install/simple_robot:/opt/ros/humble')]), 'shell': False}
[0.349552] (-) TimerEvent: {}
[0.452801] (-) TimerEvent: {}
[0.554918] (-) TimerEvent: {}
[0.657992] (-) TimerEvent: {}
[0.771395] (-) TimerEvent: {}
[0.876073] (-) TimerEvent: {}
[0.980860] (-) TimerEvent: {}
[1.082126] (-) TimerEvent: {}
[1.186298] (-) TimerEvent: {}
[1.202174] (simple_robot) StdoutLine: {'line': b'-- The C compiler identification is GNU 11.4.0\n'}
[1.288891] (-) TimerEvent: {}
[1.389969] (-) TimerEvent: {}
[1.495030] (-) TimerEvent: {}
[1.596144] (-) TimerEvent: {}
[1.702802] (-) TimerEvent: {}
[1.803789] (-) TimerEvent: {}
[1.904889] (-) TimerEvent: {}
[2.009389] (-) TimerEvent: {}
[2.110388] (-) TimerEvent: {}
[2.220012] (-) TimerEvent: {}
[2.322041] (-) TimerEvent: {}
[2.432921] (-) TimerEvent: {}
[2.462892] (simple_robot) StdoutLine: {'line': b'-- The CXX compiler identification is GNU 11.4.0\n'}
[2.538870] (-) TimerEvent: {}
[2.642899] (-) TimerEvent: {}
[2.746811] (-) TimerEvent: {}
[2.822872] (simple_robot) StdoutLine: {'line': b'-- Detecting C compiler ABI info\n'}
[2.853830] (-) TimerEvent: {}
[2.958826] (-) TimerEvent: {}
[3.063602] (-) TimerEvent: {}
[3.164449] (-) TimerEvent: {}
[3.267810] (-) TimerEvent: {}
[3.372735] (-) TimerEvent: {}
[3.476864] (-) TimerEvent: {}
[3.577826] (-) TimerEvent: {}
[3.689808] (-) TimerEvent: {}
[3.791164] (-) TimerEvent: {}
[3.898120] (-) TimerEvent: {}
[3.999176] (-) TimerEvent: {}
[4.103065] (-) TimerEvent: {}
[4.206983] (-) TimerEvent: {}
[4.266797] (simple_robot) StdoutLine: {'line': b'-- Detecting C compiler ABI info - done\n'}
[4.308247] (-) TimerEvent: {}
[4.415935] (-) TimerEvent: {}
[4.459461] (simple_robot) StdoutLine: {'line': b'-- Check for working C compiler: /usr/lib/ccache/cc - skipped\n'}
[4.463012] (simple_robot) StdoutLine: {'line': b'-- Detecting C compile features\n'}
[4.478008] (simple_robot) StdoutLine: {'line': b'-- Detecting C compile features - done\n'}
[4.521792] (-) TimerEvent: {}
[4.605595] (simple_robot) StdoutLine: {'line': b'-- Detecting CXX compiler ABI info\n'}
[4.626542] (-) TimerEvent: {}
[4.727925] (-) TimerEvent: {}
[4.830693] (-) TimerEvent: {}
[4.937035] (-) TimerEvent: {}
[5.045796] (-) TimerEvent: {}
[5.146742] (-) TimerEvent: {}
[5.251818] (-) TimerEvent: {}
[5.354923] (-) TimerEvent: {}
[5.456087] (-) TimerEvent: {}
[5.563035] (-) TimerEvent: {}
[5.664165] (-) TimerEvent: {}
[5.774594] (-) TimerEvent: {}
[5.879995] (-) TimerEvent: {}
[5.981437] (-) TimerEvent: {}
[6.042517] (simple_robot) StdoutLine: {'line': b'-- Detecting CXX compiler ABI info - done\n'}
[6.084280] (-) TimerEvent: {}
[6.131744] (simple_robot) StdoutLine: {'line': b'-- Check for working CXX compiler: /usr/lib/ccache/c++ - skipped\n'}
[6.141335] (simple_robot) StdoutLine: {'line': b'-- Detecting CXX compile features\n'}
[6.143966] (simple_robot) StdoutLine: {'line': b'-- Detecting CXX compile features - done\n'}
[6.186416] (-) TimerEvent: {}
[6.235062] (simple_robot) StdoutLine: {'line': b'-- Found OpenCV: /usr (found suitable version "4.5.4", minimum required is "4.5.4") \n'}
[6.247233] (simple_robot) StdoutLine: {'line': b'-- Found ament_cmake: 1.3.11 (/opt/ros/humble/share/ament_cmake/cmake)\n'}
[6.287853] (-) TimerEvent: {}
[6.390164] (-) TimerEvent: {}
[6.494110] (-) TimerEvent: {}
[6.597487] (-) TimerEvent: {}
[6.706491] (-) TimerEvent: {}
[6.810010] (-) TimerEvent: {}
[6.911472] (-) TimerEvent: {}
[7.014721] (-) TimerEvent: {}
[7.115699] (-) TimerEvent: {}
[7.222197] (-) TimerEvent: {}
[7.324806] (-) TimerEvent: {}
[7.425907] (-) TimerEvent: {}
[7.528961] (-) TimerEvent: {}
[7.632773] (-) TimerEvent: {}
[7.733014] (simple_robot) StdoutLine: {'line': b'-- Found Python3: /usr/bin/python3 (found version "3.10.12") found components: Interpreter \n'}
[7.739541] (-) TimerEvent: {}
[7.844610] (-) TimerEvent: {}
[7.947862] (-) TimerEvent: {}
[8.050823] (-) TimerEvent: {}
[8.156180] (-) TimerEvent: {}
[8.257215] (-) TimerEvent: {}
[8.358424] (-) TimerEvent: {}
[8.462848] (-) TimerEvent: {}
[8.563762] (-) TimerEvent: {}
[8.664826] (-) TimerEvent: {}
[8.738842] (simple_robot) StdoutLine: {'line': b'-- Found rclcpp: 16.0.11 (/opt/ros/humble/share/rclcpp/cmake)\n'}
[8.765441] (-) TimerEvent: {}
[8.867415] (-) TimerEvent: {}
[8.970822] (-) TimerEvent: {}
[9.071921] (-) TimerEvent: {}
[9.097728] (simple_robot) StdoutLine: {'line': b'-- Found rosidl_generator_c: 3.1.6 (/opt/ros/humble/share/rosidl_generator_c/cmake)\n'}
[9.146360] (simple_robot) StdoutLine: {'line': b'-- Found rosidl_adapter: 3.1.6 (/opt/ros/humble/share/rosidl_adapter/cmake)\n'}
[9.172866] (-) TimerEvent: {}
[9.229869] (simple_robot) StdoutLine: {'line': b'-- Found rosidl_generator_cpp: 3.1.6 (/opt/ros/humble/share/rosidl_generator_cpp/cmake)\n'}
[9.273120] (-) TimerEvent: {}
[9.380918] (-) TimerEvent: {}
[9.403554] (simple_robot) StdoutLine: {'line': b'-- Using all available rosidl_typesupport_c: rosidl_typesupport_fastrtps_c;rosidl_typesupport_introspection_c\n'}
[9.482998] (-) TimerEvent: {}
[9.574822] (simple_robot) StdoutLine: {'line': b'-- Using all available rosidl_typesupport_cpp: rosidl_typesupport_fastrtps_cpp;rosidl_typesupport_introspection_cpp\n'}
[9.585027] (-) TimerEvent: {}
[9.686033] (-) TimerEvent: {}
[9.787803] (-) TimerEvent: {}
[9.890065] (-) TimerEvent: {}
[9.951866] (simple_robot) StdoutLine: {'line': b'-- Found rmw_implementation_cmake: 6.1.2 (/opt/ros/humble/share/rmw_implementation_cmake/cmake)\n'}
[9.981793] (simple_robot) StdoutLine: {'line': b'-- Found rmw_fastrtps_cpp: 6.2.7 (/opt/ros/humble/share/rmw_fastrtps_cpp/cmake)\n'}
[9.990232] (-) TimerEvent: {}
[10.093884] (-) TimerEvent: {}
[10.195273] (-) TimerEvent: {}
[10.299631] (-) TimerEvent: {}
[10.402354] (-) TimerEvent: {}
[10.503814] (-) TimerEvent: {}
[10.606928] (-) TimerEvent: {}
[10.710875] (-) TimerEvent: {}
[10.813880] (-) TimerEvent: {}
[10.920119] (-) TimerEvent: {}
[11.024300] (-) TimerEvent: {}
[11.128925] (-) TimerEvent: {}
[11.233902] (-) TimerEvent: {}
[11.335564] (-) TimerEvent: {}
[11.401567] (simple_robot) StdoutLine: {'line': b'-- Found OpenSSL: /usr/lib/x86_64-linux-gnu/libcrypto.so (found version "3.0.2")  \n'}
[11.435785] (-) TimerEvent: {}
[11.540044] (-) TimerEvent: {}
[11.626127] (simple_robot) StdoutLine: {'line': b'-- Found FastRTPS: /opt/ros/humble/include  \n'}
[11.646213] (-) TimerEvent: {}
[11.747149] (-) TimerEvent: {}
[11.853788] (-) TimerEvent: {}
[11.957807] (-) TimerEvent: {}
[12.059819] (-) TimerEvent: {}
[12.164841] (-) TimerEvent: {}
[12.203773] (simple_robot) StdoutLine: {'line': b"-- Using RMW implementation 'rmw_fastrtps_cpp' as default\n"}
[12.272873] (-) TimerEvent: {}
[12.375223] (-) TimerEvent: {}
[12.385685] (simple_robot) StdoutLine: {'line': b'-- Looking for pthread.h\n'}
[12.482846] (-) TimerEvent: {}
[12.583807] (-) TimerEvent: {}
[12.688021] (-) TimerEvent: {}
[12.789024] (-) TimerEvent: {}
[12.895121] (-) TimerEvent: {}
[12.999112] (-) TimerEvent: {}
[13.101402] (-) TimerEvent: {}
[13.205865] (-) TimerEvent: {}
[13.309815] (-) TimerEvent: {}
[13.383334] (simple_robot) StdoutLine: {'line': b'-- Looking for pthread.h - found\n'}
[13.390666] (simple_robot) StdoutLine: {'line': b'-- Performing Test CMAKE_HAVE_LIBC_PTHREAD\n'}
[13.412790] (-) TimerEvent: {}
[13.513767] (-) TimerEvent: {}
[13.623843] (-) TimerEvent: {}
[13.729883] (-) TimerEvent: {}
[13.833997] (-) TimerEvent: {}
[13.938184] (-) TimerEvent: {}
[14.044736] (-) TimerEvent: {}
[14.149060] (-) TimerEvent: {}
[14.254844] (-) TimerEvent: {}
[14.356256] (-) TimerEvent: {}
[14.461699] (-) TimerEvent: {}
[14.565095] (-) TimerEvent: {}
[14.668461] (-) TimerEvent: {}
[14.772800] (-) TimerEvent: {}
[14.856756] (simple_robot) StdoutLine: {'line': b'-- Performing Test CMAKE_HAVE_LIBC_PTHREAD - Success\n'}
[14.873832] (-) TimerEvent: {}
[14.917437] (simple_robot) StdoutLine: {'line': b'-- Found Threads: TRUE  \n'}
[14.974546] (-) TimerEvent: {}
[15.080358] (-) TimerEvent: {}
[15.181278] (-) TimerEvent: {}
[15.283890] (-) TimerEvent: {}
[15.389095] (-) TimerEvent: {}
[15.476683] (simple_robot) StdoutLine: {'line': b'-- Found geometry_msgs: 4.2.4 (/opt/ros/humble/share/geometry_msgs/cmake)\n'}
[15.491086] (-) TimerEvent: {}
[15.592084] (-) TimerEvent: {}
[15.606764] (simple_robot) StdoutLine: {'line': b'-- Found sensor_msgs: 4.2.4 (/opt/ros/humble/share/sensor_msgs/cmake)\n'}
[15.692927] (-) TimerEvent: {}
[15.800702] (-) TimerEvent: {}
[15.862960] (simple_robot) StdoutLine: {'line': b'-- Found nav_msgs: 4.2.4 (/opt/ros/humble/share/nav_msgs/cmake)\n'}
[15.903942] (-) TimerEvent: {}
[16.006826] (-) TimerEvent: {}
[16.110514] (-) TimerEvent: {}
[16.215181] (-) TimerEvent: {}
[16.291302] (simple_robot) StdoutLine: {'line': b'-- Found OpenCV: /usr (found version "4.5.4") \n'}
[16.315386] (-) TimerEvent: {}
[16.421628] (-) TimerEvent: {}
[16.527156] (-) TimerEvent: {}
[16.632202] (-) TimerEvent: {}
[16.739933] (-) TimerEvent: {}
[16.841907] (-) TimerEvent: {}
[16.945899] (-) TimerEvent: {}
[17.050009] (-) TimerEvent: {}
[17.154245] (-) TimerEvent: {}
[17.258834] (-) TimerEvent: {}
[17.359980] (-) TimerEvent: {}
[17.464855] (-) TimerEvent: {}
[17.569946] (-) TimerEvent: {}
[17.671070] (-) TimerEvent: {}
[17.727201] (simple_robot) StdoutLine: {'line': b'-- DATA_DIR: /home/martina/rp_project/robot-programming-project/src/simple_robot/data\n'}
[17.729524] (simple_robot) StdoutLine: {'line': b'-- Configuring done\n'}
[17.772233] (-) TimerEvent: {}
[17.875914] (-) TimerEvent: {}
[17.933381] (simple_robot) StdoutLine: {'line': b'-- Generating done\n'}
[17.977246] (-) TimerEvent: {}
[17.987233] (simple_robot) StdoutLine: {'line': b'-- Build files have been written to: /home/martina/rp_project/robot-programming-project/src/simple_robot/build/simple_robot\n'}
[18.067887] (simple_robot) CommandEnded: {'returncode': 0}
[18.070631] (simple_robot) JobProgress: {'identifier': 'simple_robot', 'progress': 'build'}
[18.096862] (-) TimerEvent: {}
[18.101847] (simple_robot) Command: {'cmd': ['/usr/bin/cmake', '--build', '/home/martina/rp_project/robot-programming-project/src/simple_robot/build/simple_robot', '--', '-j4', '-l4'], 'cwd': '/home/martina/rp_project/robot-programming-project/src/simple_robot/build/simple_robot', 'env': OrderedDict([('GJS_DEBUG_TOPICS', 'JS ERROR;JS LOG'), ('LESSOPEN', '| /usr/bin/env /usr/bin/lesspipe %s 2>/dev/null'), ('CONDA_PROMPT_MODIFIER', '(base)'), ('LC_TIME', 'it_IT.UTF-8'), ('USER', 'martina'), ('XDG_SESSION_TYPE', 'wayland'), ('GIT_ASKPASS', '/usr/share/code/resources/app/extensions/git/dist/askpass.sh'), ('SHLVL', '2'), ('LD_LIBRARY_PATH', '/opt/ros/humble/opt/rviz_ogre_vendor/lib:/opt/ros/humble/lib/x86_64-linux-gnu:/opt/ros/humble/lib::/home/martina/.mujoco/mujoco210/bin:/usr/lib/nvidia:~/anaconda3/lib'), ('HOME', '/home/martina'), ('OLDPWD', '/home/martina/rp_project/robot-programming-project/src/simple_robot'), ('CHROME_DESKTOP', 'code.desktop'), ('TERMINFO', '/home/martina/.terminfo'), ('LESS', '-iRFXMx4'), ('CONDA_SHLVL', '1'), ('DESKTOP_SESSION', 'ubuntu'), ('TERM_PROGRAM_VERSION', '1.97.2'), ('GIO_LAUNCHED_DESKTOP_FILE', '/usr/share/applications/code.desktop'), ('LSCOLORS', 'ExGxDxDxCxDxDxFxFxexEx'), ('GTK_MODULES', 'gail:atk-bridge'), ('GNOME_SHELL_SESSION_MODE', 'ubuntu'), ('VSCODE_GIT_ASKPASS_MAIN', '/usr/share/code/resources/app/extensions/git/dist/askpass-main.js'), ('PAGER', 'less'), ('ROS_PYTHON_VERSION', '3'), ('LC_MONETARY', 'it_IT.UTF-8'), ('MANAGERPID', '935'), ('VSCODE_GIT_ASKPASS_NODE', '/usr/share/code/code'), ('SYSTEMD_EXEC_PID', '1150'), ('DBUS_SESSION_BUS_ADDRESS', 'unix:path=/run/user/1000/bus'), ('P9K_TTY', 'old'), ('GIO_LAUNCHED_DESKTOP_FILE_PID', '3888'), ('COLORTERM', 'truecolor'), ('_CE_M', ''), ('WAYLAND_DISPLAY', 'wayland-0'), ('INFOPATH', ''), ('ROS_DISTRO', 'humble'), ('COLCON_PREFIX_PATH', '/home/martina/rp_project/robot-programming-project/install'), ('LOGNAME', 'martina'), ('_', '/usr/bin/colcon'), ('JOURNAL_STREAM', '8:10888'), ('_P9K_SSH_TTY', '/dev/pts/0'), ('XDG_SESSION_CLASS', 'user'), ('USER_ZDOTDIR', '/home/martina'), ('ROS_VERSION', '2'), ('USERNAME', 'martina'), ('TERM', 'xterm-256color'), ('GNOME_DESKTOP_SESSION_ID', 'this-is-deprecated'), ('_CE_CONDA', ''), ('ROS_LOCALHOST_ONLY', '0'), ('PATH', '/opt/ros/humble/bin:/home/martina/.local/bin:/home/martina/.local/bin:/usr/lib/ccache:.:/home/martina/.mujoco/mujoco210/bin:/usr/lib/nvidia:/home/martina/anaconda3/condabin:/home/martina/bin:/home/martina/.local/bin:/usr/local/sbin:/usr/local/bin:/usr/sbin:/usr/bin:/sbin:/bin:/usr/games:/usr/local/games:/snap/bin:/home/martina/.cache/zsh4humans/v5/fzf/bin:/home/martina/other/install/bin'), ('SESSION_MANAGER', 'local/Martina-ThinkPad-X1-Yoga:@/tmp/.ICE-unix/1101,unix/Martina-ThinkPad-X1-Yoga:/tmp/.ICE-unix/1101'), ('INVOCATION_ID', '1c6ef4f92b04498681378ae68fe5b9c7'), ('LC_ADDRESS', 'it_IT.UTF-8'), ('XDG_RUNTIME_DIR', '/run/user/1000'), ('XDG_MENU_PREFIX', 'gnome-'), ('GNOME_SETUP_DISPLAY', ':1'), ('GDK_BACKEND', 'x11'), ('DISPLAY', ':0'), ('LANG', 'en_US.UTF-8'), ('LC_TELEPHONE', 'it_IT.UTF-8'), ('XDG_CURRENT_DESKTOP', 'Unity'), ('VSCODE_INJECTION', '1'), ('LD_PRELOAD', ':/usr/lib/x86_64-linux-gnu/libGLEW.so'), ('XDG_SESSION_DESKTOP', 'ubuntu'), ('XMODIFIERS', '@im=ibus'), ('XAUTHORITY', '/run/user/1000/.mutter-Xwaylandauth.HIED22'), ('TERM_PROGRAM', 'vscode'), ('VSCODE_GIT_IPC_HANDLE', '/run/user/1000/vscode-git-f640f2b3f6.sock'), ('LS_COLORS', 'fi=00:mi=00:mh=00:ln=01;36:or=01;31:di=01;34:ow=04;01;34:st=34:tw=04;34:pi=01;33:so=01;33:do=01;33:bd=01;33:cd=01;33:su=01;35:sg=01;35:ca=01;35:ex=01;32:no=38;5;248'), ('TREE_COLORS', 'fi=00:mi=00:mh=00:ln=01;36:or=01;31:di=01;34:ow=01;34:st=34:tw=34:pi=01;33:so=01;33:do=01;33:bd=01;33:cd=01;33:su=01;35:sg=01;35:ca=01;35:ex=01;32'), ('SSH_AGENT_LAUNCHER', 'gnome-keyring'), ('SSH_AUTH_SOCK', '/run/user/1000/keyring/ssh'), ('ORIGINAL_XDG_CURRENT_DESKTOP', 'ubuntu:GNOME'), ('CONDA_PYTHON_EXE', '/home/martina/anaconda3/bin/python'), ('AMENT_PREFIX_PATH', '/home/martina/rp_project/robot-programming-project/install/simple_robot:/opt/ros/humble'), ('LC_NAME', 'it_IT.UTF-8'), ('SHELL', '/usr/local/bin/zsh'), ('DEST', '/home/martina/other/install'), ('QT_ACCESSIBILITY', '1'), ('GDMSESSION', 'ubuntu'), ('CONDA_DEFAULT_ENV', 'base'), ('LC_MEASUREMENT', 'it_IT.UTF-8'), ('LC_IDENTIFICATION', 'it_IT.UTF-8'), ('GJS_DEBUG_OUTPUT', 'stderr'), ('P9K_SSH', '0'), ('QT_IM_MODULE', 'ibus'), ('VSCODE_GIT_ASKPASS_EXTRA_ARGS', ''), ('VSCODE_NONCE', '54dcb112-afcc-4c20-b10a-51290a02c083'), ('LC_ALL', 'en_US.UTF-8'), ('PWD', '/home/martina/rp_project/robot-programming-project/src/simple_robot/build/simple_robot'), ('GPG_TTY', '/dev/pts/0'), ('XDG_DATA_DIRS', '/usr/local/share/:/usr/share/:/var/lib/snapd/desktop'), ('ZDOTDIR', '/home/martina'), ('_P9K_TTY', '/dev/pts/0'), ('CONDA_EXE', '/home/martina/anaconda3/bin/conda'), ('LC_NUMERIC', 'it_IT.UTF-8'), ('PYTHONPATH', '/opt/ros/humble/lib/python3.10/site-packages:/opt/ros/humble/local/lib/python3.10/dist-packages:/home/martina/other/install/lib/python3.10/site-packages/'), ('LC_PAPER', 'it_IT.UTF-8'), ('CONDA_PREFIX', '/home/martina/anaconda3'), ('COLCON', '1'), ('MANPATH', '/usr/local/share/man:/home/martina/.cache/zsh4humans/v5/fzf/man:'), ('CMAKE_PREFIX_PATH', '/home/martina/rp_project/robot-programming-project/install/simple_robot:/opt/ros/humble')]), 'shell': False}
[18.201803] (-) TimerEvent: {}
[18.302740] (-) TimerEvent: {}
[18.407896] (-) TimerEvent: {}
[18.509020] (-) TimerEvent: {}
[18.613786] (-) TimerEvent: {}
[18.719944] (-) TimerEvent: {}
[18.825862] (-) TimerEvent: {}
[18.927553] (-) TimerEvent: {}
[19.030505] (-) TimerEvent: {}
[19.134814] (-) TimerEvent: {}
[19.235909] (-) TimerEvent: {}
[19.343034] (-) TimerEvent: {}
[19.444988] (simple_robot) StdoutLine: {'line': b'\x1b[35m\x1b[1mConsolidate compiler generated dependencies of target robot_map_node\x1b[0m\n'}
[19.446115] (-) TimerEvent: {}
[19.553872] (-) TimerEvent: {}
[19.657795] (-) TimerEvent: {}
[19.761830] (-) TimerEvent: {}
[19.865836] (-) TimerEvent: {}
[19.966671] (-) TimerEvent: {}
[20.071872] (-) TimerEvent: {}
[20.175183] (-) TimerEvent: {}
[20.280488] (-) TimerEvent: {}
[20.282948] (simple_robot) StdoutLine: {'line': b'[  8%] \x1b[32mBuilding CXX object CMakeFiles/robot_map_node.dir/src/grid_map.cpp.o\x1b[0m\n'}
[20.382997] (-) TimerEvent: {}
[20.484948] (-) TimerEvent: {}
[20.588834] (-) TimerEvent: {}
[20.690823] (-) TimerEvent: {}
[20.794576] (-) TimerEvent: {}
[20.899925] (-) TimerEvent: {}
[21.000911] (-) TimerEvent: {}
[21.104174] (-) TimerEvent: {}
[21.207348] (-) TimerEvent: {}
[21.309137] (-) TimerEvent: {}
[21.412497] (-) TimerEvent: {}
[21.517424] (-) TimerEvent: {}
[21.623154] (-) TimerEvent: {}
[21.730841] (-) TimerEvent: {}
[21.831799] (-) TimerEvent: {}
[21.935126] (-) TimerEvent: {}
[22.040787] (-) TimerEvent: {}
[22.144786] (-) TimerEvent: {}
[22.248807] (-) TimerEvent: {}
[22.349682] (-) TimerEvent: {}
[22.452820] (-) TimerEvent: {}
[22.553905] (-) TimerEvent: {}
[22.659127] (-) TimerEvent: {}
[22.762189] (-) TimerEvent: {}
[22.864297] (-) TimerEvent: {}
[22.968243] (-) TimerEvent: {}
[23.072842] (-) TimerEvent: {}
[23.176014] (-) TimerEvent: {}
[23.277087] (-) TimerEvent: {}
[23.382966] (-) TimerEvent: {}
[23.485985] (-) TimerEvent: {}
[23.590128] (-) TimerEvent: {}
[23.696169] (-) TimerEvent: {}
[23.802100] (-) TimerEvent: {}
[23.905172] (-) TimerEvent: {}
[24.010049] (-) TimerEvent: {}
[24.116831] (-) TimerEvent: {}
[24.222827] (-) TimerEvent: {}
[24.326726] (-) TimerEvent: {}
[24.437630] (-) TimerEvent: {}
[24.549346] (-) TimerEvent: {}
[24.653736] (-) TimerEvent: {}
[24.757386] (-) TimerEvent: {}
[24.862677] (-) TimerEvent: {}
[24.963764] (-) TimerEvent: {}
[25.065896] (-) TimerEvent: {}
[25.169104] (-) TimerEvent: {}
[25.273174] (-) TimerEvent: {}
[25.377851] (-) TimerEvent: {}
[25.481039] (-) TimerEvent: {}
[25.584179] (-) TimerEvent: {}
[25.688121] (-) TimerEvent: {}
[25.795816] (-) TimerEvent: {}
[25.898222] (-) TimerEvent: {}
[26.002809] (-) TimerEvent: {}
[26.104589] (-) TimerEvent: {}
[26.214803] (-) TimerEvent: {}
[26.315756] (-) TimerEvent: {}
[26.425225] (-) TimerEvent: {}
[26.526724] (-) TimerEvent: {}
[26.632254] (-) TimerEvent: {}
[26.739953] (-) TimerEvent: {}
[26.851843] (-) TimerEvent: {}
[26.954871] (-) TimerEvent: {}
[27.057291] (-) TimerEvent: {}
[27.165022] (-) TimerEvent: {}
[27.269742] (-) TimerEvent: {}
[27.376792] (-) TimerEvent: {}
[27.480805] (-) TimerEvent: {}
[27.581601] (-) TimerEvent: {}
[27.696483] (-) TimerEvent: {}
[27.798882] (-) TimerEvent: {}
[27.899760] (-) TimerEvent: {}
[28.003166] (-) TimerEvent: {}
[28.105807] (-) TimerEvent: {}
[28.206730] (-) TimerEvent: {}
[28.311829] (-) TimerEvent: {}
[28.415189] (-) TimerEvent: {}
[28.522451] (-) TimerEvent: {}
[28.623442] (-) TimerEvent: {}
[28.727164] (-) TimerEvent: {}
[28.832084] (-) TimerEvent: {}
[28.935905] (-) TimerEvent: {}
[29.041911] (-) TimerEvent: {}
[29.147754] (-) TimerEvent: {}
[29.251870] (-) TimerEvent: {}
[29.353800] (-) TimerEvent: {}
[29.458837] (-) TimerEvent: {}
[29.560599] (-) TimerEvent: {}
[29.663900] (-) TimerEvent: {}
[29.764966] (-) TimerEvent: {}
[29.866311] (-) TimerEvent: {}
[29.969245] (-) TimerEvent: {}
[30.073034] (-) TimerEvent: {}
[30.174892] (-) TimerEvent: {}
[30.278824] (-) TimerEvent: {}
[30.379806] (-) TimerEvent: {}
[30.480832] (-) TimerEvent: {}
[30.581795] (-) TimerEvent: {}
[30.682801] (-) TimerEvent: {}
[30.784391] (-) TimerEvent: {}
[30.886796] (-) TimerEvent: {}
[30.990289] (-) TimerEvent: {}
[31.101189] (-) TimerEvent: {}
[31.202293] (-) TimerEvent: {}
[31.303171] (-) TimerEvent: {}
[31.405145] (-) TimerEvent: {}
[31.507311] (-) TimerEvent: {}
[31.610935] (-) TimerEvent: {}
[31.711958] (-) TimerEvent: {}
[31.813793] (-) TimerEvent: {}
[31.916243] (-) TimerEvent: {}
[32.018815] (-) TimerEvent: {}
[32.121453] (-) TimerEvent: {}
[32.223462] (-) TimerEvent: {}
[32.328302] (-) TimerEvent: {}
[32.429739] (-) TimerEvent: {}
[32.530717] (-) TimerEvent: {}
[32.631515] (-) TimerEvent: {}
[32.732283] (-) TimerEvent: {}
[32.833088] (-) TimerEvent: {}
[32.933835] (-) TimerEvent: {}
[33.034677] (-) TimerEvent: {}
[33.138209] (-) TimerEvent: {}
[33.245793] (-) TimerEvent: {}
[33.346707] (-) TimerEvent: {}
[33.447715] (-) TimerEvent: {}
[33.550921] (-) TimerEvent: {}
[33.651981] (-) TimerEvent: {}
[33.758806] (-) TimerEvent: {}
[33.860803] (-) TimerEvent: {}
[33.961862] (-) TimerEvent: {}
[34.066214] (-) TimerEvent: {}
[34.172815] (-) TimerEvent: {}
[34.276177] (-) TimerEvent: {}
[34.380692] (-) TimerEvent: {}
[34.484814] (-) TimerEvent: {}
[34.587851] (-) TimerEvent: {}
[34.689181] (-) TimerEvent: {}
[34.794554] (-) TimerEvent: {}
[34.902192] (-) TimerEvent: {}
[35.010719] (-) TimerEvent: {}
[35.112588] (-) TimerEvent: {}
[35.215846] (-) TimerEvent: {}
[35.319898] (-) TimerEvent: {}
[35.422215] (-) TimerEvent: {}
[35.524267] (-) TimerEvent: {}
[35.625192] (-) TimerEvent: {}
[35.726224] (-) TimerEvent: {}
[35.828373] (-) TimerEvent: {}
[35.929348] (-) TimerEvent: {}
[36.032530] (-) TimerEvent: {}
[36.133465] (-) TimerEvent: {}
[36.237074] (-) TimerEvent: {}
[36.338160] (-) TimerEvent: {}
[36.439225] (-) TimerEvent: {}
[36.540714] (-) TimerEvent: {}
[36.641692] (-) TimerEvent: {}
[36.742773] (-) TimerEvent: {}
[36.845659] (-) TimerEvent: {}
[36.946535] (-) TimerEvent: {}
[37.048082] (-) TimerEvent: {}
[37.153022] (-) TimerEvent: {}
[37.256215] (-) TimerEvent: {}
[37.361182] (-) TimerEvent: {}
[37.462486] (-) TimerEvent: {}
[37.568236] (-) TimerEvent: {}
[37.672621] (-) TimerEvent: {}
[37.779046] (-) TimerEvent: {}
[37.884190] (-) TimerEvent: {}
[37.989155] (-) TimerEvent: {}
[38.092065] (-) TimerEvent: {}
[38.193018] (-) TimerEvent: {}
[38.293812] (-) TimerEvent: {}
[38.395127] (-) TimerEvent: {}
[38.496007] (-) TimerEvent: {}
[38.597082] (-) TimerEvent: {}
[38.697986] (-) TimerEvent: {}
[38.799100] (-) TimerEvent: {}
[38.901891] (-) TimerEvent: {}
[39.004793] (-) TimerEvent: {}
[39.105808] (-) TimerEvent: {}
[39.208473] (-) TimerEvent: {}
[39.313307] (-) TimerEvent: {}
[39.416092] (-) TimerEvent: {}
[39.526385] (-) TimerEvent: {}
[39.631068] (-) TimerEvent: {}
[39.737762] (-) TimerEvent: {}
[39.840850] (-) TimerEvent: {}
[39.943580] (-) TimerEvent: {}
[40.046061] (-) TimerEvent: {}
[40.151486] (-) TimerEvent: {}
[40.255043] (-) TimerEvent: {}
[40.359167] (-) TimerEvent: {}
[40.462217] (-) TimerEvent: {}
[40.567129] (-) TimerEvent: {}
[40.672151] (-) TimerEvent: {}
[40.773324] (-) TimerEvent: {}
[40.874376] (-) TimerEvent: {}
[40.976260] (-) TimerEvent: {}
[41.081856] (-) TimerEvent: {}
[41.182770] (-) TimerEvent: {}
[41.286820] (-) TimerEvent: {}
[41.391403] (-) TimerEvent: {}
[41.494273] (-) TimerEvent: {}
[41.596674] (-) TimerEvent: {}
[41.698308] (-) TimerEvent: {}
[41.801210] (-) TimerEvent: {}
[41.901970] (-) TimerEvent: {}
[42.002781] (-) TimerEvent: {}
[42.103703] (-) TimerEvent: {}
[42.204398] (-) TimerEvent: {}
[42.305134] (-) TimerEvent: {}
[42.405839] (-) TimerEvent: {}
[42.506713] (-) TimerEvent: {}
[42.608212] (-) TimerEvent: {}
[42.709613] (-) TimerEvent: {}
[42.810415] (-) TimerEvent: {}
[42.911391] (-) TimerEvent: {}
[43.012932] (-) TimerEvent: {}
[43.113987] (-) TimerEvent: {}
[43.216541] (-) TimerEvent: {}
[43.318107] (-) TimerEvent: {}
[43.420624] (-) TimerEvent: {}
[43.521878] (-) TimerEvent: {}
[43.622825] (-) TimerEvent: {}
[43.723680] (-) TimerEvent: {}
[43.824464] (-) TimerEvent: {}
[43.925389] (-) TimerEvent: {}
[44.026858] (-) TimerEvent: {}
[44.131141] (-) TimerEvent: {}
[44.234533] (-) TimerEvent: {}
[44.339855] (-) TimerEvent: {}
[44.442716] (-) TimerEvent: {}
[44.543753] (-) TimerEvent: {}
[44.648040] (-) TimerEvent: {}
[44.749156] (-) TimerEvent: {}
[44.852826] (-) TimerEvent: {}
[44.959882] (-) TimerEvent: {}
[45.061194] (-) TimerEvent: {}
[45.167286] (-) TimerEvent: {}
[45.268257] (-) TimerEvent: {}
[45.373308] (-) TimerEvent: {}
[45.474809] (-) TimerEvent: {}
[45.575707] (-) TimerEvent: {}
[45.676793] (-) TimerEvent: {}
[45.777789] (-) TimerEvent: {}
[45.878802] (-) TimerEvent: {}
[45.981719] (-) TimerEvent: {}
[46.082827] (-) TimerEvent: {}
[46.186483] (-) TimerEvent: {}
[46.288143] (-) TimerEvent: {}
[46.389814] (-) TimerEvent: {}
[46.490720] (-) TimerEvent: {}
[46.591436] (-) TimerEvent: {}
[46.692293] (-) TimerEvent: {}
[46.775897] (simple_robot) StdoutLine: {'line': b'[ 16%] \x1b[32mBuilding CXX object CMakeFiles/robot_map_node.dir/src/map_utils.cpp.o\x1b[0m\n'}
[46.792493] (-) TimerEvent: {}
[46.893402] (-) TimerEvent: {}
[46.994759] (-) TimerEvent: {}
[47.099370] (-) TimerEvent: {}
[47.200295] (-) TimerEvent: {}
[47.303488] (-) TimerEvent: {}
[47.410813] (-) TimerEvent: {}
[47.511913] (-) TimerEvent: {}
[47.615798] (-) TimerEvent: {}
[47.716767] (-) TimerEvent: {}
[47.817665] (-) TimerEvent: {}
[47.918508] (-) TimerEvent: {}
[48.021802] (-) TimerEvent: {}
[48.122594] (-) TimerEvent: {}
[48.223446] (-) TimerEvent: {}
[48.328177] (-) TimerEvent: {}
[48.436839] (-) TimerEvent: {}
[48.539720] (-) TimerEvent: {}
[48.640713] (-) TimerEvent: {}
[48.748356] (-) TimerEvent: {}
[48.851164] (-) TimerEvent: {}
[48.952134] (-) TimerEvent: {}
[49.054743] (-) TimerEvent: {}
[49.157075] (-) TimerEvent: {}
[49.259595] (-) TimerEvent: {}
[49.362116] (-) TimerEvent: {}
[49.464784] (-) TimerEvent: {}
[49.568815] (-) TimerEvent: {}
[49.671887] (-) TimerEvent: {}
[49.775240] (-) TimerEvent: {}
[49.876409] (-) TimerEvent: {}
[49.979109] (-) TimerEvent: {}
[50.080023] (-) TimerEvent: {}
[50.181459] (-) TimerEvent: {}
[50.283286] (-) TimerEvent: {}
[50.388422] (-) TimerEvent: {}
[50.492823] (-) TimerEvent: {}
[50.595134] (-) TimerEvent: {}
[50.696112] (-) TimerEvent: {}
[50.800102] (-) TimerEvent: {}
[50.904812] (-) TimerEvent: {}
[51.007143] (-) TimerEvent: {}
[51.109866] (-) TimerEvent: {}
[51.213204] (-) TimerEvent: {}
[51.316547] (-) TimerEvent: {}
[51.417551] (-) TimerEvent: {}
[51.518368] (-) TimerEvent: {}
[51.619171] (-) TimerEvent: {}
[51.720398] (-) TimerEvent: {}
[51.821454] (-) TimerEvent: {}
[51.922594] (-) TimerEvent: {}
[52.023828] (-) TimerEvent: {}
[52.126265] (-) TimerEvent: {}
[52.227200] (-) TimerEvent: {}
[52.328887] (-) TimerEvent: {}
[52.429796] (-) TimerEvent: {}
[52.530734] (-) TimerEvent: {}
[52.631586] (-) TimerEvent: {}
[52.732457] (-) TimerEvent: {}
[52.833361] (-) TimerEvent: {}
[52.934295] (-) TimerEvent: {}
[53.035678] (-) TimerEvent: {}
[53.136591] (-) TimerEvent: {}
[53.239485] (-) TimerEvent: {}
[53.341557] (-) TimerEvent: {}
[53.442677] (-) TimerEvent: {}
[53.543509] (-) TimerEvent: {}
[53.644545] (-) TimerEvent: {}
[53.745550] (-) TimerEvent: {}
[53.846591] (-) TimerEvent: {}
[53.947394] (-) TimerEvent: {}
[54.048366] (-) TimerEvent: {}
[54.149547] (-) TimerEvent: {}
[54.250308] (-) TimerEvent: {}
[54.351003] (-) TimerEvent: {}
[54.451937] (-) TimerEvent: {}
[54.556204] (-) TimerEvent: {}
[54.657507] (-) TimerEvent: {}
[54.758721] (-) TimerEvent: {}
[54.859561] (-) TimerEvent: {}
[54.960603] (-) TimerEvent: {}
[55.061570] (-) TimerEvent: {}
[55.162549] (-) TimerEvent: {}
[55.263564] (-) TimerEvent: {}
[55.364429] (-) TimerEvent: {}
[55.465974] (-) TimerEvent: {}
[55.569198] (-) TimerEvent: {}
[55.670711] (-) TimerEvent: {}
[55.777249] (-) TimerEvent: {}
[55.878456] (-) TimerEvent: {}
[55.979715] (-) TimerEvent: {}
[56.081620] (-) TimerEvent: {}
[56.182875] (-) TimerEvent: {}
[56.285730] (-) TimerEvent: {}
[56.388798] (-) TimerEvent: {}
[56.490487] (-) TimerEvent: {}
[56.591900] (-) TimerEvent: {}
[56.693030] (-) TimerEvent: {}
[56.793991] (-) TimerEvent: {}
[56.895500] (-) TimerEvent: {}
[56.996593] (-) TimerEvent: {}
[57.097618] (-) TimerEvent: {}
[57.198871] (-) TimerEvent: {}
[57.300132] (-) TimerEvent: {}
[57.401317] (-) TimerEvent: {}
[57.502882] (-) TimerEvent: {}
[57.605533] (-) TimerEvent: {}
[57.706742] (-) TimerEvent: {}
[57.808004] (-) TimerEvent: {}
[57.909109] (-) TimerEvent: {}
[58.011622] (-) TimerEvent: {}
[58.113435] (-) TimerEvent: {}
[58.215124] (-) TimerEvent: {}
[58.320864] (-) TimerEvent: {}
[58.426475] (-) TimerEvent: {}
[58.528081] (-) TimerEvent: {}
[58.629833] (-) TimerEvent: {}
[58.731522] (-) TimerEvent: {}
[58.834085] (-) TimerEvent: {}
[58.935443] (-) TimerEvent: {}
[59.037901] (-) TimerEvent: {}
[59.139078] (-) TimerEvent: {}
[59.240399] (-) TimerEvent: {}
[59.341610] (-) TimerEvent: {}
[59.442898] (-) TimerEvent: {}
[59.547935] (-) TimerEvent: {}
[59.651994] (-) TimerEvent: {}
[59.757611] (-) TimerEvent: {}
[59.859057] (-) TimerEvent: {}
[59.962727] (-) TimerEvent: {}
[60.065170] (-) TimerEvent: {}
[60.167807] (-) TimerEvent: {}
[60.269978] (-) TimerEvent: {}
[60.371848] (-) TimerEvent: {}
[60.475835] (-) TimerEvent: {}
[60.579973] (-) TimerEvent: {}
[60.686233] (-) TimerEvent: {}
[60.791812] (-) TimerEvent: {}
[60.893039] (-) TimerEvent: {}
[61.002324] (-) TimerEvent: {}
[61.103703] (-) TimerEvent: {}
[61.205894] (-) TimerEvent: {}
[61.307904] (-) TimerEvent: {}
[61.409540] (-) TimerEvent: {}
[61.512067] (-) TimerEvent: {}
[61.613606] (-) TimerEvent: {}
[61.715751] (-) TimerEvent: {}
[61.817299] (-) TimerEvent: {}
[61.918496] (-) TimerEvent: {}
[62.019734] (-) TimerEvent: {}
[62.121237] (-) TimerEvent: {}
[62.222401] (-) TimerEvent: {}
[62.324860] (-) TimerEvent: {}
[62.426251] (-) TimerEvent: {}
[62.528032] (-) TimerEvent: {}
[62.633703] (-) TimerEvent: {}
[62.735020] (-) TimerEvent: {}
[62.837119] (-) TimerEvent: {}
[62.938601] (-) TimerEvent: {}
[63.039841] (-) TimerEvent: {}
[63.140963] (-) TimerEvent: {}
[63.242260] (-) TimerEvent: {}
[63.344011] (-) TimerEvent: {}
[63.446282] (-) TimerEvent: {}
[63.548126] (-) TimerEvent: {}
[63.651175] (-) TimerEvent: {}
[63.752410] (-) TimerEvent: {}
[63.856131] (-) TimerEvent: {}
[63.957519] (-) TimerEvent: {}
[64.059782] (-) TimerEvent: {}
[64.163886] (-) TimerEvent: {}
[64.265607] (-) TimerEvent: {}
[64.367215] (-) TimerEvent: {}
[64.471246] (-) TimerEvent: {}
[64.572976] (-) TimerEvent: {}
[64.675023] (-) TimerEvent: {}
[64.780208] (-) TimerEvent: {}
[64.881730] (-) TimerEvent: {}
[64.982974] (-) TimerEvent: {}
[65.084176] (-) TimerEvent: {}
[65.185505] (-) TimerEvent: {}
[65.287181] (-) TimerEvent: {}
[65.392928] (-) TimerEvent: {}
[65.502687] (-) TimerEvent: {}
[65.605238] (-) TimerEvent: {}
[65.715814] (-) TimerEvent: {}
[65.816940] (-) TimerEvent: {}
[65.928872] (-) TimerEvent: {}
[66.030714] (-) TimerEvent: {}
[66.136868] (-) TimerEvent: {}
[66.239517] (-) TimerEvent: {}
[66.350703] (-) TimerEvent: {}
[66.453374] (-) TimerEvent: {}
[66.555144] (-) TimerEvent: {}
[66.656912] (-) TimerEvent: {}
[66.757996] (-) TimerEvent: {}
[66.858846] (-) TimerEvent: {}
[66.959927] (-) TimerEvent: {}
[67.061005] (-) TimerEvent: {}
[67.162746] (-) TimerEvent: {}
[67.263754] (-) TimerEvent: {}
[67.364626] (-) TimerEvent: {}
[67.465521] (-) TimerEvent: {}
[67.566886] (-) TimerEvent: {}
[67.667689] (-) TimerEvent: {}
[67.768700] (-) TimerEvent: {}
[67.869543] (-) TimerEvent: {}
[67.970394] (-) TimerEvent: {}
[68.071616] (-) TimerEvent: {}
[68.172479] (-) TimerEvent: {}
[68.273450] (-) TimerEvent: {}
[68.374291] (-) TimerEvent: {}
[68.475232] (-) TimerEvent: {}
[68.578068] (-) TimerEvent: {}
[68.680425] (-) TimerEvent: {}
[68.781393] (-) TimerEvent: {}
[68.882971] (-) TimerEvent: {}
[68.983913] (-) TimerEvent: {}
[69.084806] (-) TimerEvent: {}
[69.185802] (-) TimerEvent: {}
[69.286735] (-) TimerEvent: {}
[69.387582] (-) TimerEvent: {}
[69.488483] (-) TimerEvent: {}
[69.589486] (-) TimerEvent: {}
[69.694622] (-) TimerEvent: {}
[69.795777] (-) TimerEvent: {}
[69.896688] (-) TimerEvent: {}
[69.997705] (-) TimerEvent: {}
[70.098794] (-) TimerEvent: {}
[70.199561] (-) TimerEvent: {}
[70.300492] (-) TimerEvent: {}
[70.401422] (-) TimerEvent: {}
[70.502745] (-) TimerEvent: {}
[70.604019] (-) TimerEvent: {}
[70.705215] (-) TimerEvent: {}
[70.806802] (-) TimerEvent: {}
[70.908202] (-) TimerEvent: {}
[71.009396] (-) TimerEvent: {}
[71.113885] (-) TimerEvent: {}
[71.215066] (-) TimerEvent: {}
[71.317918] (-) TimerEvent: {}
[71.421361] (-) TimerEvent: {}
[71.525384] (-) TimerEvent: {}
[71.627208] (-) TimerEvent: {}
[71.730818] (-) TimerEvent: {}
[71.832364] (-) TimerEvent: {}
[71.933870] (-) TimerEvent: {}
[72.035271] (-) TimerEvent: {}
[72.137030] (-) TimerEvent: {}
[72.238451] (-) TimerEvent: {}
[72.339833] (-) TimerEvent: {}
[72.447673] (-) TimerEvent: {}
[72.551471] (-) TimerEvent: {}
[72.654852] (-) TimerEvent: {}
[72.755858] (-) TimerEvent: {}
[72.862246] (-) TimerEvent: {}
[72.964945] (-) TimerEvent: {}
[73.074391] (-) TimerEvent: {}
[73.178809] (-) TimerEvent: {}
[73.279805] (-) TimerEvent: {}
[73.381293] (-) TimerEvent: {}
[73.484581] (-) TimerEvent: {}
[73.585556] (-) TimerEvent: {}
[73.688283] (-) TimerEvent: {}
[73.790036] (-) TimerEvent: {}
[73.892327] (-) TimerEvent: {}
[73.993375] (-) TimerEvent: {}
[74.094310] (-) TimerEvent: {}
[74.195098] (-) TimerEvent: {}
[74.295925] (-) TimerEvent: {}
[74.396677] (-) TimerEvent: {}
[74.498613] (-) TimerEvent: {}
[74.599625] (-) TimerEvent: {}
[74.700522] (-) TimerEvent: {}
[74.801353] (-) TimerEvent: {}
[74.902257] (-) TimerEvent: {}
[75.003113] (-) TimerEvent: {}
[75.104019] (-) TimerEvent: {}
[75.204898] (-) TimerEvent: {}
[75.305757] (-) TimerEvent: {}
[75.406621] (-) TimerEvent: {}
[75.507438] (-) TimerEvent: {}
[75.608494] (-) TimerEvent: {}
[75.711052] (-) TimerEvent: {}
[75.812216] (-) TimerEvent: {}
[75.913287] (-) TimerEvent: {}
[76.015897] (-) TimerEvent: {}
[76.117336] (-) TimerEvent: {}
[76.220808] (-) TimerEvent: {}
[76.321818] (-) TimerEvent: {}
[76.423818] (-) TimerEvent: {}
[76.524550] (-) TimerEvent: {}
[76.625347] (-) TimerEvent: {}
[76.711275] (simple_robot) StdoutLine: {'line': b'[ 25%] \x1b[32mBuilding CXX object CMakeFiles/robot_map_node.dir/src/main.cpp.o\x1b[0m\n'}
[76.725566] (-) TimerEvent: {}
[76.827465] (-) TimerEvent: {}
[76.928380] (-) TimerEvent: {}
[77.032268] (-) TimerEvent: {}
[77.138276] (-) TimerEvent: {}
[77.246444] (-) TimerEvent: {}
[77.349866] (-) TimerEvent: {}
[77.458324] (-) TimerEvent: {}
[77.562999] (-) TimerEvent: {}
[77.669252] (-) TimerEvent: {}
[77.774695] (-) TimerEvent: {}
[77.876912] (-) TimerEvent: {}
[77.979604] (-) TimerEvent: {}
[78.080518] (-) TimerEvent: {}
[78.186705] (-) TimerEvent: {}
[78.289378] (-) TimerEvent: {}
[78.390473] (-) TimerEvent: {}
[78.498228] (-) TimerEvent: {}
[78.602450] (-) TimerEvent: {}
[78.707454] (-) TimerEvent: {}
[78.813858] (-) TimerEvent: {}
[78.922219] (-) TimerEvent: {}
[79.027209] (-) TimerEvent: {}
[79.135454] (-) TimerEvent: {}
[79.240390] (-) TimerEvent: {}
[79.355484] (-) TimerEvent: {}
[79.458829] (-) TimerEvent: {}
[79.563836] (-) TimerEvent: {}
[79.667818] (-) TimerEvent: {}
[79.770590] (-) TimerEvent: {}
[79.872364] (-) TimerEvent: {}
[79.973440] (-) TimerEvent: {}
[80.074326] (-) TimerEvent: {}
[80.175222] (-) TimerEvent: {}
[80.277137] (-) TimerEvent: {}
[80.379060] (-) TimerEvent: {}
[80.482775] (-) TimerEvent: {}
[80.583665] (-) TimerEvent: {}
[80.684991] (-) TimerEvent: {}
[80.786072] (-) TimerEvent: {}
[80.889115] (-) TimerEvent: {}
[80.990562] (-) TimerEvent: {}
[81.091469] (-) TimerEvent: {}
[81.192699] (-) TimerEvent: {}
[81.293543] (-) TimerEvent: {}
[81.394280] (-) TimerEvent: {}
[81.495380] (-) TimerEvent: {}
[81.596287] (-) TimerEvent: {}
[81.697484] (-) TimerEvent: {}
[81.799473] (-) TimerEvent: {}
[81.902278] (-) TimerEvent: {}
[82.003333] (-) TimerEvent: {}
[82.105213] (-) TimerEvent: {}
[82.206146] (-) TimerEvent: {}
[82.307231] (-) TimerEvent: {}
[82.408297] (-) TimerEvent: {}
[82.509204] (-) TimerEvent: {}
[82.609922] (-) TimerEvent: {}
[82.710674] (-) TimerEvent: {}
[82.811786] (-) TimerEvent: {}
[82.912852] (-) TimerEvent: {}
[83.014498] (-) TimerEvent: {}
[83.115712] (-) TimerEvent: {}
[83.218008] (-) TimerEvent: {}
[83.319768] (-) TimerEvent: {}
[83.420564] (-) TimerEvent: {}
[83.521706] (-) TimerEvent: {}
[83.622674] (-) TimerEvent: {}
[83.723485] (-) TimerEvent: {}
[83.824319] (-) TimerEvent: {}
[83.925263] (-) TimerEvent: {}
[84.027829] (-) TimerEvent: {}
[84.131469] (-) TimerEvent: {}
[84.233292] (-) TimerEvent: {}
[84.334733] (-) TimerEvent: {}
[84.436849] (-) TimerEvent: {}
[84.538593] (-) TimerEvent: {}
[84.644499] (-) TimerEvent: {}
[84.748832] (-) TimerEvent: {}
[84.854860] (-) TimerEvent: {}
[84.956330] (-) TimerEvent: {}
[85.062165] (-) TimerEvent: {}
[85.167866] (-) TimerEvent: {}
[85.269254] (-) TimerEvent: {}
[85.370475] (-) TimerEvent: {}
[85.473835] (-) TimerEvent: {}
[85.574631] (-) TimerEvent: {}
[85.677005] (-) TimerEvent: {}
[85.778099] (-) TimerEvent: {}
[85.878899] (-) TimerEvent: {}
[85.979847] (-) TimerEvent: {}
[86.081494] (-) TimerEvent: {}
[86.182414] (-) TimerEvent: {}
[86.283505] (-) TimerEvent: {}
[86.384464] (-) TimerEvent: {}
[86.485573] (-) TimerEvent: {}
[86.586622] (-) TimerEvent: {}
[86.687470] (-) TimerEvent: {}
[86.788338] (-) TimerEvent: {}
[86.889012] (-) TimerEvent: {}
[86.989781] (-) TimerEvent: {}
[87.090470] (-) TimerEvent: {}
[87.191852] (-) TimerEvent: {}
[87.292844] (-) TimerEvent: {}
[87.393923] (-) TimerEvent: {}
[87.494919] (-) TimerEvent: {}
[87.595899] (-) TimerEvent: {}
[87.696978] (-) TimerEvent: {}
[87.798100] (-) TimerEvent: {}
[87.899689] (-) TimerEvent: {}
[88.000704] (-) TimerEvent: {}
[88.101596] (-) TimerEvent: {}
[88.202678] (-) TimerEvent: {}
[88.303791] (-) TimerEvent: {}
[88.404760] (-) TimerEvent: {}
[88.505693] (-) TimerEvent: {}
[88.606778] (-) TimerEvent: {}
[88.707819] (-) TimerEvent: {}
[88.809587] (-) TimerEvent: {}
[88.912809] (-) TimerEvent: {}
[89.013787] (-) TimerEvent: {}
[89.115280] (-) TimerEvent: {}
[89.216482] (-) TimerEvent: {}
[89.317486] (-) TimerEvent: {}
[89.418259] (-) TimerEvent: {}
[89.519331] (-) TimerEvent: {}
[89.620709] (-) TimerEvent: {}
[89.721743] (-) TimerEvent: {}
[89.822588] (-) TimerEvent: {}
[89.923527] (-) TimerEvent: {}
[90.025120] (-) TimerEvent: {}
[90.126405] (-) TimerEvent: {}
[90.227878] (-) TimerEvent: {}
[90.330549] (-) TimerEvent: {}
[90.431589] (-) TimerEvent: {}
[90.532559] (-) TimerEvent: {}
[90.633520] (-) TimerEvent: {}
[90.736835] (-) TimerEvent: {}
[90.837853] (-) TimerEvent: {}
[90.938755] (-) TimerEvent: {}
[91.040005] (-) TimerEvent: {}
[91.144025] (-) TimerEvent: {}
[91.247800] (-) TimerEvent: {}
[91.348835] (-) TimerEvent: {}
[91.451103] (-) TimerEvent: {}
[91.553002] (-) TimerEvent: {}
[91.654001] (-) TimerEvent: {}
[91.757336] (-) TimerEvent: {}
[91.859358] (-) TimerEvent: {}
[91.960833] (-) TimerEvent: {}
[92.064167] (-) TimerEvent: {}
[92.166849] (-) TimerEvent: {}
[92.268140] (-) TimerEvent: {}
[92.371860] (-) TimerEvent: {}
[92.474602] (-) TimerEvent: {}
[92.578891] (-) TimerEvent: {}
[92.680257] (-) TimerEvent: {}
[92.782847] (-) TimerEvent: {}
[92.883819] (-) TimerEvent: {}
[92.987094] (-) TimerEvent: {}
[93.087918] (-) TimerEvent: {}
[93.188841] (-) TimerEvent: {}
[93.289942] (-) TimerEvent: {}
[93.391026] (-) TimerEvent: {}
[93.493245] (-) TimerEvent: {}
[93.594094] (-) TimerEvent: {}
[93.695761] (-) TimerEvent: {}
[93.796763] (-) TimerEvent: {}
[93.899302] (-) TimerEvent: {}
[94.000157] (-) TimerEvent: {}
[94.100973] (-) TimerEvent: {}
[94.202707] (-) TimerEvent: {}
[94.303580] (-) TimerEvent: {}
[94.406313] (-) TimerEvent: {}
[94.508183] (-) TimerEvent: {}
[94.610170] (-) TimerEvent: {}
[94.710825] (-) TimerEvent: {}
[94.811621] (-) TimerEvent: {}
[94.912537] (-) TimerEvent: {}
[95.013467] (-) TimerEvent: {}
[95.114465] (-) TimerEvent: {}
[95.215779] (-) TimerEvent: {}
[95.316911] (-) TimerEvent: {}
[95.417861] (-) TimerEvent: {}
[95.518752] (-) TimerEvent: {}
[95.619719] (-) TimerEvent: {}
[95.722017] (-) TimerEvent: {}
[95.824588] (-) TimerEvent: {}
[95.925611] (-) TimerEvent: {}
[96.027038] (-) TimerEvent: {}
[96.128596] (-) TimerEvent: {}
[96.231600] (-) TimerEvent: {}
[96.335460] (-) TimerEvent: {}
[96.440821] (-) TimerEvent: {}
[96.541875] (-) TimerEvent: {}
[96.644955] (-) TimerEvent: {}
[96.748265] (-) TimerEvent: {}
[96.850364] (-) TimerEvent: {}
[96.952071] (-) TimerEvent: {}
[97.055978] (-) TimerEvent: {}
[97.157542] (-) TimerEvent: {}
[97.258896] (-) TimerEvent: {}
[97.360189] (-) TimerEvent: {}
[97.461272] (-) TimerEvent: {}
[97.562210] (-) TimerEvent: {}
[97.663232] (-) TimerEvent: {}
[97.764431] (-) TimerEvent: {}
[97.865745] (-) TimerEvent: {}
[97.967033] (-) TimerEvent: {}
[98.068420] (-) TimerEvent: {}
[98.170139] (-) TimerEvent: {}
[98.271836] (-) TimerEvent: {}
[98.376410] (-) TimerEvent: {}
[98.477845] (-) TimerEvent: {}
[98.579097] (-) TimerEvent: {}
[98.680304] (-) TimerEvent: {}
[98.781606] (-) TimerEvent: {}
[98.884901] (-) TimerEvent: {}
[98.988472] (-) TimerEvent: {}
[99.093233] (-) TimerEvent: {}
[99.200230] (-) TimerEvent: {}
[99.303808] (-) TimerEvent: {}
[99.407210] (-) TimerEvent: {}
[99.515881] (-) TimerEvent: {}
[99.617078] (-) TimerEvent: {}
[99.719795] (-) TimerEvent: {}
[99.825306] (-) TimerEvent: {}
[99.932987] (-) TimerEvent: {}
[100.034026] (-) TimerEvent: {}
[100.135216] (-) TimerEvent: {}
[100.236266] (-) TimerEvent: {}
[100.337097] (-) TimerEvent: {}
[100.438104] (-) TimerEvent: {}
[100.538871] (-) TimerEvent: {}
[100.639582] (-) TimerEvent: {}
[100.740412] (-) TimerEvent: {}
[100.841451] (-) TimerEvent: {}
[100.942344] (-) TimerEvent: {}
[101.043302] (-) TimerEvent: {}
[101.144521] (-) TimerEvent: {}
[101.245682] (-) TimerEvent: {}
[101.346587] (-) TimerEvent: {}
[101.447540] (-) TimerEvent: {}
[101.549414] (-) TimerEvent: {}
[101.651665] (-) TimerEvent: {}
[101.753311] (-) TimerEvent: {}
[101.855746] (-) TimerEvent: {}
[101.959106] (-) TimerEvent: {}
[102.060927] (-) TimerEvent: {}
[102.161772] (-) TimerEvent: {}
[102.262723] (-) TimerEvent: {}
[102.363889] (-) TimerEvent: {}
[102.464793] (-) TimerEvent: {}
[102.567044] (-) TimerEvent: {}
[102.668975] (-) TimerEvent: {}
[102.770600] (-) TimerEvent: {}
[102.872514] (-) TimerEvent: {}
[102.973543] (-) TimerEvent: {}
[103.074561] (-) TimerEvent: {}
[103.175453] (-) TimerEvent: {}
[103.276483] (-) TimerEvent: {}
[103.377832] (-) TimerEvent: {}
[103.479039] (-) TimerEvent: {}
[103.580266] (-) TimerEvent: {}
[103.681769] (-) TimerEvent: {}
[103.782959] (-) TimerEvent: {}
[103.884102] (-) TimerEvent: {}
[103.985953] (-) TimerEvent: {}
[104.090962] (-) TimerEvent: {}
[104.197044] (-) TimerEvent: {}
[104.301038] (-) TimerEvent: {}
[104.404821] (-) TimerEvent: {}
[104.506899] (-) TimerEvent: {}
[104.612327] (-) TimerEvent: {}
[104.717291] (-) TimerEvent: {}
[104.818614] (-) TimerEvent: {}
[104.919786] (-) TimerEvent: {}
[105.021380] (-) TimerEvent: {}
[105.122564] (-) TimerEvent: {}
[105.223826] (-) TimerEvent: {}
[105.324943] (-) TimerEvent: {}
[105.426299] (-) TimerEvent: {}
[105.527458] (-) TimerEvent: {}
[105.630800] (-) TimerEvent: {}
[105.733517] (-) TimerEvent: {}
[105.834843] (-) TimerEvent: {}
[105.937970] (-) TimerEvent: {}
[106.038800] (-) TimerEvent: {}
[106.140380] (-) TimerEvent: {}
[106.241223] (-) TimerEvent: {}
[106.343890] (-) TimerEvent: {}
[106.450834] (-) TimerEvent: {}
[106.554807] (-) TimerEvent: {}
[106.655923] (-) TimerEvent: {}
[106.759156] (-) TimerEvent: {}
[106.862807] (-) TimerEvent: {}
[106.963931] (-) TimerEvent: {}
[107.064794] (-) TimerEvent: {}
[107.165781] (-) TimerEvent: {}
[107.266887] (-) TimerEvent: {}
[107.367918] (-) TimerEvent: {}
[107.468952] (-) TimerEvent: {}
[107.569822] (-) TimerEvent: {}
[107.670710] (-) TimerEvent: {}
[107.771534] (-) TimerEvent: {}
[107.872387] (-) TimerEvent: {}
[107.973242] (-) TimerEvent: {}
[108.074127] (-) TimerEvent: {}
[108.174962] (-) TimerEvent: {}
[108.275762] (-) TimerEvent: {}
[108.376552] (-) TimerEvent: {}
[108.479793] (-) TimerEvent: {}
[108.580934] (-) TimerEvent: {}
[108.682558] (-) TimerEvent: {}
[108.783775] (-) TimerEvent: {}
[108.886232] (-) TimerEvent: {}
[108.987131] (-) TimerEvent: {}
[109.088128] (-) TimerEvent: {}
[109.191599] (-) TimerEvent: {}
[109.293341] (-) TimerEvent: {}
[109.395459] (-) TimerEvent: {}
[109.498847] (-) TimerEvent: {}
[109.600818] (-) TimerEvent: {}
[109.703162] (-) TimerEvent: {}
[109.806890] (-) TimerEvent: {}
[109.909135] (-) TimerEvent: {}
[110.012109] (-) TimerEvent: {}
[110.113215] (-) TimerEvent: {}
[110.214406] (-) TimerEvent: {}
[110.315608] (-) TimerEvent: {}
[110.416941] (-) TimerEvent: {}
[110.518230] (-) TimerEvent: {}
[110.619300] (-) TimerEvent: {}
[110.720212] (-) TimerEvent: {}
[110.823124] (-) TimerEvent: {}
[110.924174] (-) TimerEvent: {}
[111.026112] (-) TimerEvent: {}
[111.128430] (-) TimerEvent: {}
[111.229498] (-) TimerEvent: {}
[111.332095] (-) TimerEvent: {}
[111.433481] (-) TimerEvent: {}
[111.534465] (-) TimerEvent: {}
[111.635727] (-) TimerEvent: {}
[111.736929] (-) TimerEvent: {}
[111.843335] (-) TimerEvent: {}
[111.944900] (-) TimerEvent: {}
[112.046057] (-) TimerEvent: {}
[112.148332] (-) TimerEvent: {}
[112.249542] (-) TimerEvent: {}
[112.350802] (-) TimerEvent: {}
[112.451998] (-) TimerEvent: {}
[112.553367] (-) TimerEvent: {}
[112.658891] (-) TimerEvent: {}
[112.768841] (-) TimerEvent: {}
[112.869806] (-) TimerEvent: {}
[112.972105] (-) TimerEvent: {}
[113.072958] (-) TimerEvent: {}
[113.179811] (-) TimerEvent: {}
[113.280799] (-) TimerEvent: {}
[113.382668] (-) TimerEvent: {}
[113.483499] (-) TimerEvent: {}
[113.585152] (-) TimerEvent: {}
[113.685994] (-) TimerEvent: {}
[113.787024] (-) TimerEvent: {}
[113.888744] (-) TimerEvent: {}
[113.989820] (-) TimerEvent: {}
[114.090771] (-) TimerEvent: {}
[114.193989] (-) TimerEvent: {}
[114.299806] (-) TimerEvent: {}
[114.401119] (-) TimerEvent: {}
[114.508004] (-) TimerEvent: {}
[114.608913] (-) TimerEvent: {}
[114.710553] (-) TimerEvent: {}
[114.811347] (-) TimerEvent: {}
[114.912157] (-) TimerEvent: {}
[115.012893] (-) TimerEvent: {}
[115.113700] (-) TimerEvent: {}
[115.214497] (-) TimerEvent: {}
[115.315412] (-) TimerEvent: {}
[115.416307] (-) TimerEvent: {}
[115.517367] (-) TimerEvent: {}
[115.618672] (-) TimerEvent: {}
[115.722165] (-) TimerEvent: {}
[115.825817] (-) TimerEvent: {}
[115.927190] (-) TimerEvent: {}
[116.028413] (-) TimerEvent: {}
[116.130284] (-) TimerEvent: {}
[116.232510] (-) TimerEvent: {}
[116.333904] (-) TimerEvent: {}
[116.436104] (-) TimerEvent: {}
[116.540234] (-) TimerEvent: {}
[116.643784] (-) TimerEvent: {}
[116.746878] (-) TimerEvent: {}
[116.848115] (-) TimerEvent: {}
[116.949531] (-) TimerEvent: {}
[117.052040] (-) TimerEvent: {}
[117.152946] (-) TimerEvent: {}
[117.254059] (-) TimerEvent: {}
[117.355196] (-) TimerEvent: {}
[117.456324] (-) TimerEvent: {}
[117.557416] (-) TimerEvent: {}
[117.658630] (-) TimerEvent: {}
[117.759880] (-) TimerEvent: {}
[117.860980] (-) TimerEvent: {}
[117.962129] (-) TimerEvent: {}
[118.063440] (-) TimerEvent: {}
[118.164820] (-) TimerEvent: {}
[118.265925] (-) TimerEvent: {}
[118.367356] (-) TimerEvent: {}
[118.469137] (-) TimerEvent: {}
[118.570554] (-) TimerEvent: {}
[118.671580] (-) TimerEvent: {}
[118.772596] (-) TimerEvent: {}
[118.874712] (-) TimerEvent: {}
[118.975992] (-) TimerEvent: {}
[119.078320] (-) TimerEvent: {}
[119.179627] (-) TimerEvent: {}
[119.281448] (-) TimerEvent: {}
[119.387283] (-) TimerEvent: {}
[119.489996] (-) TimerEvent: {}
[119.591805] (-) TimerEvent: {}
[119.695955] (-) TimerEvent: {}
[119.801880] (-) TimerEvent: {}
[119.905823] (-) TimerEvent: {}
[120.009162] (-) TimerEvent: {}
[120.112804] (-) TimerEvent: {}
[120.213799] (-) TimerEvent: {}
[120.314631] (-) TimerEvent: {}
[120.415487] (-) TimerEvent: {}
[120.516328] (-) TimerEvent: {}
[120.617253] (-) TimerEvent: {}
[120.718209] (-) TimerEvent: {}
[120.819273] (-) TimerEvent: {}
[120.920266] (-) TimerEvent: {}
[121.021156] (-) TimerEvent: {}
[121.122394] (-) TimerEvent: {}
[121.223155] (-) TimerEvent: {}
[121.324124] (-) TimerEvent: {}
[121.424991] (-) TimerEvent: {}
[121.525824] (-) TimerEvent: {}
[121.626719] (-) TimerEvent: {}
[121.727535] (-) TimerEvent: {}
[121.828492] (-) TimerEvent: {}
[121.929350] (-) TimerEvent: {}
[122.030301] (-) TimerEvent: {}
[122.131131] (-) TimerEvent: {}
[122.232804] (-) TimerEvent: {}
[122.333798] (-) TimerEvent: {}
[122.434711] (-) TimerEvent: {}
[122.535675] (-) TimerEvent: {}
[122.636663] (-) TimerEvent: {}
[122.737599] (-) TimerEvent: {}
[122.838620] (-) TimerEvent: {}
[122.940353] (-) TimerEvent: {}
[123.041483] (-) TimerEvent: {}
[123.142261] (-) TimerEvent: {}
[123.243010] (-) TimerEvent: {}
[123.343840] (-) TimerEvent: {}
[123.444970] (-) TimerEvent: {}
[123.546847] (-) TimerEvent: {}
[123.647849] (-) TimerEvent: {}
[123.748909] (-) TimerEvent: {}
[123.850094] (-) TimerEvent: {}
[123.951105] (-) TimerEvent: {}
[124.052876] (-) TimerEvent: {}
[124.153853] (-) TimerEvent: {}
[124.255000] (-) TimerEvent: {}
[124.356449] (-) TimerEvent: {}
[124.457564] (-) TimerEvent: {}
[124.560817] (-) TimerEvent: {}
[124.665389] (-) TimerEvent: {}
[124.766528] (-) TimerEvent: {}
[124.869830] (-) TimerEvent: {}
[124.971309] (-) TimerEvent: {}
[125.072341] (-) TimerEvent: {}
[125.173802] (-) TimerEvent: {}
[125.274835] (-) TimerEvent: {}
[125.376175] (-) TimerEvent: {}
[125.477496] (-) TimerEvent: {}
[125.578839] (-) TimerEvent: {}
[125.680222] (-) TimerEvent: {}
[125.784384] (-) TimerEvent: {}
[125.888417] (-) TimerEvent: {}
[125.989912] (-) TimerEvent: {}
[126.091541] (-) TimerEvent: {}
[126.193481] (-) TimerEvent: {}
[126.295434] (-) TimerEvent: {}
[126.398553] (-) TimerEvent: {}
[126.500221] (-) TimerEvent: {}
[126.601714] (-) TimerEvent: {}
[126.703042] (-) TimerEvent: {}
[126.804600] (-) TimerEvent: {}
[126.906203] (-) TimerEvent: {}
[127.008332] (-) TimerEvent: {}
[127.111119] (-) TimerEvent: {}
[127.212786] (-) TimerEvent: {}
[127.315434] (-) TimerEvent: {}
[127.418188] (-) TimerEvent: {}
[127.529688] (-) TimerEvent: {}
[127.637819] (-) TimerEvent: {}
[127.738787] (-) TimerEvent: {}
[127.841826] (-) TimerEvent: {}
[127.948797] (-) TimerEvent: {}
[128.053119] (-) TimerEvent: {}
[128.154022] (-) TimerEvent: {}
[128.255425] (-) TimerEvent: {}
[128.356927] (-) TimerEvent: {}
[128.457948] (-) TimerEvent: {}
[128.558752] (-) TimerEvent: {}
[128.659623] (-) TimerEvent: {}
[128.760558] (-) TimerEvent: {}
[128.862577] (-) TimerEvent: {}
[128.963839] (-) TimerEvent: {}
[129.064995] (-) TimerEvent: {}
[129.166008] (-) TimerEvent: {}
[129.267134] (-) TimerEvent: {}
[129.368138] (-) TimerEvent: {}
[129.470672] (-) TimerEvent: {}
[129.572409] (-) TimerEvent: {}
[129.674952] (-) TimerEvent: {}
[129.776095] (-) TimerEvent: {}
[129.877389] (-) TimerEvent: {}
[129.978502] (-) TimerEvent: {}
[130.084619] (-) TimerEvent: {}
[130.186407] (-) TimerEvent: {}
[130.287282] (-) TimerEvent: {}
[130.389463] (-) TimerEvent: {}
[130.490411] (-) TimerEvent: {}
[130.592164] (-) TimerEvent: {}
[130.693404] (-) TimerEvent: {}
[130.796841] (-) TimerEvent: {}
[130.897906] (-) TimerEvent: {}
[130.999297] (-) TimerEvent: {}
[131.100330] (-) TimerEvent: {}
[131.201416] (-) TimerEvent: {}
[131.302473] (-) TimerEvent: {}
[131.403378] (-) TimerEvent: {}
[131.504517] (-) TimerEvent: {}
[131.605340] (-) TimerEvent: {}
[131.706496] (-) TimerEvent: {}
[131.808912] (-) TimerEvent: {}
[131.910061] (-) TimerEvent: {}
[132.011814] (-) TimerEvent: {}
[132.112800] (-) TimerEvent: {}
[132.214039] (-) TimerEvent: {}
[132.315286] (-) TimerEvent: {}
[132.416422] (-) TimerEvent: {}
[132.517679] (-) TimerEvent: {}
[132.621849] (-) TimerEvent: {}
[132.723171] (-) TimerEvent: {}
[132.826699] (-) TimerEvent: {}
[132.931912] (-) TimerEvent: {}
[133.033290] (-) TimerEvent: {}
[133.134384] (-) TimerEvent: {}
[133.235583] (-) TimerEvent: {}
[133.337481] (-) TimerEvent: {}
[133.438546] (-) TimerEvent: {}
[133.539839] (-) TimerEvent: {}
[133.641948] (-) TimerEvent: {}
[133.744052] (-) TimerEvent: {}
[133.846615] (-) TimerEvent: {}
[133.948814] (-) TimerEvent: {}
[134.050075] (-) TimerEvent: {}
[134.151564] (-) TimerEvent: {}
[134.260329] (-) TimerEvent: {}
[134.365852] (-) TimerEvent: {}
[134.466945] (-) TimerEvent: {}
[134.572824] (-) TimerEvent: {}
[134.679036] (-) TimerEvent: {}
[134.781804] (-) TimerEvent: {}
[134.882756] (-) TimerEvent: {}
[134.988057] (-) TimerEvent: {}
[135.088972] (-) TimerEvent: {}
[135.192213] (-) TimerEvent: {}
[135.295914] (-) TimerEvent: {}
[135.397247] (-) TimerEvent: {}
[135.499539] (-) TimerEvent: {}
[135.600477] (-) TimerEvent: {}
[135.701342] (-) TimerEvent: {}
[135.802330] (-) TimerEvent: {}
[135.903958] (-) TimerEvent: {}
[136.006589] (-) TimerEvent: {}
[136.107804] (-) TimerEvent: {}
[136.209080] (-) TimerEvent: {}
[136.309941] (-) TimerEvent: {}
[136.410828] (-) TimerEvent: {}
[136.511553] (-) TimerEvent: {}
[136.612242] (-) TimerEvent: {}
[136.712958] (-) TimerEvent: {}
[136.813711] (-) TimerEvent: {}
[136.914783] (-) TimerEvent: {}
[137.015765] (-) TimerEvent: {}
[137.117008] (-) TimerEvent: {}
[137.220629] (-) TimerEvent: {}
[137.322300] (-) TimerEvent: {}
[137.425058] (-) TimerEvent: {}
[137.528039] (-) TimerEvent: {}
[137.630818] (-) TimerEvent: {}
[137.733128] (-) TimerEvent: {}
[137.836618] (-) TimerEvent: {}
[137.938694] (-) TimerEvent: {}
[138.039626] (-) TimerEvent: {}
[138.140384] (-) TimerEvent: {}
[138.241232] (-) TimerEvent: {}
[138.344521] (-) TimerEvent: {}
[138.445372] (-) TimerEvent: {}
[138.546204] (-) TimerEvent: {}
[138.647028] (-) TimerEvent: {}
[138.748482] (-) TimerEvent: {}
[138.850778] (-) TimerEvent: {}
[138.952766] (-) TimerEvent: {}
[139.056584] (-) TimerEvent: {}
[139.159785] (-) TimerEvent: {}
[139.261059] (-) TimerEvent: {}
[139.362056] (-) TimerEvent: {}
[139.465088] (-) TimerEvent: {}
[139.566268] (-) TimerEvent: {}
[139.669659] (-) TimerEvent: {}
[139.771258] (-) TimerEvent: {}
[139.875779] (-) TimerEvent: {}
[139.977016] (-) TimerEvent: {}
[140.079812] (-) TimerEvent: {}
[140.182877] (-) TimerEvent: {}
[140.284909] (-) TimerEvent: {}
[140.389893] (-) TimerEvent: {}
[140.496621] (-) TimerEvent: {}
[140.598079] (-) TimerEvent: {}
[140.699926] (-) TimerEvent: {}
[140.803861] (-) TimerEvent: {}
[140.908174] (-) TimerEvent: {}
[141.010239] (-) TimerEvent: {}
[141.113798] (-) TimerEvent: {}
[141.214674] (-) TimerEvent: {}
[141.316796] (-) TimerEvent: {}
[141.417811] (-) TimerEvent: {}
[141.521717] (-) TimerEvent: {}
[141.623844] (-) TimerEvent: {}
[141.728472] (-) TimerEvent: {}
[141.829450] (-) TimerEvent: {}
[141.930184] (-) TimerEvent: {}
[142.030995] (-) TimerEvent: {}
[142.132138] (-) TimerEvent: {}
[142.233099] (-) TimerEvent: {}
[142.334413] (-) TimerEvent: {}
[142.436051] (-) TimerEvent: {}
[142.539066] (-) TimerEvent: {}
[142.640894] (-) TimerEvent: {}
[142.742989] (-) TimerEvent: {}
[142.844543] (-) TimerEvent: {}
[142.946340] (-) TimerEvent: {}
[143.047259] (-) TimerEvent: {}
[143.148720] (-) TimerEvent: {}
[143.250463] (-) TimerEvent: {}
[143.351519] (-) TimerEvent: {}
[143.454056] (-) TimerEvent: {}
[143.555400] (-) TimerEvent: {}
[143.657861] (-) TimerEvent: {}
[143.760572] (-) TimerEvent: {}
[143.861971] (-) TimerEvent: {}
[143.966342] (-) TimerEvent: {}
[144.068107] (-) TimerEvent: {}
[144.171724] (-) TimerEvent: {}
[144.273277] (-) TimerEvent: {}
[144.375484] (-) TimerEvent: {}
[144.480724] (-) TimerEvent: {}
[144.584212] (-) TimerEvent: {}
[144.691363] (-) TimerEvent: {}
[144.796976] (-) TimerEvent: {}
[144.904978] (-) TimerEvent: {}
[145.009983] (-) TimerEvent: {}
[145.113875] (-) TimerEvent: {}
[145.217460] (-) TimerEvent: {}
[145.324572] (-) TimerEvent: {}
[145.426270] (-) TimerEvent: {}
[145.533199] (-) TimerEvent: {}
[145.637950] (-) TimerEvent: {}
[145.739040] (-) TimerEvent: {}
[145.840523] (-) TimerEvent: {}
[145.942370] (-) TimerEvent: {}
[146.047423] (-) TimerEvent: {}
[146.148575] (-) TimerEvent: {}
[146.251216] (-) TimerEvent: {}
[146.352390] (-) TimerEvent: {}
[146.455924] (-) TimerEvent: {}
[146.556994] (-) TimerEvent: {}
[146.657855] (-) TimerEvent: {}
[146.759496] (-) TimerEvent: {}
[146.860881] (-) TimerEvent: {}
[146.962050] (-) TimerEvent: {}
[147.063515] (-) TimerEvent: {}
[147.164857] (-) TimerEvent: {}
[147.266011] (-) TimerEvent: {}
[147.367982] (-) TimerEvent: {}
[147.469736] (-) TimerEvent: {}
[147.570893] (-) TimerEvent: {}
[147.674513] (-) TimerEvent: {}
[147.779858] (-) TimerEvent: {}
[147.880947] (-) TimerEvent: {}
[147.983176] (-) TimerEvent: {}
[148.088148] (-) TimerEvent: {}
[148.194509] (-) TimerEvent: {}
[148.305056] (-) TimerEvent: {}
[148.409623] (-) TimerEvent: {}
[148.510762] (-) TimerEvent: {}
[148.615220] (-) TimerEvent: {}
[148.716310] (-) TimerEvent: {}
[148.818702] (-) TimerEvent: {}
[148.920348] (-) TimerEvent: {}
[149.022192] (-) TimerEvent: {}
[149.124061] (-) TimerEvent: {}
[149.224939] (-) TimerEvent: {}
[149.325932] (-) TimerEvent: {}
[149.427063] (-) TimerEvent: {}
[149.528477] (-) TimerEvent: {}
[149.632091] (-) TimerEvent: {}
[149.732881] (-) TimerEvent: {}
[149.833819] (-) TimerEvent: {}
[149.934594] (-) TimerEvent: {}
[150.035389] (-) TimerEvent: {}
[150.136196] (-) TimerEvent: {}
[150.237732] (-) TimerEvent: {}
[150.338563] (-) TimerEvent: {}
[150.439467] (-) TimerEvent: {}
[150.540360] (-) TimerEvent: {}
[150.641286] (-) TimerEvent: {}
[150.742367] (-) TimerEvent: {}
[150.844210] (-) TimerEvent: {}
[150.945139] (-) TimerEvent: {}
[151.046195] (-) TimerEvent: {}
[151.147254] (-) TimerEvent: {}
[151.248819] (-) TimerEvent: {}
[151.349740] (-) TimerEvent: {}
[151.453811] (-) TimerEvent: {}
[151.554759] (-) TimerEvent: {}
[151.655909] (-) TimerEvent: {}
[151.757624] (-) TimerEvent: {}
[151.859134] (-) TimerEvent: {}
[151.960031] (-) TimerEvent: {}
[152.061042] (-) TimerEvent: {}
[152.161955] (-) TimerEvent: {}
[152.262823] (-) TimerEvent: {}
[152.363775] (-) TimerEvent: {}
[152.464741] (-) TimerEvent: {}
[152.565565] (-) TimerEvent: {}
[152.666437] (-) TimerEvent: {}
[152.767439] (-) TimerEvent: {}
[152.868360] (-) TimerEvent: {}
[152.969287] (-) TimerEvent: {}
[153.070138] (-) TimerEvent: {}
[153.171096] (-) TimerEvent: {}
[153.273169] (-) TimerEvent: {}
[153.374404] (-) TimerEvent: {}
[153.475782] (-) TimerEvent: {}
[153.577371] (-) TimerEvent: {}
[153.680461] (-) TimerEvent: {}
[153.782054] (-) TimerEvent: {}
[153.883349] (-) TimerEvent: {}
[153.984310] (-) TimerEvent: {}
[154.085296] (-) TimerEvent: {}
[154.186407] (-) TimerEvent: {}
[154.288118] (-) TimerEvent: {}
[154.389960] (-) TimerEvent: {}
[154.492221] (-) TimerEvent: {}
[154.593294] (-) TimerEvent: {}
[154.696286] (-) TimerEvent: {}
[154.797037] (-) TimerEvent: {}
[154.897810] (-) TimerEvent: {}
[154.998702] (-) TimerEvent: {}
[155.102518] (-) TimerEvent: {}
[155.205362] (-) TimerEvent: {}
[155.310790] (-) TimerEvent: {}
[155.411615] (-) TimerEvent: {}
[155.513849] (-) TimerEvent: {}
[155.617168] (-) TimerEvent: {}
[155.719464] (-) TimerEvent: {}
[155.825174] (-) TimerEvent: {}
[155.930717] (-) TimerEvent: {}
[156.031627] (-) TimerEvent: {}
[156.132829] (-) TimerEvent: {}
[156.234270] (-) TimerEvent: {}
[156.335191] (-) TimerEvent: {}
[156.436339] (-) TimerEvent: {}
[156.537318] (-) TimerEvent: {}
[156.639245] (-) TimerEvent: {}
[156.740235] (-) TimerEvent: {}
[156.841894] (-) TimerEvent: {}
[156.943226] (-) TimerEvent: {}
[157.044352] (-) TimerEvent: {}
[157.145190] (-) TimerEvent: {}
[157.246206] (-) TimerEvent: {}
[157.347049] (-) TimerEvent: {}
[157.447824] (-) TimerEvent: {}
[157.548615] (-) TimerEvent: {}
[157.649392] (-) TimerEvent: {}
[157.750215] (-) TimerEvent: {}
[157.851261] (-) TimerEvent: {}
[157.954583] (-) TimerEvent: {}
[158.056787] (-) TimerEvent: {}
[158.160308] (-) TimerEvent: {}
[158.262281] (-) TimerEvent: {}
[158.364049] (-) TimerEvent: {}
[158.464820] (-) TimerEvent: {}
[158.565553] (-) TimerEvent: {}
[158.666734] (-) TimerEvent: {}
[158.767626] (-) TimerEvent: {}
[158.868980] (-) TimerEvent: {}
[158.970588] (-) TimerEvent: {}
[159.072518] (-) TimerEvent: {}
[159.173503] (-) TimerEvent: {}
[159.274559] (-) TimerEvent: {}
[159.375388] (-) TimerEvent: {}
[159.476379] (-) TimerEvent: {}
[159.578104] (-) TimerEvent: {}
[159.680128] (-) TimerEvent: {}
[159.781108] (-) TimerEvent: {}
[159.881925] (-) TimerEvent: {}
[159.982824] (-) TimerEvent: {}
[160.083703] (-) TimerEvent: {}
[160.185206] (-) TimerEvent: {}
[160.287778] (-) TimerEvent: {}
[160.388685] (-) TimerEvent: {}
[160.489910] (-) TimerEvent: {}
[160.590977] (-) TimerEvent: {}
[160.694841] (-) TimerEvent: {}
[160.796101] (-) TimerEvent: {}
[160.897226] (-) TimerEvent: {}
[160.998184] (-) TimerEvent: {}
[161.100102] (-) TimerEvent: {}
[161.201202] (-) TimerEvent: {}
[161.303300] (-) TimerEvent: {}
[161.404381] (-) TimerEvent: {}
[161.505346] (-) TimerEvent: {}
[161.606385] (-) TimerEvent: {}
[161.707494] (-) TimerEvent: {}
[161.808812] (-) TimerEvent: {}
[161.909743] (-) TimerEvent: {}
[162.010742] (-) TimerEvent: {}
[162.111558] (-) TimerEvent: {}
[162.212604] (-) TimerEvent: {}
[162.315835] (-) TimerEvent: {}
[162.416853] (-) TimerEvent: {}
[162.518092] (-) TimerEvent: {}
[162.623241] (-) TimerEvent: {}
[162.726830] (-) TimerEvent: {}
[162.829821] (-) TimerEvent: {}
[162.937866] (-) TimerEvent: {}
[163.038675] (-) TimerEvent: {}
[163.139491] (-) TimerEvent: {}
[163.240270] (-) TimerEvent: {}
[163.341346] (-) TimerEvent: {}
[163.442137] (-) TimerEvent: {}
[163.542869] (-) TimerEvent: {}
[163.643584] (-) TimerEvent: {}
[163.744317] (-) TimerEvent: {}
[163.845102] (-) TimerEvent: {}
[163.945784] (-) TimerEvent: {}
[164.046571] (-) TimerEvent: {}
[164.147424] (-) TimerEvent: {}
[164.249017] (-) TimerEvent: {}
[164.350000] (-) TimerEvent: {}
[164.451296] (-) TimerEvent: {}
[164.554420] (-) TimerEvent: {}
[164.655433] (-) TimerEvent: {}
[164.756218] (-) TimerEvent: {}
[164.856978] (-) TimerEvent: {}
[164.957722] (-) TimerEvent: {}
[165.058425] (-) TimerEvent: {}
[165.159180] (-) TimerEvent: {}
[165.259901] (-) TimerEvent: {}
[165.362938] (-) TimerEvent: {}
[165.463885] (-) TimerEvent: {}
[165.569619] (-) TimerEvent: {}
[165.670488] (-) TimerEvent: {}
[165.772720] (-) TimerEvent: {}
[165.873442] (-) TimerEvent: {}
[165.974208] (-) TimerEvent: {}
[166.074922] (-) TimerEvent: {}
[166.175724] (-) TimerEvent: {}
[166.276508] (-) TimerEvent: {}
[166.377440] (-) TimerEvent: {}
[166.478300] (-) TimerEvent: {}
[166.579248] (-) TimerEvent: {}
[166.680182] (-) TimerEvent: {}
[166.782151] (-) TimerEvent: {}
[166.883210] (-) TimerEvent: {}
[166.985552] (-) TimerEvent: {}
[167.086698] (-) TimerEvent: {}
[167.187504] (-) TimerEvent: {}
[167.288345] (-) TimerEvent: {}
[167.389220] (-) TimerEvent: {}
[167.490362] (-) TimerEvent: {}
[167.591139] (-) TimerEvent: {}
[167.694116] (-) TimerEvent: {}
[167.795123] (-) TimerEvent: {}
[167.897215] (-) TimerEvent: {}
[168.001209] (-) TimerEvent: {}
[168.102159] (-) TimerEvent: {}
[168.203893] (-) TimerEvent: {}
[168.304981] (-) TimerEvent: {}
[168.406017] (-) TimerEvent: {}
[168.507212] (-) TimerEvent: {}
[168.608206] (-) TimerEvent: {}
[168.709123] (-) TimerEvent: {}
[168.818513] (-) TimerEvent: {}
[168.920532] (-) TimerEvent: {}
[169.027175] (-) TimerEvent: {}
[169.130305] (-) TimerEvent: {}
[169.232876] (-) TimerEvent: {}
[169.334943] (-) TimerEvent: {}
[169.439808] (-) TimerEvent: {}
[169.540602] (-) TimerEvent: {}
[169.641440] (-) TimerEvent: {}
[169.742338] (-) TimerEvent: {}
[169.844001] (-) TimerEvent: {}
[169.945725] (-) TimerEvent: {}
[170.046890] (-) TimerEvent: {}
[170.147799] (-) TimerEvent: {}
[170.252230] (-) TimerEvent: {}
[170.353756] (-) TimerEvent: {}
[170.457231] (-) TimerEvent: {}
[170.558151] (-) TimerEvent: {}
[170.659230] (-) TimerEvent: {}
[170.761838] (-) TimerEvent: {}
[170.863781] (-) TimerEvent: {}
[170.964777] (-) TimerEvent: {}
[171.065731] (-) TimerEvent: {}
[171.166603] (-) TimerEvent: {}
[171.267581] (-) TimerEvent: {}
[171.368532] (-) TimerEvent: {}
[171.469392] (-) TimerEvent: {}
[171.570436] (-) TimerEvent: {}
[171.671411] (-) TimerEvent: {}
[171.772607] (-) TimerEvent: {}
[171.873494] (-) TimerEvent: {}
[171.974480] (-) TimerEvent: {}
[172.075541] (-) TimerEvent: {}
[172.177623] (-) TimerEvent: {}
[172.280236] (-) TimerEvent: {}
[172.381216] (-) TimerEvent: {}
[172.482197] (-) TimerEvent: {}
[172.583217] (-) TimerEvent: {}
[172.684315] (-) TimerEvent: {}
[172.786174] (-) TimerEvent: {}
[172.888556] (-) TimerEvent: {}
[172.989535] (-) TimerEvent: {}
[173.090687] (-) TimerEvent: {}
[173.191810] (-) TimerEvent: {}
[173.294143] (-) TimerEvent: {}
[173.395262] (-) TimerEvent: {}
[173.496415] (-) TimerEvent: {}
[173.597314] (-) TimerEvent: {}
[173.698329] (-) TimerEvent: {}
[173.799403] (-) TimerEvent: {}
[173.900683] (-) TimerEvent: {}
[174.001607] (-) TimerEvent: {}
[174.102496] (-) TimerEvent: {}
[174.203360] (-) TimerEvent: {}
[174.304347] (-) TimerEvent: {}
[174.408341] (-) TimerEvent: {}
[174.509472] (-) TimerEvent: {}
[174.612364] (-) TimerEvent: {}
[174.714921] (-) TimerEvent: {}
[174.817427] (-) TimerEvent: {}
[174.918601] (-) TimerEvent: {}
[175.020563] (-) TimerEvent: {}
[175.124324] (-) TimerEvent: {}
[175.225503] (-) TimerEvent: {}
[175.329917] (-) TimerEvent: {}
[175.433058] (-) TimerEvent: {}
[175.534077] (-) TimerEvent: {}
[175.636841] (-) TimerEvent: {}
[175.743846] (-) TimerEvent: {}
[175.844995] (-) TimerEvent: {}
[175.950873] (-) TimerEvent: {}
[176.054153] (-) TimerEvent: {}
[176.156833] (-) TimerEvent: {}
[176.260250] (-) TimerEvent: {}
[176.362277] (-) TimerEvent: {}
[176.464327] (-) TimerEvent: {}
[176.565367] (-) TimerEvent: {}
[176.666305] (-) TimerEvent: {}
[176.767150] (-) TimerEvent: {}
[176.868116] (-) TimerEvent: {}
[176.968934] (-) TimerEvent: {}
[177.069696] (-) TimerEvent: {}
[177.170575] (-) TimerEvent: {}
[177.271410] (-) TimerEvent: {}
[177.373101] (-) TimerEvent: {}
[177.474013] (-) TimerEvent: {}
[177.574974] (-) TimerEvent: {}
[177.676159] (-) TimerEvent: {}
[177.777285] (-) TimerEvent: {}
[177.878576] (-) TimerEvent: {}
[177.979588] (-) TimerEvent: {}
[178.080287] (-) TimerEvent: {}
[178.181008] (-) TimerEvent: {}
[178.281733] (-) TimerEvent: {}
[178.382424] (-) TimerEvent: {}
[178.483330] (-) TimerEvent: {}
[178.584136] (-) TimerEvent: {}
[178.685209] (-) TimerEvent: {}
[178.786824] (-) TimerEvent: {}
[178.888058] (-) TimerEvent: {}
[178.989083] (-) TimerEvent: {}
[179.089971] (-) TimerEvent: {}
[179.191012] (-) TimerEvent: {}
[179.291919] (-) TimerEvent: {}
[179.392677] (-) TimerEvent: {}
[179.493723] (-) TimerEvent: {}
[179.596208] (-) TimerEvent: {}
[179.697290] (-) TimerEvent: {}
[179.798285] (-) TimerEvent: {}
[179.900195] (-) TimerEvent: {}
[180.001571] (-) TimerEvent: {}
[180.102817] (-) TimerEvent: {}
[180.206985] (-) TimerEvent: {}
[180.309426] (-) TimerEvent: {}
[180.410385] (-) TimerEvent: {}
[180.511523] (-) TimerEvent: {}
[180.612405] (-) TimerEvent: {}
[180.713233] (-) TimerEvent: {}
[180.814067] (-) TimerEvent: {}
[180.914904] (-) TimerEvent: {}
[181.015905] (-) TimerEvent: {}
[181.117516] (-) TimerEvent: {}
[181.218837] (-) TimerEvent: {}
[181.319861] (-) TimerEvent: {}
[181.420844] (-) TimerEvent: {}
[181.521841] (-) TimerEvent: {}
[181.623802] (-) TimerEvent: {}
[181.724759] (-) TimerEvent: {}
[181.826494] (-) TimerEvent: {}
[181.927338] (-) TimerEvent: {}
[182.028214] (-) TimerEvent: {}
[182.128954] (-) TimerEvent: {}
[182.229744] (-) TimerEvent: {}
[182.331891] (-) TimerEvent: {}
[182.435937] (-) TimerEvent: {}
[182.539132] (-) TimerEvent: {}
[182.640184] (-) TimerEvent: {}
[182.744233] (-) TimerEvent: {}
[182.845137] (-) TimerEvent: {}
[182.950704] (-) TimerEvent: {}
[183.051557] (-) TimerEvent: {}
[183.155914] (-) TimerEvent: {}
[183.260884] (-) TimerEvent: {}
[183.361686] (-) TimerEvent: {}
[183.462411] (-) TimerEvent: {}
[183.563339] (-) TimerEvent: {}
[183.664613] (-) TimerEvent: {}
[183.765549] (-) TimerEvent: {}
[183.868318] (-) TimerEvent: {}
[183.969073] (-) TimerEvent: {}
[184.069823] (-) TimerEvent: {}
[184.170571] (-) TimerEvent: {}
[184.271385] (-) TimerEvent: {}
[184.372173] (-) TimerEvent: {}
[184.472968] (-) TimerEvent: {}
[184.573831] (-) TimerEvent: {}
[184.675745] (-) TimerEvent: {}
[184.776609] (-) TimerEvent: {}
[184.877746] (-) TimerEvent: {}
[184.978782] (-) TimerEvent: {}
[185.079817] (-) TimerEvent: {}
[185.182087] (-) TimerEvent: {}
[185.284514] (-) TimerEvent: {}
[185.386116] (-) TimerEvent: {}
[185.487124] (-) TimerEvent: {}
[185.588114] (-) TimerEvent: {}
[185.689470] (-) TimerEvent: {}
[185.790422] (-) TimerEvent: {}
[185.891175] (-) TimerEvent: {}
[185.991905] (-) TimerEvent: {}
[186.092713] (-) TimerEvent: {}
[186.193569] (-) TimerEvent: {}
[186.294322] (-) TimerEvent: {}
[186.395260] (-) TimerEvent: {}
[186.496092] (-) TimerEvent: {}
[186.598284] (-) TimerEvent: {}
[186.699203] (-) TimerEvent: {}
[186.801189] (-) TimerEvent: {}
[186.902571] (-) TimerEvent: {}
[187.003747] (-) TimerEvent: {}
[187.104928] (-) TimerEvent: {}
[187.205779] (-) TimerEvent: {}
[187.306702] (-) TimerEvent: {}
[187.407589] (-) TimerEvent: {}
[187.508350] (-) TimerEvent: {}
[187.609154] (-) TimerEvent: {}
[187.710007] (-) TimerEvent: {}
[187.810959] (-) TimerEvent: {}
[187.911791] (-) TimerEvent: {}
[188.013564] (-) TimerEvent: {}
[188.115805] (-) TimerEvent: {}
[188.216956] (-) TimerEvent: {}
[188.318174] (-) TimerEvent: {}
[188.419183] (-) TimerEvent: {}
[188.520006] (-) TimerEvent: {}
[188.620891] (-) TimerEvent: {}
[188.721784] (-) TimerEvent: {}
[188.822627] (-) TimerEvent: {}
[188.923480] (-) TimerEvent: {}
[189.024712] (-) TimerEvent: {}
[189.125705] (-) TimerEvent: {}
[189.226841] (-) TimerEvent: {}
[189.330886] (-) TimerEvent: {}
[189.438721] (-) TimerEvent: {}
[189.547028] (-) TimerEvent: {}
[189.654857] (-) TimerEvent: {}
[189.758158] (-) TimerEvent: {}
[189.860800] (-) TimerEvent: {}
[189.961736] (-) TimerEvent: {}
[190.066969] (-) TimerEvent: {}
[190.168782] (-) TimerEvent: {}
[190.273287] (-) TimerEvent: {}
[190.374292] (-) TimerEvent: {}
[190.475237] (-) TimerEvent: {}
[190.576676] (-) TimerEvent: {}
[190.677667] (-) TimerEvent: {}
[190.778617] (-) TimerEvent: {}
[190.880874] (-) TimerEvent: {}
[190.982044] (-) TimerEvent: {}
[191.083421] (-) TimerEvent: {}
[191.184401] (-) TimerEvent: {}
[191.285159] (-) TimerEvent: {}
[191.385901] (-) TimerEvent: {}
[191.486744] (-) TimerEvent: {}
[191.587489] (-) TimerEvent: {}
[191.688294] (-) TimerEvent: {}
[191.789060] (-) TimerEvent: {}
[191.889822] (-) TimerEvent: {}
[191.990702] (-) TimerEvent: {}
[192.092190] (-) TimerEvent: {}
[192.194045] (-) TimerEvent: {}
[192.294952] (-) TimerEvent: {}
[192.395827] (-) TimerEvent: {}
[192.496719] (-) TimerEvent: {}
[192.597759] (-) TimerEvent: {}
[192.698722] (-) TimerEvent: {}
[192.800074] (-) TimerEvent: {}
[192.901997] (-) TimerEvent: {}
[193.002800] (-) TimerEvent: {}
[193.103463] (-) TimerEvent: {}
[193.204164] (-) TimerEvent: {}
[193.304920] (-) TimerEvent: {}
[193.405692] (-) TimerEvent: {}
[193.506530] (-) TimerEvent: {}
[193.607916] (-) TimerEvent: {}
[193.709290] (-) TimerEvent: {}
[193.810440] (-) TimerEvent: {}
[193.911437] (-) TimerEvent: {}
[194.012623] (-) TimerEvent: {}
[194.113574] (-) TimerEvent: {}
[194.214456] (-) TimerEvent: {}
[194.315971] (-) TimerEvent: {}
[194.416991] (-) TimerEvent: {}
[194.518414] (-) TimerEvent: {}
[194.621629] (-) TimerEvent: {}
[194.724106] (-) TimerEvent: {}
[194.825696] (-) TimerEvent: {}
[194.927825] (-) TimerEvent: {}
[195.037494] (-) TimerEvent: {}
[195.138590] (-) TimerEvent: {}
[195.239680] (-) TimerEvent: {}
[195.340726] (-) TimerEvent: {}
[195.441836] (-) TimerEvent: {}
[195.542935] (-) TimerEvent: {}
[195.644028] (-) TimerEvent: {}
[195.747468] (-) TimerEvent: {}
[195.848558] (-) TimerEvent: {}
[195.949607] (-) TimerEvent: {}
[196.051526] (-) TimerEvent: {}
[196.152760] (-) TimerEvent: {}
[196.256246] (-) TimerEvent: {}
[196.364126] (-) TimerEvent: {}
[196.465825] (-) TimerEvent: {}
[196.570243] (-) TimerEvent: {}
[196.674471] (-) TimerEvent: {}
[196.779930] (-) TimerEvent: {}
[196.881071] (-) TimerEvent: {}
[196.982828] (-) TimerEvent: {}
[197.083923] (-) TimerEvent: {}
[197.184582] (-) TimerEvent: {}
[197.285280] (-) TimerEvent: {}
[197.386112] (-) TimerEvent: {}
[197.486844] (-) TimerEvent: {}
[197.587888] (-) TimerEvent: {}
[197.692132] (-) TimerEvent: {}
[197.792987] (-) TimerEvent: {}
[197.893778] (-) TimerEvent: {}
[197.994477] (-) TimerEvent: {}
[198.095380] (-) TimerEvent: {}
[198.197456] (-) TimerEvent: {}
[198.298358] (-) TimerEvent: {}
[198.399231] (-) TimerEvent: {}
[198.500040] (-) TimerEvent: {}
[198.601136] (-) TimerEvent: {}
[198.702753] (-) TimerEvent: {}
[198.803735] (-) TimerEvent: {}
[198.905915] (-) TimerEvent: {}
[199.006798] (-) TimerEvent: {}
[199.107702] (-) TimerEvent: {}
[199.208763] (-) TimerEvent: {}
[199.309473] (-) TimerEvent: {}
[199.412595] (-) TimerEvent: {}
[199.515265] (-) TimerEvent: {}
[199.617070] (-) TimerEvent: {}
[199.718280] (-) TimerEvent: {}
[199.819741] (-) TimerEvent: {}
[199.921421] (-) TimerEvent: {}
[200.024803] (-) TimerEvent: {}
[200.125962] (-) TimerEvent: {}
[200.230103] (-) TimerEvent: {}
[200.331206] (-) TimerEvent: {}
[200.431931] (-) TimerEvent: {}
[200.532671] (-) TimerEvent: {}
[200.633543] (-) TimerEvent: {}
[200.734531] (-) TimerEvent: {}
[200.835607] (-) TimerEvent: {}
[200.936693] (-) TimerEvent: {}
[201.037888] (-) TimerEvent: {}
[201.139504] (-) TimerEvent: {}
[201.241070] (-) TimerEvent: {}
[201.343113] (-) TimerEvent: {}
[201.444094] (-) TimerEvent: {}
[201.544931] (-) TimerEvent: {}
[201.645739] (-) TimerEvent: {}
[201.746521] (-) TimerEvent: {}
[201.847288] (-) TimerEvent: {}
[201.948058] (-) TimerEvent: {}
[202.048963] (-) TimerEvent: {}
[202.150206] (-) TimerEvent: {}
[202.251908] (-) TimerEvent: {}
[202.354282] (-) TimerEvent: {}
[202.458843] (-) TimerEvent: {}
[202.559820] (-) TimerEvent: {}
[202.660522] (-) TimerEvent: {}
[202.761253] (-) TimerEvent: {}
[202.862082] (-) TimerEvent: {}
[202.964872] (-) TimerEvent: {}
[203.067503] (-) TimerEvent: {}
[203.171478] (-) TimerEvent: {}
[203.275834] (-) TimerEvent: {}
[203.376958] (-) TimerEvent: {}
[203.481174] (-) TimerEvent: {}
[203.585829] (-) TimerEvent: {}
[203.686757] (-) TimerEvent: {}
[203.789411] (-) TimerEvent: {}
[203.893807] (-) TimerEvent: {}
[203.995829] (-) TimerEvent: {}
[204.097099] (-) TimerEvent: {}
[204.198968] (-) TimerEvent: {}
[204.300357] (-) TimerEvent: {}
[204.403416] (-) TimerEvent: {}
[204.505353] (-) TimerEvent: {}
[204.606743] (-) TimerEvent: {}
[204.710844] (-) TimerEvent: {}
[204.812504] (-) TimerEvent: {}
[204.913294] (-) TimerEvent: {}
[205.014300] (-) TimerEvent: {}
[205.116408] (-) TimerEvent: {}
[205.218380] (-) TimerEvent: {}
[205.320273] (-) TimerEvent: {}
[205.421226] (-) TimerEvent: {}
[205.522156] (-) TimerEvent: {}
[205.623092] (-) TimerEvent: {}
[205.723821] (-) TimerEvent: {}
[205.824704] (-) TimerEvent: {}
[205.925483] (-) TimerEvent: {}
[205.997488] (simple_robot) StdoutLine: {'line': b'[ 33%] \x1b[32mBuilding CXX object CMakeFiles/robot_map_node.dir/src/robot.cpp.o\x1b[0m\n'}
[206.025957] (-) TimerEvent: {}
[206.126774] (-) TimerEvent: {}
[206.227756] (-) TimerEvent: {}
[206.334792] (-) TimerEvent: {}
[206.435626] (-) TimerEvent: {}
[206.536596] (-) TimerEvent: {}
[206.639882] (-) TimerEvent: {}
[206.741120] (-) TimerEvent: {}
[206.846323] (-) TimerEvent: {}
[206.953629] (-) TimerEvent: {}
[207.058803] (-) TimerEvent: {}
[207.162317] (-) TimerEvent: {}
[207.267819] (-) TimerEvent: {}
[207.368782] (-) TimerEvent: {}
[207.472846] (-) TimerEvent: {}
[207.573862] (-) TimerEvent: {}
[207.680208] (-) TimerEvent: {}
[207.784110] (-) TimerEvent: {}
[207.888182] (-) TimerEvent: {}
[207.993820] (-) TimerEvent: {}
[208.094872] (-) TimerEvent: {}
[208.198807] (-) TimerEvent: {}
[208.300356] (-) TimerEvent: {}
[208.401939] (-) TimerEvent: {}
[208.504722] (-) TimerEvent: {}
[208.608791] (-) TimerEvent: {}
[208.710809] (-) TimerEvent: {}
[208.816815] (-) TimerEvent: {}
[208.921795] (-) TimerEvent: {}
[209.022631] (-) TimerEvent: {}
[209.123478] (-) TimerEvent: {}
[209.228908] (-) TimerEvent: {}
[209.330889] (-) TimerEvent: {}
[209.433711] (-) TimerEvent: {}
[209.537144] (-) TimerEvent: {}
[209.638377] (-) TimerEvent: {}
[209.740218] (-) TimerEvent: {}
[209.841113] (-) TimerEvent: {}
[209.943730] (-) TimerEvent: {}
[210.046916] (-) TimerEvent: {}
[210.147784] (-) TimerEvent: {}
[210.248518] (-) TimerEvent: {}
[210.349285] (-) TimerEvent: {}
[210.450125] (-) TimerEvent: {}
[210.550934] (-) TimerEvent: {}
[210.651728] (-) TimerEvent: {}
[210.752495] (-) TimerEvent: {}
[210.854861] (-) TimerEvent: {}
[210.955755] (-) TimerEvent: {}
[211.056721] (-) TimerEvent: {}
[211.157800] (-) TimerEvent: {}
[211.258970] (-) TimerEvent: {}
[211.360063] (-) TimerEvent: {}
[211.464481] (-) TimerEvent: {}
[211.565801] (-) TimerEvent: {}
[211.666706] (-) TimerEvent: {}
[211.768802] (-) TimerEvent: {}
[211.869752] (-) TimerEvent: {}
[211.970778] (-) TimerEvent: {}
[212.071827] (-) TimerEvent: {}
[212.174447] (-) TimerEvent: {}
[212.275406] (-) TimerEvent: {}
[212.378470] (-) TimerEvent: {}
[212.480005] (-) TimerEvent: {}
[212.581054] (-) TimerEvent: {}
[212.682139] (-) TimerEvent: {}
[212.783258] (-) TimerEvent: {}
[212.885857] (-) TimerEvent: {}
[212.987735] (-) TimerEvent: {}
[213.088806] (-) TimerEvent: {}
[213.189626] (-) TimerEvent: {}
[213.290608] (-) TimerEvent: {}
[213.392409] (-) TimerEvent: {}
[213.495311] (-) TimerEvent: {}
[213.596744] (-) TimerEvent: {}
[213.697906] (-) TimerEvent: {}
[213.799020] (-) TimerEvent: {}
[213.900132] (-) TimerEvent: {}
[214.001514] (-) TimerEvent: {}
[214.102994] (-) TimerEvent: {}
[214.204057] (-) TimerEvent: {}
[214.304994] (-) TimerEvent: {}
[214.408207] (-) TimerEvent: {}
[214.512742] (-) TimerEvent: {}
[214.621815] (-) TimerEvent: {}
[214.722855] (-) TimerEvent: {}
[214.827195] (-) TimerEvent: {}
[214.928132] (-) TimerEvent: {}
[215.029030] (-) TimerEvent: {}
[215.129884] (-) TimerEvent: {}
[215.230781] (-) TimerEvent: {}
[215.331698] (-) TimerEvent: {}
[215.432403] (-) TimerEvent: {}
[215.533205] (-) TimerEvent: {}
[215.633956] (-) TimerEvent: {}
[215.734736] (-) TimerEvent: {}
[215.835496] (-) TimerEvent: {}
[215.936924] (-) TimerEvent: {}
[216.038571] (-) TimerEvent: {}
[216.141147] (-) TimerEvent: {}
[216.242314] (-) TimerEvent: {}
[216.343409] (-) TimerEvent: {}
[216.444838] (-) TimerEvent: {}
[216.546054] (-) TimerEvent: {}
[216.647165] (-) TimerEvent: {}
[216.748118] (-) TimerEvent: {}
[216.849056] (-) TimerEvent: {}
[216.950003] (-) TimerEvent: {}
[217.050938] (-) TimerEvent: {}
[217.151950] (-) TimerEvent: {}
[217.252979] (-) TimerEvent: {}
[217.356538] (-) TimerEvent: {}
[217.462290] (-) TimerEvent: {}
[217.563154] (-) TimerEvent: {}
[217.664194] (-) TimerEvent: {}
[217.765220] (-) TimerEvent: {}
[217.866144] (-) TimerEvent: {}
[217.967458] (-) TimerEvent: {}
[218.068862] (-) TimerEvent: {}
[218.170376] (-) TimerEvent: {}
[218.272853] (-) TimerEvent: {}
[218.373806] (-) TimerEvent: {}
[218.475932] (-) TimerEvent: {}
[218.577287] (-) TimerEvent: {}
[218.678847] (-) TimerEvent: {}
[218.780138] (-) TimerEvent: {}
[218.881130] (-) TimerEvent: {}
[218.982137] (-) TimerEvent: {}
[219.083356] (-) TimerEvent: {}
[219.184575] (-) TimerEvent: {}
[219.285935] (-) TimerEvent: {}
[219.387142] (-) TimerEvent: {}
[219.490841] (-) TimerEvent: {}
[219.592517] (-) TimerEvent: {}
[219.695886] (-) TimerEvent: {}
[219.797182] (-) TimerEvent: {}
[219.905837] (-) TimerEvent: {}
[220.007565] (-) TimerEvent: {}
[220.109286] (-) TimerEvent: {}
[220.210957] (-) TimerEvent: {}
[220.314481] (-) TimerEvent: {}
[220.416101] (-) TimerEvent: {}
[220.517434] (-) TimerEvent: {}
[220.620701] (-) TimerEvent: {}
[220.722702] (-) TimerEvent: {}
[220.823744] (-) TimerEvent: {}
[220.924955] (-) TimerEvent: {}
[221.030359] (-) TimerEvent: {}
[221.135980] (-) TimerEvent: {}
[221.237273] (-) TimerEvent: {}
[221.340934] (-) TimerEvent: {}
[221.442096] (-) TimerEvent: {}
[221.543359] (-) TimerEvent: {}
[221.646318] (-) TimerEvent: {}
[221.748845] (-) TimerEvent: {}
[221.850878] (-) TimerEvent: {}
[221.953622] (-) TimerEvent: {}
[222.056842] (-) TimerEvent: {}
[222.159249] (-) TimerEvent: {}
[222.262305] (-) TimerEvent: {}
[222.375840] (-) TimerEvent: {}
[222.489993] (-) TimerEvent: {}
[222.595198] (-) TimerEvent: {}
[222.696361] (-) TimerEvent: {}
[222.798273] (-) TimerEvent: {}
[222.903375] (-) TimerEvent: {}
[223.004431] (-) TimerEvent: {}
[223.107936] (-) TimerEvent: {}
[223.213849] (-) TimerEvent: {}
[223.315853] (-) TimerEvent: {}
[223.419889] (-) TimerEvent: {}
[223.520812] (-) TimerEvent: {}
[223.622948] (-) TimerEvent: {}
[223.727859] (-) TimerEvent: {}
[223.828812] (-) TimerEvent: {}
[223.929714] (-) TimerEvent: {}
[224.033758] (-) TimerEvent: {}
[224.137846] (-) TimerEvent: {}
[224.238758] (-) TimerEvent: {}
[224.339627] (-) TimerEvent: {}
[224.444810] (-) TimerEvent: {}
[224.545793] (-) TimerEvent: {}
[224.649111] (-) TimerEvent: {}
[224.752716] (-) TimerEvent: {}
[224.853578] (-) TimerEvent: {}
[224.954989] (-) TimerEvent: {}
[225.055903] (-) TimerEvent: {}
[225.157862] (-) TimerEvent: {}
[225.259961] (-) TimerEvent: {}
[225.362802] (-) TimerEvent: {}
[225.463696] (-) TimerEvent: {}
[225.565218] (-) TimerEvent: {}
[225.666276] (-) TimerEvent: {}
[225.767433] (-) TimerEvent: {}
[225.868841] (-) TimerEvent: {}
[225.970341] (-) TimerEvent: {}
[226.071776] (-) TimerEvent: {}
[226.172470] (-) TimerEvent: {}
[226.273193] (-) TimerEvent: {}
[226.373963] (-) TimerEvent: {}
[226.474864] (-) TimerEvent: {}
[226.575733] (-) TimerEvent: {}
[226.676773] (-) TimerEvent: {}
[226.777770] (-) TimerEvent: {}
[226.878709] (-) TimerEvent: {}
[226.979610] (-) TimerEvent: {}
[227.080714] (-) TimerEvent: {}
[227.182021] (-) TimerEvent: {}
[227.284384] (-) TimerEvent: {}
[227.385858] (-) TimerEvent: {}
[227.486782] (-) TimerEvent: {}
[227.588835] (-) TimerEvent: {}
[227.689744] (-) TimerEvent: {}
[227.791528] (-) TimerEvent: {}
[227.892449] (-) TimerEvent: {}
[227.993423] (-) TimerEvent: {}
[228.095063] (-) TimerEvent: {}
[228.196190] (-) TimerEvent: {}
[228.297286] (-) TimerEvent: {}
[228.398836] (-) TimerEvent: {}
[228.501967] (-) TimerEvent: {}
[228.603286] (-) TimerEvent: {}
[228.704406] (-) TimerEvent: {}
[228.805441] (-) TimerEvent: {}
[228.906428] (-) TimerEvent: {}
[229.007767] (-) TimerEvent: {}
[229.109270] (-) TimerEvent: {}
[229.210524] (-) TimerEvent: {}
[229.312389] (-) TimerEvent: {}
[229.415225] (-) TimerEvent: {}
[229.519802] (-) TimerEvent: {}
[229.620846] (-) TimerEvent: {}
[229.722205] (-) TimerEvent: {}
[229.823553] (-) TimerEvent: {}
[229.925842] (-) TimerEvent: {}
[230.028144] (-) TimerEvent: {}
[230.130990] (-) TimerEvent: {}
[230.234457] (-) TimerEvent: {}
[230.335586] (-) TimerEvent: {}
[230.437377] (-) TimerEvent: {}
[230.539401] (-) TimerEvent: {}
[230.641263] (-) TimerEvent: {}
[230.743829] (-) TimerEvent: {}
[230.845021] (-) TimerEvent: {}
[230.946241] (-) TimerEvent: {}
[231.047324] (-) TimerEvent: {}
[231.148469] (-) TimerEvent: {}
[231.249788] (-) TimerEvent: {}
[231.351172] (-) TimerEvent: {}
[231.452553] (-) TimerEvent: {}
[231.553599] (-) TimerEvent: {}
[231.654808] (-) TimerEvent: {}
[231.755966] (-) TimerEvent: {}
[231.859386] (-) TimerEvent: {}
[231.961562] (-) TimerEvent: {}
[232.062534] (-) TimerEvent: {}
[232.165351] (-) TimerEvent: {}
[232.266365] (-) TimerEvent: {}
[232.366669] (simple_robot) StdoutLine: {'line': b'[ 41%] \x1b[32m\x1b[1mLinking CXX executable robot_map_node\x1b[0m\n'}
[232.367718] (-) TimerEvent: {}
[232.468533] (-) TimerEvent: {}
[232.570156] (-) TimerEvent: {}
[232.676501] (-) TimerEvent: {}
[232.779190] (-) TimerEvent: {}
[232.889832] (-) TimerEvent: {}
[232.993930] (-) TimerEvent: {}
[233.099904] (-) TimerEvent: {}
[233.201322] (-) TimerEvent: {}
[233.305925] (-) TimerEvent: {}
[233.411043] (-) TimerEvent: {}
[233.512571] (-) TimerEvent: {}
[233.616807] (-) TimerEvent: {}
[233.718302] (-) TimerEvent: {}
[233.820969] (-) TimerEvent: {}
[233.926979] (-) TimerEvent: {}
[234.029915] (-) TimerEvent: {}
[234.134510] (-) TimerEvent: {}
[234.235700] (-) TimerEvent: {}
[234.339895] (-) TimerEvent: {}
[234.442889] (-) TimerEvent: {}
[234.547192] (-) TimerEvent: {}
[234.650709] (-) TimerEvent: {}
[234.756845] (-) TimerEvent: {}
[234.863163] (-) TimerEvent: {}
[234.967734] (-) TimerEvent: {}
[235.069917] (-) TimerEvent: {}
[235.180594] (-) TimerEvent: {}
[235.286901] (-) TimerEvent: {}
[235.395360] (-) TimerEvent: {}
[235.501822] (-) TimerEvent: {}
[235.602817] (-) TimerEvent: {}
[235.707169] (-) TimerEvent: {}
[235.814596] (-) TimerEvent: {}
[235.921287] (-) TimerEvent: {}
[236.024496] (-) TimerEvent: {}
[236.132157] (-) TimerEvent: {}
[236.234610] (-) TimerEvent: {}
[236.338836] (-) TimerEvent: {}
[236.439762] (-) TimerEvent: {}
[236.540759] (-) TimerEvent: {}
[236.644159] (-) TimerEvent: {}
[236.745263] (-) TimerEvent: {}
[236.847539] (-) TimerEvent: {}
[236.948435] (-) TimerEvent: {}
[237.050291] (-) TimerEvent: {}
[237.151241] (-) TimerEvent: {}
[237.252013] (-) TimerEvent: {}
[237.352830] (-) TimerEvent: {}
[237.454078] (-) TimerEvent: {}
[237.556870] (-) TimerEvent: {}
[237.658576] (-) TimerEvent: {}
[237.762217] (-) TimerEvent: {}
[237.862910] (-) TimerEvent: {}
[237.963822] (-) TimerEvent: {}
[238.065101] (-) TimerEvent: {}
[238.165825] (-) TimerEvent: {}
[238.266667] (-) TimerEvent: {}
[238.367902] (-) TimerEvent: {}
[238.470130] (-) TimerEvent: {}
[238.571800] (-) TimerEvent: {}
[238.673610] (-) TimerEvent: {}
[238.774462] (-) TimerEvent: {}
[238.875498] (-) TimerEvent: {}
[238.976239] (-) TimerEvent: {}
[239.077103] (-) TimerEvent: {}
[239.179037] (-) TimerEvent: {}
[239.279915] (-) TimerEvent: {}
[239.380613] (-) TimerEvent: {}
[239.481551] (-) TimerEvent: {}
[239.584414] (-) TimerEvent: {}
[239.685407] (-) TimerEvent: {}
[239.787101] (-) TimerEvent: {}
[239.890339] (-) TimerEvent: {}
[239.992918] (-) TimerEvent: {}
[240.094178] (-) TimerEvent: {}
[240.195470] (-) TimerEvent: {}
[240.296951] (-) TimerEvent: {}
[240.400165] (-) TimerEvent: {}
[240.501567] (-) TimerEvent: {}
[240.605972] (-) TimerEvent: {}
[240.709281] (-) TimerEvent: {}
[240.813284] (-) TimerEvent: {}
[240.916279] (-) TimerEvent: {}
[241.020346] (-) TimerEvent: {}
[241.121947] (-) TimerEvent: {}
[241.225321] (-) TimerEvent: {}
[241.328882] (-) TimerEvent: {}
[241.430100] (-) TimerEvent: {}
[241.531042] (-) TimerEvent: {}
[241.632854] (-) TimerEvent: {}
[241.734978] (-) TimerEvent: {}
[241.837613] (-) TimerEvent: {}
[241.939262] (-) TimerEvent: {}
[242.041199] (-) TimerEvent: {}
[242.146837] (-) TimerEvent: {}
[242.248241] (-) TimerEvent: {}
[242.354823] (-) TimerEvent: {}
[242.457975] (-) TimerEvent: {}
[242.558798] (-) TimerEvent: {}
[242.578981] (simple_robot) StdoutLine: {'line': b'[ 50%] Built target robot_map_node\n'}
[242.659995] (-) TimerEvent: {}
[242.744855] (simple_robot) StdoutLine: {'line': b'\x1b[35m\x1b[1mConsolidate compiler generated dependencies of target grid_map\x1b[0m\n'}
[242.760174] (-) TimerEvent: {}
[242.866059] (-) TimerEvent: {}
[242.968523] (-) TimerEvent: {}
[243.053222] (simple_robot) StdoutLine: {'line': b'[ 58%] \x1b[32mBuilding CXX object src/CMakeFiles/grid_map.dir/grid_map.cpp.o\x1b[0m\n'}
[243.069713] (-) TimerEvent: {}
[243.175020] (-) TimerEvent: {}
[243.278874] (-) TimerEvent: {}
[243.379789] (-) TimerEvent: {}
[243.485144] (-) TimerEvent: {}
[243.588430] (-) TimerEvent: {}
[243.689273] (-) TimerEvent: {}
[243.793121] (-) TimerEvent: {}
[243.900175] (-) TimerEvent: {}
[244.002834] (-) TimerEvent: {}
[244.106833] (-) TimerEvent: {}
[244.210887] (-) TimerEvent: {}
[244.313869] (-) TimerEvent: {}
[244.415065] (-) TimerEvent: {}
[244.516047] (-) TimerEvent: {}
[244.619155] (-) TimerEvent: {}
[244.723131] (-) TimerEvent: {}
[244.824767] (-) TimerEvent: {}
[244.926055] (-) TimerEvent: {}
[245.027754] (-) TimerEvent: {}
[245.128627] (-) TimerEvent: {}
[245.230056] (-) TimerEvent: {}
[245.333294] (-) TimerEvent: {}
[245.435265] (-) TimerEvent: {}
[245.537297] (-) TimerEvent: {}
[245.638341] (-) TimerEvent: {}
[245.741823] (-) TimerEvent: {}
[245.845324] (-) TimerEvent: {}
[245.948905] (-) TimerEvent: {}
[246.055587] (-) TimerEvent: {}
[246.160951] (-) TimerEvent: {}
[246.263856] (-) TimerEvent: {}
[246.368804] (-) TimerEvent: {}
[246.469741] (-) TimerEvent: {}
[246.572541] (-) TimerEvent: {}
[246.676247] (-) TimerEvent: {}
[246.781590] (-) TimerEvent: {}
[246.886197] (-) TimerEvent: {}
[246.987773] (-) TimerEvent: {}
[247.088731] (-) TimerEvent: {}
[247.189512] (-) TimerEvent: {}
[247.290280] (-) TimerEvent: {}
[247.391077] (-) TimerEvent: {}
[247.491845] (-) TimerEvent: {}
[247.592509] (-) TimerEvent: {}
[247.693537] (-) TimerEvent: {}
[247.794444] (-) TimerEvent: {}
[247.896145] (-) TimerEvent: {}
[247.998775] (-) TimerEvent: {}
[248.101093] (-) TimerEvent: {}
[248.207803] (-) TimerEvent: {}
[248.312977] (-) TimerEvent: {}
[248.418901] (-) TimerEvent: {}
[248.519816] (-) TimerEvent: {}
[248.623915] (-) TimerEvent: {}
[248.725093] (-) TimerEvent: {}
[248.828560] (-) TimerEvent: {}
[248.935377] (-) TimerEvent: {}
[249.037093] (-) TimerEvent: {}
[249.137977] (-) TimerEvent: {}
[249.238836] (-) TimerEvent: {}
[249.339532] (-) TimerEvent: {}
[249.440340] (-) TimerEvent: {}
[249.541252] (-) TimerEvent: {}
[249.642443] (-) TimerEvent: {}
[249.743785] (-) TimerEvent: {}
[249.847296] (-) TimerEvent: {}
[249.948837] (-) TimerEvent: {}
[250.049710] (-) TimerEvent: {}
[250.150836] (-) TimerEvent: {}
[250.253383] (-) TimerEvent: {}
[250.354192] (-) TimerEvent: {}
[250.454956] (-) TimerEvent: {}
[250.555805] (-) TimerEvent: {}
[250.656679] (-) TimerEvent: {}
[250.758880] (-) TimerEvent: {}
[250.859995] (-) TimerEvent: {}
[250.961211] (-) TimerEvent: {}
[251.062420] (-) TimerEvent: {}
[251.164016] (-) TimerEvent: {}
[251.265346] (-) TimerEvent: {}
[251.368415] (-) TimerEvent: {}
[251.474033] (-) TimerEvent: {}
[251.578065] (-) TimerEvent: {}
[251.679016] (-) TimerEvent: {}
[251.779958] (-) TimerEvent: {}
[251.881234] (-) TimerEvent: {}
[251.981985] (-) TimerEvent: {}
[252.082754] (-) TimerEvent: {}
[252.183516] (-) TimerEvent: {}
[252.284351] (-) TimerEvent: {}
[252.385178] (-) TimerEvent: {}
[252.485904] (-) TimerEvent: {}
[252.586688] (-) TimerEvent: {}
[252.687440] (-) TimerEvent: {}
[252.788381] (-) TimerEvent: {}
[252.889469] (-) TimerEvent: {}
[252.990324] (-) TimerEvent: {}
[253.091748] (-) TimerEvent: {}
[253.192707] (-) TimerEvent: {}
[253.294751] (-) TimerEvent: {}
[253.397438] (-) TimerEvent: {}
[253.498876] (-) TimerEvent: {}
[253.599716] (-) TimerEvent: {}
[253.700475] (-) TimerEvent: {}
[253.801303] (-) TimerEvent: {}
[253.903176] (-) TimerEvent: {}
[254.006446] (-) TimerEvent: {}
[254.107724] (-) TimerEvent: {}
[254.208420] (-) TimerEvent: {}
[254.309203] (-) TimerEvent: {}
[254.411687] (-) TimerEvent: {}
[254.513735] (-) TimerEvent: {}
[254.616917] (-) TimerEvent: {}
[254.718545] (-) TimerEvent: {}
[254.821533] (-) TimerEvent: {}
[254.923343] (-) TimerEvent: {}
[255.026332] (-) TimerEvent: {}
[255.128118] (-) TimerEvent: {}
[255.229432] (-) TimerEvent: {}
[255.331397] (-) TimerEvent: {}
[255.432248] (-) TimerEvent: {}
[255.533208] (-) TimerEvent: {}
[255.636852] (-) TimerEvent: {}
[255.740960] (-) TimerEvent: {}
[255.844453] (-) TimerEvent: {}
[255.945664] (-) TimerEvent: {}
[256.051873] (-) TimerEvent: {}
[256.152808] (-) TimerEvent: {}
[256.253888] (-) TimerEvent: {}
[256.357918] (-) TimerEvent: {}
[256.463172] (-) TimerEvent: {}
[256.564898] (-) TimerEvent: {}
[256.667920] (-) TimerEvent: {}
[256.770133] (-) TimerEvent: {}
[256.871614] (-) TimerEvent: {}
[256.975172] (-) TimerEvent: {}
[257.076725] (-) TimerEvent: {}
[257.177778] (-) TimerEvent: {}
[257.278854] (-) TimerEvent: {}
[257.379756] (-) TimerEvent: {}
[257.480585] (-) TimerEvent: {}
[257.581453] (-) TimerEvent: {}
[257.682323] (-) TimerEvent: {}
[257.783172] (-) TimerEvent: {}
[257.884041] (-) TimerEvent: {}
[257.984894] (-) TimerEvent: {}
[258.085779] (-) TimerEvent: {}
[258.186507] (-) TimerEvent: {}
[258.287324] (-) TimerEvent: {}
[258.388354] (-) TimerEvent: {}
[258.490008] (-) TimerEvent: {}
[258.591830] (-) TimerEvent: {}
[258.694797] (-) TimerEvent: {}
[258.795806] (-) TimerEvent: {}
[258.897278] (-) TimerEvent: {}
[258.999435] (-) TimerEvent: {}
[259.101626] (-) TimerEvent: {}
[259.202914] (-) TimerEvent: {}
[259.304134] (-) TimerEvent: {}
[259.405565] (-) TimerEvent: {}
[259.509368] (-) TimerEvent: {}
[259.610358] (-) TimerEvent: {}
[259.711525] (-) TimerEvent: {}
[259.812438] (-) TimerEvent: {}
[259.913592] (-) TimerEvent: {}
[260.014549] (-) TimerEvent: {}
[260.115487] (-) TimerEvent: {}
[260.216700] (-) TimerEvent: {}
[260.318611] (-) TimerEvent: {}
[260.422102] (-) TimerEvent: {}
[260.523192] (-) TimerEvent: {}
[260.624288] (-) TimerEvent: {}
[260.725942] (-) TimerEvent: {}
[260.827010] (-) TimerEvent: {}
[260.929203] (-) TimerEvent: {}
[261.032836] (-) TimerEvent: {}
[261.134106] (-) TimerEvent: {}
[261.235185] (-) TimerEvent: {}
[261.337529] (-) TimerEvent: {}
[261.438872] (-) TimerEvent: {}
[261.542221] (-) TimerEvent: {}
[261.643477] (-) TimerEvent: {}
[261.744539] (-) TimerEvent: {}
[261.845500] (-) TimerEvent: {}
[261.946488] (-) TimerEvent: {}
[262.047566] (-) TimerEvent: {}
[262.148804] (-) TimerEvent: {}
[262.250121] (-) TimerEvent: {}
[262.351406] (-) TimerEvent: {}
[262.452893] (-) TimerEvent: {}
[262.559106] (-) TimerEvent: {}
[262.660344] (-) TimerEvent: {}
[262.763808] (-) TimerEvent: {}
[262.867898] (-) TimerEvent: {}
[262.972824] (-) TimerEvent: {}
[263.076800] (-) TimerEvent: {}
[263.177745] (-) TimerEvent: {}
[263.279457] (-) TimerEvent: {}
[263.380285] (-) TimerEvent: {}
[263.481162] (-) TimerEvent: {}
[263.583368] (-) TimerEvent: {}
[263.685839] (-) TimerEvent: {}
[263.789810] (-) TimerEvent: {}
[263.890780] (-) TimerEvent: {}
[263.991457] (-) TimerEvent: {}
[264.092158] (-) TimerEvent: {}
[264.192835] (-) TimerEvent: {}
[264.293541] (-) TimerEvent: {}
[264.394267] (-) TimerEvent: {}
[264.494976] (-) TimerEvent: {}
[264.595827] (-) TimerEvent: {}
[264.697445] (-) TimerEvent: {}
[264.798490] (-) TimerEvent: {}
[264.899412] (-) TimerEvent: {}
[265.001437] (-) TimerEvent: {}
[265.102478] (-) TimerEvent: {}
[265.203600] (-) TimerEvent: {}
[265.305189] (-) TimerEvent: {}
[265.406030] (-) TimerEvent: {}
[265.507080] (-) TimerEvent: {}
[265.607886] (-) TimerEvent: {}
[265.708802] (-) TimerEvent: {}
[265.809715] (-) TimerEvent: {}
[265.910820] (-) TimerEvent: {}
[266.012082] (-) TimerEvent: {}
[266.116613] (-) TimerEvent: {}
[266.217880] (-) TimerEvent: {}
[266.318840] (-) TimerEvent: {}
[266.422346] (-) TimerEvent: {}
[266.523838] (-) TimerEvent: {}
[266.624900] (-) TimerEvent: {}
[266.725801] (-) TimerEvent: {}
[266.826765] (-) TimerEvent: {}
[266.927838] (-) TimerEvent: {}
[267.030044] (-) TimerEvent: {}
[267.133205] (-) TimerEvent: {}
[267.235711] (-) TimerEvent: {}
[267.336661] (-) TimerEvent: {}
[267.437452] (-) TimerEvent: {}
[267.538196] (-) TimerEvent: {}
[267.638993] (-) TimerEvent: {}
[267.712435] (simple_robot) StdoutLine: {'line': b'[ 66%] \x1b[32mBuilding CXX object src/CMakeFiles/grid_map.dir/main.cpp.o\x1b[0m\n'}
[267.739368] (-) TimerEvent: {}
[267.840333] (-) TimerEvent: {}
[267.941367] (-) TimerEvent: {}
[268.045198] (-) TimerEvent: {}
[268.146220] (-) TimerEvent: {}
[268.248285] (-) TimerEvent: {}
[268.351897] (-) TimerEvent: {}
[268.454804] (-) TimerEvent: {}
[268.557210] (-) TimerEvent: {}
[268.660808] (-) TimerEvent: {}
[268.761810] (-) TimerEvent: {}
[268.862722] (-) TimerEvent: {}
[268.966790] (-) TimerEvent: {}
[269.067670] (-) TimerEvent: {}
[269.168589] (-) TimerEvent: {}
[269.269542] (-) TimerEvent: {}
[269.372449] (-) TimerEvent: {}
[269.473395] (-) TimerEvent: {}
[269.576462] (-) TimerEvent: {}
[269.677306] (-) TimerEvent: {}
[269.779861] (-) TimerEvent: {}
[269.883792] (-) TimerEvent: {}
[269.985377] (-) TimerEvent: {}
[270.092374] (-) TimerEvent: {}
[270.196123] (-) TimerEvent: {}
[270.298543] (-) TimerEvent: {}
[270.401183] (-) TimerEvent: {}
[270.507699] (-) TimerEvent: {}
[270.609942] (-) TimerEvent: {}
[270.711219] (-) TimerEvent: {}
[270.817117] (-) TimerEvent: {}
[270.920457] (-) TimerEvent: {}
[271.024516] (-) TimerEvent: {}
[271.127828] (-) TimerEvent: {}
[271.230897] (-) TimerEvent: {}
[271.337187] (-) TimerEvent: {}
[271.439890] (-) TimerEvent: {}
[271.540863] (-) TimerEvent: {}
[271.644239] (-) TimerEvent: {}
[271.748465] (-) TimerEvent: {}
[271.852973] (-) TimerEvent: {}
[271.953917] (-) TimerEvent: {}
[272.059147] (-) TimerEvent: {}
[272.161571] (-) TimerEvent: {}
[272.262398] (-) TimerEvent: {}
[272.363176] (-) TimerEvent: {}
[272.464021] (-) TimerEvent: {}
[272.564989] (-) TimerEvent: {}
[272.665777] (-) TimerEvent: {}
[272.766517] (-) TimerEvent: {}
[272.867241] (-) TimerEvent: {}
[272.967942] (-) TimerEvent: {}
[273.068591] (-) TimerEvent: {}
[273.169291] (-) TimerEvent: {}
[273.269960] (-) TimerEvent: {}
[273.370741] (-) TimerEvent: {}
[273.471530] (-) TimerEvent: {}
[273.572358] (-) TimerEvent: {}
[273.673200] (-) TimerEvent: {}
[273.774383] (-) TimerEvent: {}
[273.875363] (-) TimerEvent: {}
[273.976246] (-) TimerEvent: {}
[274.078332] (-) TimerEvent: {}
[274.179538] (-) TimerEvent: {}
[274.280484] (-) TimerEvent: {}
[274.382165] (-) TimerEvent: {}
[274.483214] (-) TimerEvent: {}
[274.584204] (-) TimerEvent: {}
[274.686437] (-) TimerEvent: {}
[274.788126] (-) TimerEvent: {}
[274.889247] (-) TimerEvent: {}
[274.991182] (-) TimerEvent: {}
[275.092481] (-) TimerEvent: {}
[275.195021] (-) TimerEvent: {}
[275.296218] (-) TimerEvent: {}
[275.397839] (-) TimerEvent: {}
[275.499170] (-) TimerEvent: {}
[275.600301] (-) TimerEvent: {}
[275.701430] (-) TimerEvent: {}
[275.802734] (-) TimerEvent: {}
[275.903785] (-) TimerEvent: {}
[276.005155] (-) TimerEvent: {}
[276.107515] (-) TimerEvent: {}
[276.209108] (-) TimerEvent: {}
[276.310184] (-) TimerEvent: {}
[276.411427] (-) TimerEvent: {}
[276.513345] (-) TimerEvent: {}
[276.614779] (-) TimerEvent: {}
[276.717441] (-) TimerEvent: {}
[276.823207] (-) TimerEvent: {}
[276.929971] (-) TimerEvent: {}
[277.034015] (-) TimerEvent: {}
[277.138809] (-) TimerEvent: {}
[277.243106] (-) TimerEvent: {}
[277.351831] (-) TimerEvent: {}
[277.452915] (-) TimerEvent: {}
[277.557819] (-) TimerEvent: {}
[277.658745] (-) TimerEvent: {}
[277.759600] (-) TimerEvent: {}
[277.860912] (-) TimerEvent: {}
[277.961692] (-) TimerEvent: {}
[278.062971] (-) TimerEvent: {}
[278.163752] (-) TimerEvent: {}
[278.264491] (-) TimerEvent: {}
[278.365275] (-) TimerEvent: {}
[278.466039] (-) TimerEvent: {}
[278.566809] (-) TimerEvent: {}
[278.667589] (-) TimerEvent: {}
[278.768440] (-) TimerEvent: {}
[278.869554] (-) TimerEvent: {}
[278.970855] (-) TimerEvent: {}
[279.072197] (-) TimerEvent: {}
[279.174587] (-) TimerEvent: {}
[279.275549] (-) TimerEvent: {}
[279.377797] (-) TimerEvent: {}
[279.478596] (-) TimerEvent: {}
[279.581359] (-) TimerEvent: {}
[279.682327] (-) TimerEvent: {}
[279.783308] (-) TimerEvent: {}
[279.884517] (-) TimerEvent: {}
[279.985713] (-) TimerEvent: {}
[280.086918] (-) TimerEvent: {}
[280.189161] (-) TimerEvent: {}
[280.290219] (-) TimerEvent: {}
[280.392124] (-) TimerEvent: {}
[280.493390] (-) TimerEvent: {}
[280.594477] (-) TimerEvent: {}
[280.695685] (-) TimerEvent: {}
[280.797116] (-) TimerEvent: {}
[280.898707] (-) TimerEvent: {}
[280.999818] (-) TimerEvent: {}
[281.102285] (-) TimerEvent: {}
[281.205191] (-) TimerEvent: {}
[281.306617] (-) TimerEvent: {}
[281.407896] (-) TimerEvent: {}
[281.509075] (-) TimerEvent: {}
[281.610620] (-) TimerEvent: {}
[281.711602] (-) TimerEvent: {}
[281.812692] (-) TimerEvent: {}
[281.915801] (-) TimerEvent: {}
[282.016968] (-) TimerEvent: {}
[282.119075] (-) TimerEvent: {}
[282.221108] (-) TimerEvent: {}
[282.322553] (-) TimerEvent: {}
[282.425217] (-) TimerEvent: {}
[282.526352] (-) TimerEvent: {}
[282.627298] (-) TimerEvent: {}
[282.728212] (-) TimerEvent: {}
[282.829308] (-) TimerEvent: {}
[282.930515] (-) TimerEvent: {}
[283.031581] (-) TimerEvent: {}
[283.133714] (-) TimerEvent: {}
[283.236570] (-) TimerEvent: {}
[283.338550] (-) TimerEvent: {}
[283.440416] (-) TimerEvent: {}
[283.541919] (-) TimerEvent: {}
[283.643812] (-) TimerEvent: {}
[283.745114] (-) TimerEvent: {}
[283.847529] (-) TimerEvent: {}
[283.949330] (-) TimerEvent: {}
[284.057873] (-) TimerEvent: {}
[284.159348] (-) TimerEvent: {}
[284.271835] (-) TimerEvent: {}
[284.375866] (-) TimerEvent: {}
[284.480145] (-) TimerEvent: {}
[284.581020] (-) TimerEvent: {}
[284.692476] (-) TimerEvent: {}
[284.794799] (-) TimerEvent: {}
[284.906808] (-) TimerEvent: {}
[285.007770] (-) TimerEvent: {}
[285.110803] (-) TimerEvent: {}
[285.211716] (-) TimerEvent: {}
[285.312753] (-) TimerEvent: {}
[285.413805] (-) TimerEvent: {}
[285.515002] (-) TimerEvent: {}
[285.616160] (-) TimerEvent: {}
[285.717450] (-) TimerEvent: {}
[285.819899] (-) TimerEvent: {}
[285.920883] (-) TimerEvent: {}
[286.021971] (-) TimerEvent: {}
[286.122902] (-) TimerEvent: {}
[286.223678] (-) TimerEvent: {}
[286.324458] (-) TimerEvent: {}
[286.425238] (-) TimerEvent: {}
[286.525905] (-) TimerEvent: {}
[286.626613] (-) TimerEvent: {}
[286.727360] (-) TimerEvent: {}
[286.828693] (-) TimerEvent: {}
[286.929484] (-) TimerEvent: {}
[287.030529] (-) TimerEvent: {}
[287.131778] (-) TimerEvent: {}
[287.235529] (-) TimerEvent: {}
[287.337767] (-) TimerEvent: {}
[287.438735] (-) TimerEvent: {}
[287.539552] (-) TimerEvent: {}
[287.640809] (-) TimerEvent: {}
[287.742394] (-) TimerEvent: {}
[287.843338] (-) TimerEvent: {}
[287.944284] (-) TimerEvent: {}
[288.045553] (-) TimerEvent: {}
[288.147241] (-) TimerEvent: {}
[288.248810] (-) TimerEvent: {}
[288.351828] (-) TimerEvent: {}
[288.453889] (-) TimerEvent: {}
[288.554825] (-) TimerEvent: {}
[288.655911] (-) TimerEvent: {}
[288.757305] (-) TimerEvent: {}
[288.858192] (-) TimerEvent: {}
[288.959018] (-) TimerEvent: {}
[289.059936] (-) TimerEvent: {}
[289.160950] (-) TimerEvent: {}
[289.262234] (-) TimerEvent: {}
[289.363473] (-) TimerEvent: {}
[289.466290] (-) TimerEvent: {}
[289.567482] (-) TimerEvent: {}
[289.672813] (-) TimerEvent: {}
[289.777896] (-) TimerEvent: {}
[289.885035] (-) TimerEvent: {}
[289.987618] (-) TimerEvent: {}
[290.093133] (-) TimerEvent: {}
[290.196729] (-) TimerEvent: {}
[290.298961] (-) TimerEvent: {}
[290.401016] (-) TimerEvent: {}
[290.502278] (-) TimerEvent: {}
[290.604017] (-) TimerEvent: {}
[290.705441] (-) TimerEvent: {}
[290.806854] (-) TimerEvent: {}
[290.909133] (-) TimerEvent: {}
[291.011290] (-) TimerEvent: {}
[291.112482] (-) TimerEvent: {}
[291.216621] (-) TimerEvent: {}
[291.318052] (-) TimerEvent: {}
[291.423385] (-) TimerEvent: {}
[291.527874] (-) TimerEvent: {}
[291.635851] (-) TimerEvent: {}
[291.741846] (-) TimerEvent: {}
[291.842951] (-) TimerEvent: {}
[291.952825] (-) TimerEvent: {}
[292.053759] (-) TimerEvent: {}
[292.156368] (-) TimerEvent: {}
[292.257333] (-) TimerEvent: {}
[292.358798] (-) TimerEvent: {}
[292.459836] (-) TimerEvent: {}
[292.562076] (-) TimerEvent: {}
[292.667152] (-) TimerEvent: {}
[292.768026] (-) TimerEvent: {}
[292.868802] (-) TimerEvent: {}
[292.969730] (-) TimerEvent: {}
[293.071140] (-) TimerEvent: {}
[293.171997] (-) TimerEvent: {}
[293.272945] (-) TimerEvent: {}
[293.374728] (-) TimerEvent: {}
[293.475713] (-) TimerEvent: {}
[293.576605] (-) TimerEvent: {}
[293.678600] (-) TimerEvent: {}
[293.779505] (-) TimerEvent: {}
[293.880984] (-) TimerEvent: {}
[293.981955] (-) TimerEvent: {}
[294.082741] (-) TimerEvent: {}
[294.183559] (-) TimerEvent: {}
[294.284350] (-) TimerEvent: {}
[294.385125] (-) TimerEvent: {}
[294.485996] (-) TimerEvent: {}
[294.588059] (-) TimerEvent: {}
[294.689130] (-) TimerEvent: {}
[294.790265] (-) TimerEvent: {}
[294.891719] (-) TimerEvent: {}
[294.994389] (-) TimerEvent: {}
[295.095315] (-) TimerEvent: {}
[295.198870] (-) TimerEvent: {}
[295.300837] (-) TimerEvent: {}
[295.403881] (-) TimerEvent: {}
[295.505081] (-) TimerEvent: {}
[295.606374] (-) TimerEvent: {}
[295.709070] (-) TimerEvent: {}
[295.810593] (-) TimerEvent: {}
[295.913268] (-) TimerEvent: {}
[296.018445] (-) TimerEvent: {}
[296.120865] (-) TimerEvent: {}
[296.222132] (-) TimerEvent: {}
[296.323816] (-) TimerEvent: {}
[296.425174] (-) TimerEvent: {}
[296.526885] (-) TimerEvent: {}
[296.628083] (-) TimerEvent: {}
[296.729120] (-) TimerEvent: {}
[296.830735] (-) TimerEvent: {}
[296.932627] (-) TimerEvent: {}
[297.034794] (-) TimerEvent: {}
[297.136114] (-) TimerEvent: {}
[297.237930] (-) TimerEvent: {}
[297.340753] (-) TimerEvent: {}
[297.450102] (-) TimerEvent: {}
[297.553041] (-) TimerEvent: {}
[297.654336] (-) TimerEvent: {}
[297.761528] (-) TimerEvent: {}
[297.864759] (-) TimerEvent: {}
[297.966602] (-) TimerEvent: {}
[298.067873] (-) TimerEvent: {}
[298.170175] (-) TimerEvent: {}
[298.273412] (-) TimerEvent: {}
[298.374831] (-) TimerEvent: {}
[298.478102] (-) TimerEvent: {}
[298.579550] (-) TimerEvent: {}
[298.681854] (-) TimerEvent: {}
[298.783839] (-) TimerEvent: {}
[298.884876] (-) TimerEvent: {}
[298.992800] (-) TimerEvent: {}
[299.093616] (-) TimerEvent: {}
[299.194502] (-) TimerEvent: {}
[299.296174] (-) TimerEvent: {}
[299.398338] (-) TimerEvent: {}
[299.499520] (-) TimerEvent: {}
[299.600395] (-) TimerEvent: {}
[299.701738] (-) TimerEvent: {}
[299.805844] (-) TimerEvent: {}
[299.908525] (-) TimerEvent: {}
[300.009828] (-) TimerEvent: {}
[300.112029] (-) TimerEvent: {}
[300.215004] (-) TimerEvent: {}
[300.318140] (-) TimerEvent: {}
[300.419097] (-) TimerEvent: {}
[300.521427] (-) TimerEvent: {}
[300.623069] (-) TimerEvent: {}
[300.725336] (-) TimerEvent: {}
[300.828777] (-) TimerEvent: {}
[300.929900] (-) TimerEvent: {}
[301.031164] (-) TimerEvent: {}
[301.133217] (-) TimerEvent: {}
[301.234268] (-) TimerEvent: {}
[301.335466] (-) TimerEvent: {}
[301.437031] (-) TimerEvent: {}
[301.538539] (-) TimerEvent: {}
[301.639840] (-) TimerEvent: {}
[301.740905] (-) TimerEvent: {}
[301.842334] (-) TimerEvent: {}
[301.943533] (-) TimerEvent: {}
[302.044736] (-) TimerEvent: {}
[302.146863] (-) TimerEvent: {}
[302.248206] (-) TimerEvent: {}
[302.351126] (-) TimerEvent: {}
[302.458687] (-) TimerEvent: {}
[302.560058] (-) TimerEvent: {}
[302.661192] (-) TimerEvent: {}
[302.763864] (-) TimerEvent: {}
[302.865736] (-) TimerEvent: {}
[302.967246] (-) TimerEvent: {}
[303.068981] (-) TimerEvent: {}
[303.170860] (-) TimerEvent: {}
[303.272106] (-) TimerEvent: {}
[303.373700] (-) TimerEvent: {}
[303.474514] (-) TimerEvent: {}
[303.575454] (-) TimerEvent: {}
[303.676474] (-) TimerEvent: {}
[303.777578] (-) TimerEvent: {}
[303.878672] (-) TimerEvent: {}
[303.979772] (-) TimerEvent: {}
[304.081045] (-) TimerEvent: {}
[304.182230] (-) TimerEvent: {}
[304.284276] (-) TimerEvent: {}
[304.388320] (-) TimerEvent: {}
[304.491002] (-) TimerEvent: {}
[304.595112] (-) TimerEvent: {}
[304.699876] (-) TimerEvent: {}
[304.801571] (-) TimerEvent: {}
[304.904525] (-) TimerEvent: {}
[305.008002] (-) TimerEvent: {}
[305.110284] (-) TimerEvent: {}
[305.211785] (-) TimerEvent: {}
[305.315943] (-) TimerEvent: {}
[305.419802] (-) TimerEvent: {}
[305.520774] (-) TimerEvent: {}
[305.621672] (-) TimerEvent: {}
[305.723823] (-) TimerEvent: {}
[305.827472] (-) TimerEvent: {}
[305.930183] (-) TimerEvent: {}
[306.032346] (-) TimerEvent: {}
[306.136132] (-) TimerEvent: {}
[306.240324] (-) TimerEvent: {}
[306.341186] (-) TimerEvent: {}
[306.442055] (-) TimerEvent: {}
[306.542896] (-) TimerEvent: {}
[306.643759] (-) TimerEvent: {}
[306.744605] (-) TimerEvent: {}
[306.845478] (-) TimerEvent: {}
[306.946427] (-) TimerEvent: {}
[307.047266] (-) TimerEvent: {}
[307.148190] (-) TimerEvent: {}
[307.250225] (-) TimerEvent: {}
[307.351239] (-) TimerEvent: {}
[307.453059] (-) TimerEvent: {}
[307.553911] (-) TimerEvent: {}
[307.654861] (-) TimerEvent: {}
[307.758040] (-) TimerEvent: {}
[307.858925] (-) TimerEvent: {}
[307.960309] (-) TimerEvent: {}
[308.061726] (-) TimerEvent: {}
[308.162604] (-) TimerEvent: {}
[308.264039] (-) TimerEvent: {}
[308.368444] (-) TimerEvent: {}
[308.469588] (-) TimerEvent: {}
[308.570845] (-) TimerEvent: {}
[308.672334] (-) TimerEvent: {}
[308.775232] (-) TimerEvent: {}
[308.877127] (-) TimerEvent: {}
[308.979767] (-) TimerEvent: {}
[309.080974] (-) TimerEvent: {}
[309.182709] (-) TimerEvent: {}
[309.286670] (-) TimerEvent: {}
[309.387532] (-) TimerEvent: {}
[309.488583] (-) TimerEvent: {}
[309.592601] (-) TimerEvent: {}
[309.695261] (-) TimerEvent: {}
[309.796696] (-) TimerEvent: {}
[309.900257] (-) TimerEvent: {}
[310.001254] (-) TimerEvent: {}
[310.103406] (-) TimerEvent: {}
[310.205804] (-) TimerEvent: {}
[310.309188] (-) TimerEvent: {}
[310.410373] (-) TimerEvent: {}
[310.513459] (-) TimerEvent: {}
[310.617625] (-) TimerEvent: {}
[310.719217] (-) TimerEvent: {}
[310.822893] (-) TimerEvent: {}
[310.926480] (-) TimerEvent: {}
[311.027864] (-) TimerEvent: {}
[311.129051] (-) TimerEvent: {}
[311.230784] (-) TimerEvent: {}
[311.332075] (-) TimerEvent: {}
[311.433286] (-) TimerEvent: {}
[311.534432] (-) TimerEvent: {}
[311.635783] (-) TimerEvent: {}
[311.736772] (-) TimerEvent: {}
[311.837824] (-) TimerEvent: {}
[311.938809] (-) TimerEvent: {}
[312.039822] (-) TimerEvent: {}
[312.141250] (-) TimerEvent: {}
[312.250077] (-) TimerEvent: {}
[312.354870] (-) TimerEvent: {}
[312.457843] (-) TimerEvent: {}
[312.566843] (-) TimerEvent: {}
[312.671849] (-) TimerEvent: {}
[312.773006] (-) TimerEvent: {}
[312.876836] (-) TimerEvent: {}
[312.977826] (-) TimerEvent: {}
[313.083353] (-) TimerEvent: {}
[313.184538] (-) TimerEvent: {}
[313.289105] (-) TimerEvent: {}
[313.389992] (-) TimerEvent: {}
[313.493227] (-) TimerEvent: {}
[313.594326] (-) TimerEvent: {}
[313.695258] (-) TimerEvent: {}
[313.796238] (-) TimerEvent: {}
[313.897416] (-) TimerEvent: {}
[313.998455] (-) TimerEvent: {}
[314.099389] (-) TimerEvent: {}
[314.200265] (-) TimerEvent: {}
[314.301027] (-) TimerEvent: {}
[314.401857] (-) TimerEvent: {}
[314.502756] (-) TimerEvent: {}
[314.604042] (-) TimerEvent: {}
[314.705069] (-) TimerEvent: {}
[314.806050] (-) TimerEvent: {}
[314.907206] (-) TimerEvent: {}
[315.008299] (-) TimerEvent: {}
[315.109564] (-) TimerEvent: {}
[315.210840] (-) TimerEvent: {}
[315.312041] (-) TimerEvent: {}
[315.414835] (-) TimerEvent: {}
[315.516392] (-) TimerEvent: {}
[315.621153] (-) TimerEvent: {}
[315.725771] (-) TimerEvent: {}
[315.829473] (-) TimerEvent: {}
[315.934228] (-) TimerEvent: {}
[316.035973] (-) TimerEvent: {}
[316.141478] (-) TimerEvent: {}
[316.243226] (-) TimerEvent: {}
[316.345158] (-) TimerEvent: {}
[316.446186] (-) TimerEvent: {}
[316.547420] (-) TimerEvent: {}
[316.648332] (-) TimerEvent: {}
[316.749422] (-) TimerEvent: {}
[316.850501] (-) TimerEvent: {}
[316.951511] (-) TimerEvent: {}
[317.052829] (-) TimerEvent: {}
[317.153870] (-) TimerEvent: {}
[317.254880] (-) TimerEvent: {}
[317.356031] (-) TimerEvent: {}
[317.457382] (-) TimerEvent: {}
[317.558621] (-) TimerEvent: {}
[317.660519] (-) TimerEvent: {}
[317.761820] (-) TimerEvent: {}
[317.862846] (-) TimerEvent: {}
[317.963927] (-) TimerEvent: {}
[318.065582] (-) TimerEvent: {}
[318.167857] (-) TimerEvent: {}
[318.272107] (-) TimerEvent: {}
[318.373338] (-) TimerEvent: {}
[318.475438] (-) TimerEvent: {}
[318.580222] (-) TimerEvent: {}
[318.681545] (-) TimerEvent: {}
[318.782836] (-) TimerEvent: {}
[318.884217] (-) TimerEvent: {}
[318.985491] (-) TimerEvent: {}
[319.086694] (-) TimerEvent: {}
[319.189520] (-) TimerEvent: {}
[319.292012] (-) TimerEvent: {}
[319.394856] (-) TimerEvent: {}
[319.495932] (-) TimerEvent: {}
[319.597824] (-) TimerEvent: {}
[319.700797] (-) TimerEvent: {}
[319.801627] (-) TimerEvent: {}
[319.902806] (-) TimerEvent: {}
[320.006735] (-) TimerEvent: {}
[320.107572] (-) TimerEvent: {}
[320.208446] (-) TimerEvent: {}
[320.310276] (-) TimerEvent: {}
[320.412475] (-) TimerEvent: {}
[320.513262] (-) TimerEvent: {}
[320.614296] (-) TimerEvent: {}
[320.715192] (-) TimerEvent: {}
[320.817274] (-) TimerEvent: {}
[320.918305] (-) TimerEvent: {}
[321.020525] (-) TimerEvent: {}
[321.122541] (-) TimerEvent: {}
[321.225871] (-) TimerEvent: {}
[321.327139] (-) TimerEvent: {}
[321.428099] (-) TimerEvent: {}
[321.529066] (-) TimerEvent: {}
[321.629996] (-) TimerEvent: {}
[321.730989] (-) TimerEvent: {}
[321.831851] (-) TimerEvent: {}
[321.933266] (-) TimerEvent: {}
[322.036237] (-) TimerEvent: {}
[322.139050] (-) TimerEvent: {}
[322.240212] (-) TimerEvent: {}
[322.341599] (-) TimerEvent: {}
[322.442737] (-) TimerEvent: {}
[322.544120] (-) TimerEvent: {}
[322.645874] (-) TimerEvent: {}
[322.746951] (-) TimerEvent: {}
[322.848288] (-) TimerEvent: {}
[322.949257] (-) TimerEvent: {}
[323.050298] (-) TimerEvent: {}
[323.154846] (-) TimerEvent: {}
[323.255975] (-) TimerEvent: {}
[323.358271] (-) TimerEvent: {}
[323.461144] (-) TimerEvent: {}
[323.563551] (-) TimerEvent: {}
[323.664772] (-) TimerEvent: {}
[323.765886] (-) TimerEvent: {}
[323.868806] (-) TimerEvent: {}
[323.972871] (-) TimerEvent: {}
[324.074107] (-) TimerEvent: {}
[324.175381] (-) TimerEvent: {}
[324.276760] (-) TimerEvent: {}
[324.378042] (-) TimerEvent: {}
[324.479554] (-) TimerEvent: {}
[324.581595] (-) TimerEvent: {}
[324.685176] (-) TimerEvent: {}
[324.790589] (-) TimerEvent: {}
[324.895958] (-) TimerEvent: {}
[324.997157] (-) TimerEvent: {}
[325.098891] (-) TimerEvent: {}
[325.200329] (-) TimerEvent: {}
[325.301863] (-) TimerEvent: {}
[325.403772] (-) TimerEvent: {}
[325.505997] (-) TimerEvent: {}
[325.610151] (-) TimerEvent: {}
[325.711369] (-) TimerEvent: {}
[325.814133] (-) TimerEvent: {}
[325.917370] (-) TimerEvent: {}
[326.019477] (-) TimerEvent: {}
[326.124333] (-) TimerEvent: {}
[326.229908] (-) TimerEvent: {}
[326.333934] (-) TimerEvent: {}
[326.439413] (-) TimerEvent: {}
[326.547903] (-) TimerEvent: {}
[326.653025] (-) TimerEvent: {}
[326.756537] (-) TimerEvent: {}
[326.864951] (-) TimerEvent: {}
[326.968808] (-) TimerEvent: {}
[327.073802] (-) TimerEvent: {}
[327.174740] (-) TimerEvent: {}
[327.277385] (-) TimerEvent: {}
[327.378480] (-) TimerEvent: {}
[327.479412] (-) TimerEvent: {}
[327.580369] (-) TimerEvent: {}
[327.681957] (-) TimerEvent: {}
[327.783022] (-) TimerEvent: {}
[327.883981] (-) TimerEvent: {}
[327.985347] (-) TimerEvent: {}
[328.086411] (-) TimerEvent: {}
[328.187424] (-) TimerEvent: {}
[328.288318] (-) TimerEvent: {}
[328.389290] (-) TimerEvent: {}
[328.490273] (-) TimerEvent: {}
[328.593967] (-) TimerEvent: {}
[328.695314] (-) TimerEvent: {}
[328.797819] (-) TimerEvent: {}
[328.899035] (-) TimerEvent: {}
[328.999883] (-) TimerEvent: {}
[329.100835] (-) TimerEvent: {}
[329.201743] (-) TimerEvent: {}
[329.302789] (-) TimerEvent: {}
[329.404177] (-) TimerEvent: {}
[329.505193] (-) TimerEvent: {}
[329.607729] (-) TimerEvent: {}
[329.709074] (-) TimerEvent: {}
[329.810276] (-) TimerEvent: {}
[329.911184] (-) TimerEvent: {}
[330.011936] (-) TimerEvent: {}
[330.112734] (-) TimerEvent: {}
[330.213513] (-) TimerEvent: {}
[330.314339] (-) TimerEvent: {}
[330.415104] (-) TimerEvent: {}
[330.515839] (-) TimerEvent: {}
[330.616852] (-) TimerEvent: {}
[330.719889] (-) TimerEvent: {}
[330.822324] (-) TimerEvent: {}
[330.927254] (-) TimerEvent: {}
[331.030847] (-) TimerEvent: {}
[331.131851] (-) TimerEvent: {}
[331.232938] (-) TimerEvent: {}
[331.333672] (-) TimerEvent: {}
[331.434587] (-) TimerEvent: {}
[331.535929] (-) TimerEvent: {}
[331.637018] (-) TimerEvent: {}
[331.739847] (-) TimerEvent: {}
[331.842397] (-) TimerEvent: {}
[331.947030] (-) TimerEvent: {}
[332.050479] (-) TimerEvent: {}
[332.151572] (-) TimerEvent: {}
[332.252761] (-) TimerEvent: {}
[332.355371] (-) TimerEvent: {}
[332.456465] (-) TimerEvent: {}
[332.558000] (-) TimerEvent: {}
[332.659020] (-) TimerEvent: {}
[332.761854] (-) TimerEvent: {}
[332.865397] (-) TimerEvent: {}
[332.967980] (-) TimerEvent: {}
[333.069627] (-) TimerEvent: {}
[333.176849] (-) TimerEvent: {}
[333.279799] (-) TimerEvent: {}
[333.387958] (-) TimerEvent: {}
[333.491848] (-) TimerEvent: {}
[333.592747] (-) TimerEvent: {}
[333.693697] (-) TimerEvent: {}
[333.795915] (-) TimerEvent: {}
[333.899017] (-) TimerEvent: {}
[334.000261] (-) TimerEvent: {}
[334.102154] (-) TimerEvent: {}
[334.203574] (-) TimerEvent: {}
[334.304708] (-) TimerEvent: {}
[334.407617] (-) TimerEvent: {}
[334.509599] (-) TimerEvent: {}
[334.615107] (-) TimerEvent: {}
[334.722863] (-) TimerEvent: {}
[334.824189] (-) TimerEvent: {}
[334.925753] (-) TimerEvent: {}
[335.027587] (-) TimerEvent: {}
[335.131516] (-) TimerEvent: {}
[335.232575] (-) TimerEvent: {}
[335.338007] (-) TimerEvent: {}
[335.440976] (-) TimerEvent: {}
[335.541824] (-) TimerEvent: {}
[335.642709] (-) TimerEvent: {}
[335.743470] (-) TimerEvent: {}
[335.844660] (-) TimerEvent: {}
[335.945579] (-) TimerEvent: {}
[336.050350] (-) TimerEvent: {}
[336.151406] (-) TimerEvent: {}
[336.255765] (-) TimerEvent: {}
[336.356858] (-) TimerEvent: {}
[336.457804] (-) TimerEvent: {}
[336.558727] (-) TimerEvent: {}
[336.660978] (-) TimerEvent: {}
[336.761991] (-) TimerEvent: {}
[336.863667] (-) TimerEvent: {}
[336.964717] (-) TimerEvent: {}
[337.065868] (-) TimerEvent: {}
[337.168808] (-) TimerEvent: {}
[337.269859] (-) TimerEvent: {}
[337.372167] (-) TimerEvent: {}
[337.474038] (-) TimerEvent: {}
[337.575051] (-) TimerEvent: {}
[337.676090] (-) TimerEvent: {}
[337.777151] (-) TimerEvent: {}
[337.878344] (-) TimerEvent: {}
[337.979592] (-) TimerEvent: {}
[338.080933] (-) TimerEvent: {}
[338.182381] (-) TimerEvent: {}
[338.284863] (-) TimerEvent: {}
[338.389251] (-) TimerEvent: {}
[338.490427] (-) TimerEvent: {}
[338.591469] (-) TimerEvent: {}
[338.693570] (-) TimerEvent: {}
[338.794941] (-) TimerEvent: {}
[338.897120] (-) TimerEvent: {}
[339.000165] (-) TimerEvent: {}
[339.101540] (-) TimerEvent: {}
[339.204167] (-) TimerEvent: {}
[339.305446] (-) TimerEvent: {}
[339.406698] (-) TimerEvent: {}
[339.508006] (-) TimerEvent: {}
[339.611855] (-) TimerEvent: {}
[339.715383] (-) TimerEvent: {}
[339.820887] (-) TimerEvent: {}
[339.926600] (-) TimerEvent: {}
[340.028716] (-) TimerEvent: {}
[340.130729] (-) TimerEvent: {}
[340.232021] (-) TimerEvent: {}
[340.332912] (-) TimerEvent: {}
[340.433942] (-) TimerEvent: {}
[340.534904] (-) TimerEvent: {}
[340.635853] (-) TimerEvent: {}
[340.737110] (-) TimerEvent: {}
[340.837967] (-) TimerEvent: {}
[340.942918] (-) TimerEvent: {}
[341.044891] (-) TimerEvent: {}
[341.146164] (-) TimerEvent: {}
[341.247433] (-) TimerEvent: {}
[341.348995] (-) TimerEvent: {}
[341.450035] (-) TimerEvent: {}
[341.551538] (-) TimerEvent: {}
[341.652885] (-) TimerEvent: {}
[341.754591] (-) TimerEvent: {}
[341.855899] (-) TimerEvent: {}
[341.957301] (-) TimerEvent: {}
[342.058580] (-) TimerEvent: {}
[342.159893] (-) TimerEvent: {}
[342.261989] (-) TimerEvent: {}
[342.364064] (-) TimerEvent: {}
[342.465492] (-) TimerEvent: {}
[342.568343] (-) TimerEvent: {}
[342.670598] (-) TimerEvent: {}
[342.772199] (-) TimerEvent: {}
[342.873369] (-) TimerEvent: {}
[342.975215] (-) TimerEvent: {}
[343.076460] (-) TimerEvent: {}
[343.177798] (-) TimerEvent: {}
[343.281922] (-) TimerEvent: {}
[343.383755] (-) TimerEvent: {}
[343.490831] (-) TimerEvent: {}
[343.595239] (-) TimerEvent: {}
[343.700293] (-) TimerEvent: {}
[343.804377] (-) TimerEvent: {}
[343.905397] (-) TimerEvent: {}
[344.006610] (-) TimerEvent: {}
[344.108773] (-) TimerEvent: {}
[344.210389] (-) TimerEvent: {}
[344.313357] (-) TimerEvent: {}
[344.415663] (-) TimerEvent: {}
[344.519854] (-) TimerEvent: {}
[344.625270] (-) TimerEvent: {}
[344.726600] (-) TimerEvent: {}
[344.830007] (-) TimerEvent: {}
[344.934973] (-) TimerEvent: {}
[345.043247] (-) TimerEvent: {}
[345.150830] (-) TimerEvent: {}
[345.254029] (-) TimerEvent: {}
[345.359826] (-) TimerEvent: {}
[345.462821] (-) TimerEvent: {}
[345.565828] (-) TimerEvent: {}
[345.666781] (-) TimerEvent: {}
[345.767972] (-) TimerEvent: {}
[345.872113] (-) TimerEvent: {}
[345.972987] (-) TimerEvent: {}
[346.074946] (-) TimerEvent: {}
[346.175916] (-) TimerEvent: {}
[346.277596] (-) TimerEvent: {}
[346.378669] (-) TimerEvent: {}
[346.479820] (-) TimerEvent: {}
[346.580580] (-) TimerEvent: {}
[346.681243] (-) TimerEvent: {}
[346.782033] (-) TimerEvent: {}
[346.882791] (-) TimerEvent: {}
[346.983536] (-) TimerEvent: {}
[347.084295] (-) TimerEvent: {}
[347.185077] (-) TimerEvent: {}
[347.285823] (-) TimerEvent: {}
[347.387020] (-) TimerEvent: {}
[347.487823] (-) TimerEvent: {}
[347.588611] (-) TimerEvent: {}
[347.689505] (-) TimerEvent: {}
[347.790535] (-) TimerEvent: {}
[347.892858] (-) TimerEvent: {}
[347.993767] (-) TimerEvent: {}
[348.094768] (-) TimerEvent: {}
[348.195923] (-) TimerEvent: {}
[348.297828] (-) TimerEvent: {}
[348.399236] (-) TimerEvent: {}
[348.500374] (-) TimerEvent: {}
[348.604852] (-) TimerEvent: {}
[348.707017] (-) TimerEvent: {}
[348.811035] (-) TimerEvent: {}
[348.913035] (-) TimerEvent: {}
[349.015045] (-) TimerEvent: {}
[349.115911] (-) TimerEvent: {}
[349.216781] (-) TimerEvent: {}
[349.317536] (-) TimerEvent: {}
[349.418543] (-) TimerEvent: {}
[349.520326] (-) TimerEvent: {}
[349.622831] (-) TimerEvent: {}
[349.724907] (-) TimerEvent: {}
[349.825735] (-) TimerEvent: {}
[349.926847] (-) TimerEvent: {}
[350.027832] (-) TimerEvent: {}
[350.129119] (-) TimerEvent: {}
[350.230008] (-) TimerEvent: {}
[350.330886] (-) TimerEvent: {}
[350.431879] (-) TimerEvent: {}
[350.533071] (-) TimerEvent: {}
[350.634317] (-) TimerEvent: {}
[350.736888] (-) TimerEvent: {}
[350.841058] (-) TimerEvent: {}
[350.945347] (-) TimerEvent: {}
[351.049112] (-) TimerEvent: {}
[351.151280] (-) TimerEvent: {}
[351.257841] (-) TimerEvent: {}
[351.359981] (-) TimerEvent: {}
[351.467860] (-) TimerEvent: {}
[351.570346] (-) TimerEvent: {}
[351.675891] (-) TimerEvent: {}
[351.777345] (-) TimerEvent: {}
[351.881800] (-) TimerEvent: {}
[351.982893] (-) TimerEvent: {}
[352.091407] (-) TimerEvent: {}
[352.198798] (-) TimerEvent: {}
[352.301830] (-) TimerEvent: {}
[352.406962] (-) TimerEvent: {}
[352.509582] (-) TimerEvent: {}
[352.610761] (-) TimerEvent: {}
[352.712390] (-) TimerEvent: {}
[352.813221] (-) TimerEvent: {}
[352.914084] (-) TimerEvent: {}
[353.015785] (-) TimerEvent: {}
[353.117508] (-) TimerEvent: {}
[353.219554] (-) TimerEvent: {}
[353.321745] (-) TimerEvent: {}
[353.422871] (-) TimerEvent: {}
[353.523627] (-) TimerEvent: {}
[353.624472] (-) TimerEvent: {}
[353.725245] (-) TimerEvent: {}
[353.826221] (-) TimerEvent: {}
[353.927678] (-) TimerEvent: {}
[354.030384] (-) TimerEvent: {}
[354.132181] (-) TimerEvent: {}
[354.234241] (-) TimerEvent: {}
[354.335399] (-) TimerEvent: {}
[354.440908] (-) TimerEvent: {}
[354.541902] (-) TimerEvent: {}
[354.644319] (-) TimerEvent: {}
[354.746626] (-) TimerEvent: {}
[354.848137] (-) TimerEvent: {}
[354.949198] (-) TimerEvent: {}
[355.050368] (-) TimerEvent: {}
[355.151765] (-) TimerEvent: {}
[355.252953] (-) TimerEvent: {}
[355.355404] (-) TimerEvent: {}
[355.456628] (-) TimerEvent: {}
[355.557925] (-) TimerEvent: {}
[355.659144] (-) TimerEvent: {}
[355.760361] (-) TimerEvent: {}
[355.864254] (-) TimerEvent: {}
[355.966189] (-) TimerEvent: {}
[356.068709] (-) TimerEvent: {}
[356.172209] (-) TimerEvent: {}
[356.279880] (-) TimerEvent: {}
[356.383915] (-) TimerEvent: {}
[356.487799] (-) TimerEvent: {}
[356.591811] (-) TimerEvent: {}
[356.694737] (-) TimerEvent: {}
[356.800408] (-) TimerEvent: {}
[356.901880] (-) TimerEvent: {}
[357.003440] (-) TimerEvent: {}
[357.104812] (-) TimerEvent: {}
[357.206086] (-) TimerEvent: {}
[357.307331] (-) TimerEvent: {}
[357.408350] (-) TimerEvent: {}
[357.509411] (-) TimerEvent: {}
[357.610489] (-) TimerEvent: {}
[357.712476] (-) TimerEvent: {}
[357.813871] (-) TimerEvent: {}
[357.915175] (-) TimerEvent: {}
[358.017218] (-) TimerEvent: {}
[358.118532] (-) TimerEvent: {}
[358.219869] (-) TimerEvent: {}
[358.322402] (-) TimerEvent: {}
[358.426377] (-) TimerEvent: {}
[358.527803] (-) TimerEvent: {}
[358.629945] (-) TimerEvent: {}
[358.732420] (-) TimerEvent: {}
[358.836721] (-) TimerEvent: {}
[358.938621] (-) TimerEvent: {}
[359.042816] (-) TimerEvent: {}
[359.143693] (-) TimerEvent: {}
[359.244596] (-) TimerEvent: {}
[359.347446] (-) TimerEvent: {}
[359.449854] (-) TimerEvent: {}
[359.553072] (-) TimerEvent: {}
[359.656975] (-) TimerEvent: {}
[359.757813] (-) TimerEvent: {}
[359.859327] (-) TimerEvent: {}
[359.960237] (-) TimerEvent: {}
[360.061110] (-) TimerEvent: {}
[360.161945] (-) TimerEvent: {}
[360.263208] (-) TimerEvent: {}
[360.364103] (-) TimerEvent: {}
[360.465000] (-) TimerEvent: {}
[360.565839] (-) TimerEvent: {}
[360.667792] (-) TimerEvent: {}
[360.768597] (-) TimerEvent: {}
[360.869565] (-) TimerEvent: {}
[360.970447] (-) TimerEvent: {}
[361.071296] (-) TimerEvent: {}
[361.172121] (-) TimerEvent: {}
[361.273002] (-) TimerEvent: {}
[361.373796] (-) TimerEvent: {}
[361.474597] (-) TimerEvent: {}
[361.575424] (-) TimerEvent: {}
[361.677725] (-) TimerEvent: {}
[361.779538] (-) TimerEvent: {}
[361.884247] (-) TimerEvent: {}
[361.987103] (-) TimerEvent: {}
[362.088003] (-) TimerEvent: {}
[362.188904] (-) TimerEvent: {}
[362.289811] (-) TimerEvent: {}
[362.390717] (-) TimerEvent: {}
[362.491620] (-) TimerEvent: {}
[362.592617] (-) TimerEvent: {}
[362.694252] (-) TimerEvent: {}
[362.795360] (-) TimerEvent: {}
[362.896562] (-) TimerEvent: {}
[362.999530] (-) TimerEvent: {}
[363.100712] (-) TimerEvent: {}
[363.202873] (-) TimerEvent: {}
[363.304804] (-) TimerEvent: {}
[363.406188] (-) TimerEvent: {}
[363.507795] (-) TimerEvent: {}
[363.609085] (-) TimerEvent: {}
[363.710723] (-) TimerEvent: {}
[363.813011] (-) TimerEvent: {}
[363.914285] (-) TimerEvent: {}
[364.019861] (-) TimerEvent: {}
[364.121248] (-) TimerEvent: {}
[364.223311] (-) TimerEvent: {}
[364.328136] (-) TimerEvent: {}
[364.429873] (-) TimerEvent: {}
[364.540199] (-) TimerEvent: {}
[364.642096] (-) TimerEvent: {}
[364.749044] (-) TimerEvent: {}
[364.850406] (-) TimerEvent: {}
[364.955980] (-) TimerEvent: {}
[365.065879] (-) TimerEvent: {}
[365.169091] (-) TimerEvent: {}
[365.277904] (-) TimerEvent: {}
[365.380895] (-) TimerEvent: {}
[365.491819] (-) TimerEvent: {}
[365.592715] (-) TimerEvent: {}
[365.697788] (-) TimerEvent: {}
[365.802831] (-) TimerEvent: {}
[365.909822] (-) TimerEvent: {}
[366.010871] (-) TimerEvent: {}
[366.114819] (-) TimerEvent: {}
[366.216490] (-) TimerEvent: {}
[366.318205] (-) TimerEvent: {}
[366.419145] (-) TimerEvent: {}
[366.519944] (-) TimerEvent: {}
[366.621562] (-) TimerEvent: {}
[366.723977] (-) TimerEvent: {}
[366.825000] (-) TimerEvent: {}
[366.926117] (-) TimerEvent: {}
[367.031104] (-) TimerEvent: {}
[367.131833] (-) TimerEvent: {}
[367.232531] (-) TimerEvent: {}
[367.333276] (-) TimerEvent: {}
[367.436546] (-) TimerEvent: {}
[367.537311] (-) TimerEvent: {}
[367.638185] (-) TimerEvent: {}
[367.739351] (-) TimerEvent: {}
[367.840321] (-) TimerEvent: {}
[367.941207] (-) TimerEvent: {}
[368.042303] (-) TimerEvent: {}
[368.143534] (-) TimerEvent: {}
[368.246155] (-) TimerEvent: {}
[368.347073] (-) TimerEvent: {}
[368.447913] (-) TimerEvent: {}
[368.548786] (-) TimerEvent: {}
[368.649580] (-) TimerEvent: {}
[368.750486] (-) TimerEvent: {}
[368.851451] (-) TimerEvent: {}
[368.952301] (-) TimerEvent: {}
[369.053277] (-) TimerEvent: {}
[369.154250] (-) TimerEvent: {}
[369.255278] (-) TimerEvent: {}
[369.356201] (-) TimerEvent: {}
[369.460034] (-) TimerEvent: {}
[369.561002] (-) TimerEvent: {}
[369.662566] (-) TimerEvent: {}
[369.764115] (-) TimerEvent: {}
[369.864878] (-) TimerEvent: {}
[369.965783] (-) TimerEvent: {}
[370.066777] (-) TimerEvent: {}
[370.167801] (-) TimerEvent: {}
[370.268700] (-) TimerEvent: {}
[370.369838] (-) TimerEvent: {}
[370.470982] (-) TimerEvent: {}
[370.572022] (-) TimerEvent: {}
[370.675918] (-) TimerEvent: {}
[370.777786] (-) TimerEvent: {}
[370.881150] (-) TimerEvent: {}
[370.982585] (-) TimerEvent: {}
[371.084853] (-) TimerEvent: {}
[371.186567] (-) TimerEvent: {}
[371.287808] (-) TimerEvent: {}
[371.389117] (-) TimerEvent: {}
[371.490402] (-) TimerEvent: {}
[371.594853] (-) TimerEvent: {}
[371.696544] (-) TimerEvent: {}
[371.798840] (-) TimerEvent: {}
[371.902143] (-) TimerEvent: {}
[372.004918] (-) TimerEvent: {}
[372.106617] (-) TimerEvent: {}
[372.208108] (-) TimerEvent: {}
[372.309481] (-) TimerEvent: {}
[372.411901] (-) TimerEvent: {}
[372.516798] (-) TimerEvent: {}
[372.619419] (-) TimerEvent: {}
[372.721024] (-) TimerEvent: {}
[372.822380] (-) TimerEvent: {}
[372.923720] (-) TimerEvent: {}
[373.025815] (-) TimerEvent: {}
[373.127114] (-) TimerEvent: {}
[373.228906] (-) TimerEvent: {}
[373.330516] (-) TimerEvent: {}
[373.431815] (-) TimerEvent: {}
[373.532948] (-) TimerEvent: {}
[373.634412] (-) TimerEvent: {}
[373.735566] (-) TimerEvent: {}
[373.836603] (-) TimerEvent: {}
[373.937839] (-) TimerEvent: {}
[374.038927] (-) TimerEvent: {}
[374.141499] (-) TimerEvent: {}
[374.244221] (-) TimerEvent: {}
[374.345774] (-) TimerEvent: {}
[374.450801] (-) TimerEvent: {}
[374.552825] (-) TimerEvent: {}
[374.653787] (-) TimerEvent: {}
[374.755598] (-) TimerEvent: {}
[374.856348] (-) TimerEvent: {}
[374.957076] (-) TimerEvent: {}
[375.057860] (-) TimerEvent: {}
[375.158814] (-) TimerEvent: {}
[375.259591] (-) TimerEvent: {}
[375.360455] (-) TimerEvent: {}
[375.461308] (-) TimerEvent: {}
[375.562120] (-) TimerEvent: {}
[375.663044] (-) TimerEvent: {}
[375.764893] (-) TimerEvent: {}
[375.866330] (-) TimerEvent: {}
[375.967796] (-) TimerEvent: {}
[376.068877] (-) TimerEvent: {}
[376.169832] (-) TimerEvent: {}
[376.273051] (-) TimerEvent: {}
[376.374134] (-) TimerEvent: {}
[376.475233] (-) TimerEvent: {}
[376.576322] (-) TimerEvent: {}
[376.680891] (-) TimerEvent: {}
[376.784759] (-) TimerEvent: {}
[376.887897] (-) TimerEvent: {}
[376.990888] (-) TimerEvent: {}
[377.095088] (-) TimerEvent: {}
[377.196683] (-) TimerEvent: {}
[377.297781] (-) TimerEvent: {}
[377.399960] (-) TimerEvent: {}
[377.501714] (-) TimerEvent: {}
[377.602860] (-) TimerEvent: {}
[377.704907] (-) TimerEvent: {}
[377.806320] (-) TimerEvent: {}
[377.907894] (-) TimerEvent: {}
[378.009079] (-) TimerEvent: {}
[378.110886] (-) TimerEvent: {}
[378.214513] (-) TimerEvent: {}
[378.315925] (-) TimerEvent: {}
[378.417714] (-) TimerEvent: {}
[378.519026] (-) TimerEvent: {}
[378.620362] (-) TimerEvent: {}
[378.721787] (-) TimerEvent: {}
[378.823054] (-) TimerEvent: {}
[378.924172] (-) TimerEvent: {}
[379.025326] (-) TimerEvent: {}
[379.128729] (-) TimerEvent: {}
[379.234520] (-) TimerEvent: {}
[379.338284] (-) TimerEvent: {}
[379.440403] (-) TimerEvent: {}
[379.544163] (-) TimerEvent: {}
[379.645359] (-) TimerEvent: {}
[379.747967] (-) TimerEvent: {}
[379.852284] (-) TimerEvent: {}
[379.953857] (-) TimerEvent: {}
[380.055385] (-) TimerEvent: {}
[380.156985] (-) TimerEvent: {}
[380.257803] (-) TimerEvent: {}
[380.358905] (-) TimerEvent: {}
[380.459736] (-) TimerEvent: {}
[380.560689] (-) TimerEvent: {}
[380.661509] (-) TimerEvent: {}
[380.762439] (-) TimerEvent: {}
[380.863510] (-) TimerEvent: {}
[380.966440] (-) TimerEvent: {}
[381.067304] (-) TimerEvent: {}
[381.168174] (-) TimerEvent: {}
[381.269254] (-) TimerEvent: {}
[381.370086] (-) TimerEvent: {}
[381.470759] (-) TimerEvent: {}
[381.571413] (-) TimerEvent: {}
[381.672246] (-) TimerEvent: {}
[381.773002] (-) TimerEvent: {}
[381.873767] (-) TimerEvent: {}
[381.974504] (-) TimerEvent: {}
[382.076517] (-) TimerEvent: {}
[382.178465] (-) TimerEvent: {}
[382.282153] (-) TimerEvent: {}
[382.385949] (-) TimerEvent: {}
[382.487081] (-) TimerEvent: {}
[382.588278] (-) TimerEvent: {}
[382.689318] (-) TimerEvent: {}
[382.791082] (-) TimerEvent: {}
[382.892239] (-) TimerEvent: {}
[382.993483] (-) TimerEvent: {}
[383.095280] (-) TimerEvent: {}
[383.197259] (-) TimerEvent: {}
[383.298350] (-) TimerEvent: {}
[383.399923] (-) TimerEvent: {}
[383.501399] (-) TimerEvent: {}
[383.603099] (-) TimerEvent: {}
[383.704721] (-) TimerEvent: {}
[383.806795] (-) TimerEvent: {}
[383.907872] (-) TimerEvent: {}
[384.009361] (-) TimerEvent: {}
[384.110510] (-) TimerEvent: {}
[384.211849] (-) TimerEvent: {}
[384.314098] (-) TimerEvent: {}
[384.415441] (-) TimerEvent: {}
[384.519829] (-) TimerEvent: {}
[384.620901] (-) TimerEvent: {}
[384.728516] (-) TimerEvent: {}
[384.831194] (-) TimerEvent: {}
[384.937103] (-) TimerEvent: {}
[385.043360] (-) TimerEvent: {}
[385.145733] (-) TimerEvent: {}
[385.247336] (-) TimerEvent: {}
[385.348550] (-) TimerEvent: {}
[385.450189] (-) TimerEvent: {}
[385.551451] (-) TimerEvent: {}
[385.652787] (-) TimerEvent: {}
[385.754191] (-) TimerEvent: {}
[385.856132] (-) TimerEvent: {}
[385.960010] (-) TimerEvent: {}
[386.065482] (-) TimerEvent: {}
[386.167058] (-) TimerEvent: {}
[386.268464] (-) TimerEvent: {}
[386.371238] (-) TimerEvent: {}
[386.473923] (-) TimerEvent: {}
[386.575362] (-) TimerEvent: {}
[386.676977] (-) TimerEvent: {}
[386.780079] (-) TimerEvent: {}
[386.881178] (-) TimerEvent: {}
[386.982405] (-) TimerEvent: {}
[387.083600] (-) TimerEvent: {}
[387.186909] (-) TimerEvent: {}
[387.288549] (-) TimerEvent: {}
[387.392768] (-) TimerEvent: {}
[387.495849] (-) TimerEvent: {}
[387.599949] (-) TimerEvent: {}
[387.701292] (-) TimerEvent: {}
[387.804466] (-) TimerEvent: {}
[387.906246] (-) TimerEvent: {}
[388.007549] (-) TimerEvent: {}
[388.110865] (-) TimerEvent: {}
[388.212175] (-) TimerEvent: {}
[388.314150] (-) TimerEvent: {}
[388.415409] (-) TimerEvent: {}
[388.516826] (-) TimerEvent: {}
[388.618058] (-) TimerEvent: {}
[388.719984] (-) TimerEvent: {}
[388.821444] (-) TimerEvent: {}
[388.922783] (-) TimerEvent: {}
[389.025116] (-) TimerEvent: {}
[389.126469] (-) TimerEvent: {}
[389.228530] (-) TimerEvent: {}
[389.331605] (-) TimerEvent: {}
[389.433429] (-) TimerEvent: {}
[389.535942] (-) TimerEvent: {}
[389.642432] (-) TimerEvent: {}
[389.747908] (-) TimerEvent: {}
[389.850779] (-) TimerEvent: {}
[389.952335] (-) TimerEvent: {}
[390.058957] (-) TimerEvent: {}
[390.161953] (-) TimerEvent: {}
[390.265908] (-) TimerEvent: {}
[390.370139] (-) TimerEvent: {}
[390.472422] (-) TimerEvent: {}
[390.582251] (-) TimerEvent: {}
[390.684035] (-) TimerEvent: {}
[390.791402] (-) TimerEvent: {}
[390.896171] (-) TimerEvent: {}
[390.999964] (-) TimerEvent: {}
[391.103233] (-) TimerEvent: {}
[391.204769] (-) TimerEvent: {}
[391.305922] (-) TimerEvent: {}
[391.407225] (-) TimerEvent: {}
[391.508499] (-) TimerEvent: {}
[391.609800] (-) TimerEvent: {}
[391.711040] (-) TimerEvent: {}
[391.812471] (-) TimerEvent: {}
[391.913934] (-) TimerEvent: {}
[392.015299] (-) TimerEvent: {}
[392.116797] (-) TimerEvent: {}
[392.220485] (-) TimerEvent: {}
[392.322132] (-) TimerEvent: {}
[392.425791] (-) TimerEvent: {}
[392.526935] (-) TimerEvent: {}
[392.628507] (-) TimerEvent: {}
[392.730489] (-) TimerEvent: {}
[392.836410] (-) TimerEvent: {}
[392.941966] (-) TimerEvent: {}
[393.047370] (-) TimerEvent: {}
[393.151069] (-) TimerEvent: {}
[393.253188] (-) TimerEvent: {}
[393.359997] (-) TimerEvent: {}
[393.461430] (-) TimerEvent: {}
[393.564273] (-) TimerEvent: {}
[393.665854] (-) TimerEvent: {}
[393.767108] (-) TimerEvent: {}
[393.868436] (-) TimerEvent: {}
[393.969908] (-) TimerEvent: {}
[394.074797] (-) TimerEvent: {}
[394.176510] (-) TimerEvent: {}
[394.279704] (-) TimerEvent: {}
[394.381051] (-) TimerEvent: {}
[394.483708] (-) TimerEvent: {}
[394.586961] (-) TimerEvent: {}
[394.688918] (-) TimerEvent: {}
[394.794176] (-) TimerEvent: {}
[394.900382] (-) TimerEvent: {}
[395.001708] (-) TimerEvent: {}
[395.103136] (-) TimerEvent: {}
[395.204629] (-) TimerEvent: {}
[395.307343] (-) TimerEvent: {}
[395.408696] (-) TimerEvent: {}
[395.509955] (-) TimerEvent: {}
[395.614071] (-) TimerEvent: {}
[395.716891] (-) TimerEvent: {}
[395.818301] (-) TimerEvent: {}
[395.923826] (-) TimerEvent: {}
[396.024870] (-) TimerEvent: {}
[396.129846] (-) TimerEvent: {}
[396.234872] (-) TimerEvent: {}
[396.336606] (-) TimerEvent: {}
[396.438779] (-) TimerEvent: {}
[396.540056] (-) TimerEvent: {}
[396.641334] (-) TimerEvent: {}
[396.742554] (-) TimerEvent: {}
[396.844125] (-) TimerEvent: {}
[396.945455] (-) TimerEvent: {}
[397.049220] (-) TimerEvent: {}
[397.150488] (-) TimerEvent: {}
[397.252389] (-) TimerEvent: {}
[397.353839] (-) TimerEvent: {}
[397.455162] (-) TimerEvent: {}
[397.556548] (-) TimerEvent: {}
[397.658975] (-) TimerEvent: {}
[397.762234] (-) TimerEvent: {}
[397.863744] (-) TimerEvent: {}
[397.965102] (-) TimerEvent: {}
[398.066492] (-) TimerEvent: {}
[398.168130] (-) TimerEvent: {}
[398.270317] (-) TimerEvent: {}
[398.373310] (-) TimerEvent: {}
[398.476265] (-) TimerEvent: {}
[398.578883] (-) TimerEvent: {}
[398.684451] (-) TimerEvent: {}
[398.789872] (-) TimerEvent: {}
[398.891089] (-) TimerEvent: {}
[398.997764] (-) TimerEvent: {}
[399.099217] (-) TimerEvent: {}
[399.200957] (-) TimerEvent: {}
[399.302891] (-) TimerEvent: {}
[399.406882] (-) TimerEvent: {}
[399.511264] (-) TimerEvent: {}
[399.612497] (-) TimerEvent: {}
[399.713354] (-) TimerEvent: {}
[399.816001] (-) TimerEvent: {}
[399.918847] (-) TimerEvent: {}
[400.019912] (-) TimerEvent: {}
[400.122822] (-) TimerEvent: {}
[400.223669] (-) TimerEvent: {}
[400.326830] (-) TimerEvent: {}
[400.429816] (-) TimerEvent: {}
[400.530669] (-) TimerEvent: {}
[400.631489] (-) TimerEvent: {}
[400.733837] (-) TimerEvent: {}
[400.834768] (-) TimerEvent: {}
[400.935736] (-) TimerEvent: {}
[401.036585] (-) TimerEvent: {}
[401.139849] (-) TimerEvent: {}
[401.240834] (-) TimerEvent: {}
[401.343737] (-) TimerEvent: {}
[401.445391] (-) TimerEvent: {}
[401.546722] (-) TimerEvent: {}
[401.648283] (-) TimerEvent: {}
[401.749182] (-) TimerEvent: {}
[401.850602] (-) TimerEvent: {}
[401.952349] (-) TimerEvent: {}
[402.053144] (-) TimerEvent: {}
[402.153890] (-) TimerEvent: {}
[402.254612] (-) TimerEvent: {}
[402.355440] (-) TimerEvent: {}
[402.456560] (-) TimerEvent: {}
[402.557369] (-) TimerEvent: {}
[402.658337] (-) TimerEvent: {}
[402.759197] (-) TimerEvent: {}
[402.860355] (-) TimerEvent: {}
[402.961164] (-) TimerEvent: {}
[403.062027] (-) TimerEvent: {}
[403.162992] (-) TimerEvent: {}
[403.264413] (-) TimerEvent: {}
[403.366808] (-) TimerEvent: {}
[403.469054] (-) TimerEvent: {}
[403.571982] (-) TimerEvent: {}
[403.674533] (-) TimerEvent: {}
[403.775571] (-) TimerEvent: {}
[403.878512] (-) TimerEvent: {}
[403.979700] (-) TimerEvent: {}
[404.081522] (-) TimerEvent: {}
[404.183164] (-) TimerEvent: {}
[404.284801] (-) TimerEvent: {}
[404.386786] (-) TimerEvent: {}
[404.487589] (-) TimerEvent: {}
[404.589990] (-) TimerEvent: {}
[404.691053] (-) TimerEvent: {}
[404.796808] (-) TimerEvent: {}
[404.899917] (-) TimerEvent: {}
[405.000801] (-) TimerEvent: {}
[405.102958] (-) TimerEvent: {}
[405.205757] (-) TimerEvent: {}
[405.308832] (-) TimerEvent: {}
[405.409869] (-) TimerEvent: {}
[405.511912] (-) TimerEvent: {}
[405.612939] (-) TimerEvent: {}
[405.719216] (-) TimerEvent: {}
[405.824490] (-) TimerEvent: {}
[405.930076] (-) TimerEvent: {}
[406.032239] (-) TimerEvent: {}
[406.143814] (-) TimerEvent: {}
[406.247842] (-) TimerEvent: {}
[406.350839] (-) TimerEvent: {}
[406.451980] (-) TimerEvent: {}
[406.552932] (-) TimerEvent: {}
[406.654808] (-) TimerEvent: {}
[406.755674] (-) TimerEvent: {}
[406.857795] (-) TimerEvent: {}
[406.960190] (-) TimerEvent: {}
[407.061161] (-) TimerEvent: {}
[407.163574] (-) TimerEvent: {}
[407.264466] (-) TimerEvent: {}
[407.368044] (-) TimerEvent: {}
[407.470462] (-) TimerEvent: {}
[407.574103] (-) TimerEvent: {}
[407.674850] (-) TimerEvent: {}
[407.775597] (-) TimerEvent: {}
[407.876510] (-) TimerEvent: {}
[407.977465] (-) TimerEvent: {}
[408.078374] (-) TimerEvent: {}
[408.179142] (-) TimerEvent: {}
[408.280024] (-) TimerEvent: {}
[408.380790] (-) TimerEvent: {}
[408.481487] (-) TimerEvent: {}
[408.582431] (-) TimerEvent: {}
[408.684085] (-) TimerEvent: {}
[408.785148] (-) TimerEvent: {}
[408.886630] (-) TimerEvent: {}
[408.988688] (-) TimerEvent: {}
[409.089774] (-) TimerEvent: {}
[409.190630] (-) TimerEvent: {}
[409.293236] (-) TimerEvent: {}
[409.395873] (-) TimerEvent: {}
[409.499839] (-) TimerEvent: {}
[409.600801] (-) TimerEvent: {}
[409.701810] (-) TimerEvent: {}
[409.803034] (-) TimerEvent: {}
[409.906428] (-) TimerEvent: {}
[410.009395] (-) TimerEvent: {}
[410.113764] (-) TimerEvent: {}
[410.214876] (-) TimerEvent: {}
[410.316012] (-) TimerEvent: {}
[410.417938] (-) TimerEvent: {}
[410.519307] (-) TimerEvent: {}
[410.621212] (-) TimerEvent: {}
[410.724733] (-) TimerEvent: {}
[410.827391] (-) TimerEvent: {}
[410.931175] (-) TimerEvent: {}
[411.035323] (-) TimerEvent: {}
[411.139530] (-) TimerEvent: {}
[411.241033] (-) TimerEvent: {}
[411.341953] (-) TimerEvent: {}
[411.443990] (-) TimerEvent: {}
[411.547105] (-) TimerEvent: {}
[411.648421] (-) TimerEvent: {}
[411.750741] (-) TimerEvent: {}
[411.852057] (-) TimerEvent: {}
[411.954068] (-) TimerEvent: {}
[412.057305] (-) TimerEvent: {}
[412.136097] (simple_robot) StdoutLine: {'line': b'[ 75%] \x1b[32mBuilding CXX object src/CMakeFiles/grid_map.dir/robot.cpp.o\x1b[0m\n'}
[412.161523] (-) TimerEvent: {}
[412.262457] (-) TimerEvent: {}
[412.370057] (-) TimerEvent: {}
[412.481560] (-) TimerEvent: {}
[412.585858] (-) TimerEvent: {}
[412.687364] (-) TimerEvent: {}
[412.795049] (-) TimerEvent: {}
[412.901870] (-) TimerEvent: {}
[413.003194] (-) TimerEvent: {}
[413.107862] (-) TimerEvent: {}
[413.209136] (-) TimerEvent: {}
[413.318857] (-) TimerEvent: {}
[413.424848] (-) TimerEvent: {}
[413.526854] (-) TimerEvent: {}
[413.633158] (-) TimerEvent: {}
[413.736800] (-) TimerEvent: {}
[413.839395] (-) TimerEvent: {}
[413.940388] (-) TimerEvent: {}
[414.043322] (-) TimerEvent: {}
[414.145823] (-) TimerEvent: {}
[414.250817] (-) TimerEvent: {}
[414.351798] (-) TimerEvent: {}
[414.455834] (-) TimerEvent: {}
[414.557835] (-) TimerEvent: {}
[414.663039] (-) TimerEvent: {}
[414.767812] (-) TimerEvent: {}
[414.868734] (-) TimerEvent: {}
[414.975221] (-) TimerEvent: {}
[415.080894] (-) TimerEvent: {}
[415.182095] (-) TimerEvent: {}
[415.287666] (-) TimerEvent: {}
[415.389465] (-) TimerEvent: {}
[415.490373] (-) TimerEvent: {}
[415.593851] (-) TimerEvent: {}
[415.694722] (-) TimerEvent: {}
[415.796833] (-) TimerEvent: {}
[415.898857] (-) TimerEvent: {}
[416.001245] (-) TimerEvent: {}
[416.102274] (-) TimerEvent: {}
[416.203872] (-) TimerEvent: {}
[416.305587] (-) TimerEvent: {}
[416.406767] (-) TimerEvent: {}
[416.508174] (-) TimerEvent: {}
[416.608960] (-) TimerEvent: {}
[416.709760] (-) TimerEvent: {}
[416.810584] (-) TimerEvent: {}
[416.911437] (-) TimerEvent: {}
[417.012229] (-) TimerEvent: {}
[417.112987] (-) TimerEvent: {}
[417.213752] (-) TimerEvent: {}
[417.314577] (-) TimerEvent: {}
[417.419871] (-) TimerEvent: {}
[417.523235] (-) TimerEvent: {}
[417.624311] (-) TimerEvent: {}
[417.725521] (-) TimerEvent: {}
[417.826398] (-) TimerEvent: {}
[417.927289] (-) TimerEvent: {}
[418.028240] (-) TimerEvent: {}
[418.129724] (-) TimerEvent: {}
[418.230785] (-) TimerEvent: {}
[418.331842] (-) TimerEvent: {}
[418.433018] (-) TimerEvent: {}
[418.534825] (-) TimerEvent: {}
[418.636159] (-) TimerEvent: {}
[418.737227] (-) TimerEvent: {}
[418.838536] (-) TimerEvent: {}
[418.939775] (-) TimerEvent: {}
[419.040845] (-) TimerEvent: {}
[419.141908] (-) TimerEvent: {}
[419.243105] (-) TimerEvent: {}
[419.344281] (-) TimerEvent: {}
[419.446599] (-) TimerEvent: {}
[419.549381] (-) TimerEvent: {}
[419.652911] (-) TimerEvent: {}
[419.755336] (-) TimerEvent: {}
[419.858575] (-) TimerEvent: {}
[419.962436] (-) TimerEvent: {}
[420.067145] (-) TimerEvent: {}
[420.170724] (-) TimerEvent: {}
[420.276183] (-) TimerEvent: {}
[420.378477] (-) TimerEvent: {}
[420.483036] (-) TimerEvent: {}
[420.584750] (-) TimerEvent: {}
[420.686474] (-) TimerEvent: {}
[420.789927] (-) TimerEvent: {}
[420.891520] (-) TimerEvent: {}
[420.996010] (-) TimerEvent: {}
[421.099862] (-) TimerEvent: {}
[421.201304] (-) TimerEvent: {}
[421.302601] (-) TimerEvent: {}
[421.403878] (-) TimerEvent: {}
[421.506857] (-) TimerEvent: {}
[421.608181] (-) TimerEvent: {}
[421.709775] (-) TimerEvent: {}
[421.811337] (-) TimerEvent: {}
[421.913106] (-) TimerEvent: {}
[422.016930] (-) TimerEvent: {}
[422.118413] (-) TimerEvent: {}
[422.220847] (-) TimerEvent: {}
[422.324194] (-) TimerEvent: {}
[422.425678] (-) TimerEvent: {}
[422.528594] (-) TimerEvent: {}
[422.632492] (-) TimerEvent: {}
[422.736869] (-) TimerEvent: {}
[422.840630] (-) TimerEvent: {}
[422.941978] (-) TimerEvent: {}
[423.046346] (-) TimerEvent: {}
[423.147825] (-) TimerEvent: {}
[423.251188] (-) TimerEvent: {}
[423.352564] (-) TimerEvent: {}
[423.454217] (-) TimerEvent: {}
[423.556315] (-) TimerEvent: {}
[423.657741] (-) TimerEvent: {}
[423.759097] (-) TimerEvent: {}
[423.860730] (-) TimerEvent: {}
[423.962088] (-) TimerEvent: {}
[424.063874] (-) TimerEvent: {}
[424.165060] (-) TimerEvent: {}
[424.267860] (-) TimerEvent: {}
[424.369104] (-) TimerEvent: {}
[424.470713] (-) TimerEvent: {}
[424.572278] (-) TimerEvent: {}
[424.674935] (-) TimerEvent: {}
[424.779018] (-) TimerEvent: {}
[424.881921] (-) TimerEvent: {}
[424.983486] (-) TimerEvent: {}
[425.085323] (-) TimerEvent: {}
[425.188767] (-) TimerEvent: {}
[425.290906] (-) TimerEvent: {}
[425.394537] (-) TimerEvent: {}
[425.497370] (-) TimerEvent: {}
[425.598795] (-) TimerEvent: {}
[425.705539] (-) TimerEvent: {}
[425.807012] (-) TimerEvent: {}
[425.913526] (-) TimerEvent: {}
[426.018172] (-) TimerEvent: {}
[426.119908] (-) TimerEvent: {}
[426.226889] (-) TimerEvent: {}
[426.328490] (-) TimerEvent: {}
[426.430017] (-) TimerEvent: {}
[426.531732] (-) TimerEvent: {}
[426.633323] (-) TimerEvent: {}
[426.734544] (-) TimerEvent: {}
[426.835476] (-) TimerEvent: {}
[426.936622] (-) TimerEvent: {}
[427.037852] (-) TimerEvent: {}
[427.139597] (-) TimerEvent: {}
[427.241000] (-) TimerEvent: {}
[427.342353] (-) TimerEvent: {}
[427.443873] (-) TimerEvent: {}
[427.545538] (-) TimerEvent: {}
[427.647397] (-) TimerEvent: {}
[427.750004] (-) TimerEvent: {}
[427.851205] (-) TimerEvent: {}
[427.952868] (-) TimerEvent: {}
[428.060216] (-) TimerEvent: {}
[428.173750] (-) TimerEvent: {}
[428.275729] (-) TimerEvent: {}
[428.382421] (-) TimerEvent: {}
[428.490456] (-) TimerEvent: {}
[428.593404] (-) TimerEvent: {}
[428.696871] (-) TimerEvent: {}
[428.798391] (-) TimerEvent: {}
[428.901313] (-) TimerEvent: {}
[429.003083] (-) TimerEvent: {}
[429.106372] (-) TimerEvent: {}
[429.208787] (-) TimerEvent: {}
[429.311258] (-) TimerEvent: {}
[429.413064] (-) TimerEvent: {}
[429.514969] (-) TimerEvent: {}
[429.616720] (-) TimerEvent: {}
[429.719170] (-) TimerEvent: {}
[429.824891] (-) TimerEvent: {}
[429.927290] (-) TimerEvent: {}
[430.031940] (-) TimerEvent: {}
[430.133288] (-) TimerEvent: {}
[430.234708] (-) TimerEvent: {}
[430.341235] (-) TimerEvent: {}
[430.442814] (-) TimerEvent: {}
[430.545943] (-) TimerEvent: {}
[430.647850] (-) TimerEvent: {}
[430.752859] (-) TimerEvent: {}
[430.854372] (-) TimerEvent: {}
[430.956837] (-) TimerEvent: {}
[431.059202] (-) TimerEvent: {}
[431.162957] (-) TimerEvent: {}
[431.264726] (-) TimerEvent: {}
[431.366240] (-) TimerEvent: {}
[431.467039] (-) TimerEvent: {}
[431.567941] (-) TimerEvent: {}
[431.668844] (-) TimerEvent: {}
[431.769753] (-) TimerEvent: {}
[431.870851] (-) TimerEvent: {}
[431.971803] (-) TimerEvent: {}
[432.072983] (-) TimerEvent: {}
[432.173888] (-) TimerEvent: {}
[432.274856] (-) TimerEvent: {}
[432.376254] (-) TimerEvent: {}
[432.477219] (-) TimerEvent: {}
[432.578085] (-) TimerEvent: {}
[432.678923] (-) TimerEvent: {}
[432.779764] (-) TimerEvent: {}
[432.880760] (-) TimerEvent: {}
[432.981724] (-) TimerEvent: {}
[433.082817] (-) TimerEvent: {}
[433.183723] (-) TimerEvent: {}
[433.284688] (-) TimerEvent: {}
[433.388711] (-) TimerEvent: {}
[433.489782] (-) TimerEvent: {}
[433.592873] (-) TimerEvent: {}
[433.695241] (-) TimerEvent: {}
[433.798347] (-) TimerEvent: {}
[433.899916] (-) TimerEvent: {}
[434.001272] (-) TimerEvent: {}
[434.103959] (-) TimerEvent: {}
[434.205473] (-) TimerEvent: {}
[434.306696] (-) TimerEvent: {}
[434.407812] (-) TimerEvent: {}
[434.508932] (-) TimerEvent: {}
[434.612300] (-) TimerEvent: {}
[434.713620] (-) TimerEvent: {}
[434.819318] (-) TimerEvent: {}
[434.923546] (-) TimerEvent: {}
[435.026004] (-) TimerEvent: {}
[435.128364] (-) TimerEvent: {}
[435.230355] (-) TimerEvent: {}
[435.331509] (-) TimerEvent: {}
[435.433342] (-) TimerEvent: {}
[435.535278] (-) TimerEvent: {}
[435.636762] (-) TimerEvent: {}
[435.739584] (-) TimerEvent: {}
[435.846850] (-) TimerEvent: {}
[435.948972] (-) TimerEvent: {}
[436.051906] (-) TimerEvent: {}
[436.164402] (-) TimerEvent: {}
[436.267883] (-) TimerEvent: {}
[436.370410] (-) TimerEvent: {}
[436.474893] (-) TimerEvent: {}
[436.576226] (-) TimerEvent: {}
[436.676987] (-) TimerEvent: {}
[436.777896] (-) TimerEvent: {}
[436.878849] (-) TimerEvent: {}
[436.979755] (-) TimerEvent: {}
[437.081322] (-) TimerEvent: {}
[437.182778] (-) TimerEvent: {}
[437.283822] (-) TimerEvent: {}
[437.384738] (-) TimerEvent: {}
[437.485735] (-) TimerEvent: {}
[437.586724] (-) TimerEvent: {}
[437.687616] (-) TimerEvent: {}
[437.789080] (-) TimerEvent: {}
[437.890170] (-) TimerEvent: {}
[437.991173] (-) TimerEvent: {}
[438.092268] (-) TimerEvent: {}
[438.193156] (-) TimerEvent: {}
[438.294003] (-) TimerEvent: {}
[438.394927] (-) TimerEvent: {}
[438.495943] (-) TimerEvent: {}
[438.597090] (-) TimerEvent: {}
[438.699911] (-) TimerEvent: {}
[438.801807] (-) TimerEvent: {}
[438.904824] (-) TimerEvent: {}
[439.007921] (-) TimerEvent: {}
[439.111954] (-) TimerEvent: {}
[439.220210] (-) TimerEvent: {}
[439.321935] (-) TimerEvent: {}
[439.424436] (-) TimerEvent: {}
[439.525613] (-) TimerEvent: {}
[439.629420] (-) TimerEvent: {}
[439.732596] (-) TimerEvent: {}
[439.836556] (-) TimerEvent: {}
[439.939228] (-) TimerEvent: {}
[440.040974] (-) TimerEvent: {}
[440.142577] (-) TimerEvent: {}
[440.244086] (-) TimerEvent: {}
[440.346792] (-) TimerEvent: {}
[440.450491] (-) TimerEvent: {}
[440.551827] (-) TimerEvent: {}
[440.653107] (-) TimerEvent: {}
[440.754705] (-) TimerEvent: {}
[440.857302] (-) TimerEvent: {}
[440.960202] (-) TimerEvent: {}
[441.063938] (-) TimerEvent: {}
[441.168849] (-) TimerEvent: {}
[441.274993] (-) TimerEvent: {}
[441.378327] (-) TimerEvent: {}
[441.482315] (-) TimerEvent: {}
[441.586602] (-) TimerEvent: {}
[441.688926] (-) TimerEvent: {}
[441.790911] (-) TimerEvent: {}
[441.892391] (-) TimerEvent: {}
[441.993594] (-) TimerEvent: {}
[442.095896] (-) TimerEvent: {}
[442.197481] (-) TimerEvent: {}
[442.299384] (-) TimerEvent: {}
[442.400539] (-) TimerEvent: {}
[442.501706] (-) TimerEvent: {}
[442.602911] (-) TimerEvent: {}
[442.704107] (-) TimerEvent: {}
[442.805020] (-) TimerEvent: {}
[442.815383] (simple_robot) StdoutLine: {'line': b'[ 83%] \x1b[32mBuilding CXX object src/CMakeFiles/grid_map.dir/map_utils.cpp.o\x1b[0m\n'}
[442.905776] (-) TimerEvent: {}
[443.017058] (-) TimerEvent: {}
[443.118443] (-) TimerEvent: {}
[443.221264] (-) TimerEvent: {}
[443.324563] (-) TimerEvent: {}
[443.426160] (-) TimerEvent: {}
[443.533068] (-) TimerEvent: {}
[443.636823] (-) TimerEvent: {}
[443.737877] (-) TimerEvent: {}
[443.842142] (-) TimerEvent: {}
[443.946562] (-) TimerEvent: {}
[444.053875] (-) TimerEvent: {}
[444.155079] (-) TimerEvent: {}
[444.260962] (-) TimerEvent: {}
[444.362164] (-) TimerEvent: {}
[444.464476] (-) TimerEvent: {}
[444.567471] (-) TimerEvent: {}
[444.673149] (-) TimerEvent: {}
[444.774123] (-) TimerEvent: {}
[444.879976] (-) TimerEvent: {}
[444.980808] (-) TimerEvent: {}
[445.081589] (-) TimerEvent: {}
[445.185090] (-) TimerEvent: {}
[445.286290] (-) TimerEvent: {}
[445.388142] (-) TimerEvent: {}
[445.490905] (-) TimerEvent: {}
[445.592458] (-) TimerEvent: {}
[445.698104] (-) TimerEvent: {}
[445.798988] (-) TimerEvent: {}
[445.901048] (-) TimerEvent: {}
[446.006393] (-) TimerEvent: {}
[446.107295] (-) TimerEvent: {}
[446.209024] (-) TimerEvent: {}
[446.310022] (-) TimerEvent: {}
[446.411347] (-) TimerEvent: {}
[446.512158] (-) TimerEvent: {}
[446.614840] (-) TimerEvent: {}
[446.715806] (-) TimerEvent: {}
[446.818157] (-) TimerEvent: {}
[446.919837] (-) TimerEvent: {}
[447.020744] (-) TimerEvent: {}
[447.121443] (-) TimerEvent: {}
[447.222297] (-) TimerEvent: {}
[447.323227] (-) TimerEvent: {}
[447.424168] (-) TimerEvent: {}
[447.524974] (-) TimerEvent: {}
[447.625792] (-) TimerEvent: {}
[447.727021] (-) TimerEvent: {}
[447.828119] (-) TimerEvent: {}
[447.928985] (-) TimerEvent: {}
[448.030405] (-) TimerEvent: {}
[448.134098] (-) TimerEvent: {}
[448.235413] (-) TimerEvent: {}
[448.336509] (-) TimerEvent: {}
[448.437702] (-) TimerEvent: {}
[448.538797] (-) TimerEvent: {}
[448.640053] (-) TimerEvent: {}
[448.741461] (-) TimerEvent: {}
[448.843162] (-) TimerEvent: {}
[448.944499] (-) TimerEvent: {}
[449.048845] (-) TimerEvent: {}
[449.149889] (-) TimerEvent: {}
[449.252401] (-) TimerEvent: {}
[449.358441] (-) TimerEvent: {}
[449.465881] (-) TimerEvent: {}
[449.567060] (-) TimerEvent: {}
[449.672308] (-) TimerEvent: {}
[449.773856] (-) TimerEvent: {}
[449.876440] (-) TimerEvent: {}
[449.980728] (-) TimerEvent: {}
[450.082333] (-) TimerEvent: {}
[450.183865] (-) TimerEvent: {}
[450.287192] (-) TimerEvent: {}
[450.390589] (-) TimerEvent: {}
[450.492359] (-) TimerEvent: {}
[450.596440] (-) TimerEvent: {}
[450.697321] (-) TimerEvent: {}
[450.798281] (-) TimerEvent: {}
[450.899147] (-) TimerEvent: {}
[450.999981] (-) TimerEvent: {}
[451.100959] (-) TimerEvent: {}
[451.201840] (-) TimerEvent: {}
[451.302769] (-) TimerEvent: {}
[451.403585] (-) TimerEvent: {}
[451.504417] (-) TimerEvent: {}
[451.605343] (-) TimerEvent: {}
[451.706403] (-) TimerEvent: {}
[451.810862] (-) TimerEvent: {}
[451.912119] (-) TimerEvent: {}
[452.013746] (-) TimerEvent: {}
[452.114750] (-) TimerEvent: {}
[452.215703] (-) TimerEvent: {}
[452.316683] (-) TimerEvent: {}
[452.417744] (-) TimerEvent: {}
[452.518898] (-) TimerEvent: {}
[452.621586] (-) TimerEvent: {}
[452.722858] (-) TimerEvent: {}
[452.824244] (-) TimerEvent: {}
[452.926300] (-) TimerEvent: {}
[453.029065] (-) TimerEvent: {}
[453.138314] (-) TimerEvent: {}
[453.240168] (-) TimerEvent: {}
[453.341618] (-) TimerEvent: {}
[453.443070] (-) TimerEvent: {}
[453.545314] (-) TimerEvent: {}
[453.649272] (-) TimerEvent: {}
[453.750514] (-) TimerEvent: {}
[453.851765] (-) TimerEvent: {}
[453.953101] (-) TimerEvent: {}
[454.054672] (-) TimerEvent: {}
[454.157484] (-) TimerEvent: {}
[454.261582] (-) TimerEvent: {}
[454.365929] (-) TimerEvent: {}
[454.478899] (-) TimerEvent: {}
[454.583388] (-) TimerEvent: {}
[454.684278] (-) TimerEvent: {}
[454.787799] (-) TimerEvent: {}
[454.891801] (-) TimerEvent: {}
[454.992922] (-) TimerEvent: {}
[455.102806] (-) TimerEvent: {}
[455.203889] (-) TimerEvent: {}
[455.306804] (-) TimerEvent: {}
[455.407815] (-) TimerEvent: {}
[455.512135] (-) TimerEvent: {}
[455.615352] (-) TimerEvent: {}
[455.718064] (-) TimerEvent: {}
[455.819941] (-) TimerEvent: {}
[455.921074] (-) TimerEvent: {}
[456.021977] (-) TimerEvent: {}
[456.123793] (-) TimerEvent: {}
[456.227461] (-) TimerEvent: {}
[456.328410] (-) TimerEvent: {}
[456.429327] (-) TimerEvent: {}
[456.530264] (-) TimerEvent: {}
[456.630956] (-) TimerEvent: {}
[456.731752] (-) TimerEvent: {}
[456.832524] (-) TimerEvent: {}
[456.933477] (-) TimerEvent: {}
[457.034448] (-) TimerEvent: {}
[457.137835] (-) TimerEvent: {}
[457.238984] (-) TimerEvent: {}
[457.341032] (-) TimerEvent: {}
[457.444278] (-) TimerEvent: {}
[457.550825] (-) TimerEvent: {}
[457.651814] (-) TimerEvent: {}
[457.753773] (-) TimerEvent: {}
[457.855020] (-) TimerEvent: {}
[457.956079] (-) TimerEvent: {}
[458.057100] (-) TimerEvent: {}
[458.158420] (-) TimerEvent: {}
[458.259803] (-) TimerEvent: {}
[458.360700] (-) TimerEvent: {}
[458.461705] (-) TimerEvent: {}
[458.562613] (-) TimerEvent: {}
[458.664203] (-) TimerEvent: {}
[458.765453] (-) TimerEvent: {}
[458.866800] (-) TimerEvent: {}
[458.969557] (-) TimerEvent: {}
[459.070877] (-) TimerEvent: {}
[459.172338] (-) TimerEvent: {}
[459.273511] (-) TimerEvent: {}
[459.374974] (-) TimerEvent: {}
[459.476931] (-) TimerEvent: {}
[459.580901] (-) TimerEvent: {}
[459.683588] (-) TimerEvent: {}
[459.787303] (-) TimerEvent: {}
[459.890848] (-) TimerEvent: {}
[459.992021] (-) TimerEvent: {}
[460.094459] (-) TimerEvent: {}
[460.197831] (-) TimerEvent: {}
[460.305905] (-) TimerEvent: {}
[460.410377] (-) TimerEvent: {}
[460.511828] (-) TimerEvent: {}
[460.612820] (-) TimerEvent: {}
[460.714917] (-) TimerEvent: {}
[460.817796] (-) TimerEvent: {}
[460.919757] (-) TimerEvent: {}
[461.023910] (-) TimerEvent: {}
[461.125402] (-) TimerEvent: {}
[461.229618] (-) TimerEvent: {}
[461.331297] (-) TimerEvent: {}
[461.432865] (-) TimerEvent: {}
[461.534543] (-) TimerEvent: {}
[461.636414] (-) TimerEvent: {}
[461.737716] (-) TimerEvent: {}
[461.839120] (-) TimerEvent: {}
[461.940381] (-) TimerEvent: {}
[462.041703] (-) TimerEvent: {}
[462.143188] (-) TimerEvent: {}
[462.246918] (-) TimerEvent: {}
[462.349473] (-) TimerEvent: {}
[462.452931] (-) TimerEvent: {}
[462.556352] (-) TimerEvent: {}
[462.660447] (-) TimerEvent: {}
[462.764311] (-) TimerEvent: {}
[462.872943] (-) TimerEvent: {}
[462.977914] (-) TimerEvent: {}
[463.079224] (-) TimerEvent: {}
[463.183454] (-) TimerEvent: {}
[463.289231] (-) TimerEvent: {}
[463.390366] (-) TimerEvent: {}
[463.491864] (-) TimerEvent: {}
[463.593443] (-) TimerEvent: {}
[463.698174] (-) TimerEvent: {}
[463.800604] (-) TimerEvent: {}
[463.902308] (-) TimerEvent: {}
[464.003720] (-) TimerEvent: {}
[464.105176] (-) TimerEvent: {}
[464.206787] (-) TimerEvent: {}
[464.308426] (-) TimerEvent: {}
[464.409827] (-) TimerEvent: {}
[464.513196] (-) TimerEvent: {}
[464.620802] (-) TimerEvent: {}
[464.723552] (-) TimerEvent: {}
[464.828815] (-) TimerEvent: {}
[464.933864] (-) TimerEvent: {}
[465.035558] (-) TimerEvent: {}
[465.137111] (-) TimerEvent: {}
[465.238471] (-) TimerEvent: {}
[465.342346] (-) TimerEvent: {}
[465.446255] (-) TimerEvent: {}
[465.547601] (-) TimerEvent: {}
[465.652261] (-) TimerEvent: {}
[465.756966] (-) TimerEvent: {}
[465.860895] (-) TimerEvent: {}
[465.963730] (-) TimerEvent: {}
[466.067250] (-) TimerEvent: {}
[466.170853] (-) TimerEvent: {}
[466.272154] (-) TimerEvent: {}
[466.373941] (-) TimerEvent: {}
[466.476012] (-) TimerEvent: {}
[466.577281] (-) TimerEvent: {}
[466.679415] (-) TimerEvent: {}
[466.780610] (-) TimerEvent: {}
[466.882067] (-) TimerEvent: {}
[466.983747] (-) TimerEvent: {}
[467.085306] (-) TimerEvent: {}
[467.186746] (-) TimerEvent: {}
[467.288122] (-) TimerEvent: {}
[467.394505] (-) TimerEvent: {}
[467.498337] (-) TimerEvent: {}
[467.601991] (-) TimerEvent: {}
[467.706411] (-) TimerEvent: {}
[467.807777] (-) TimerEvent: {}
[467.910429] (-) TimerEvent: {}
[468.014223] (-) TimerEvent: {}
[468.115844] (-) TimerEvent: {}
[468.218172] (-) TimerEvent: {}
[468.322795] (-) TimerEvent: {}
[468.423723] (-) TimerEvent: {}
[468.524688] (-) TimerEvent: {}
[468.626874] (-) TimerEvent: {}
[468.727786] (-) TimerEvent: {}
[468.828626] (-) TimerEvent: {}
[468.929483] (-) TimerEvent: {}
[469.030316] (-) TimerEvent: {}
[469.131226] (-) TimerEvent: {}
[469.232143] (-) TimerEvent: {}
[469.332968] (-) TimerEvent: {}
[469.433804] (-) TimerEvent: {}
[469.534617] (-) TimerEvent: {}
[469.637183] (-) TimerEvent: {}
[469.738133] (-) TimerEvent: {}
[469.839787] (-) TimerEvent: {}
[469.941451] (-) TimerEvent: {}
[470.043322] (-) TimerEvent: {}
[470.145671] (-) TimerEvent: {}
[470.246836] (-) TimerEvent: {}
[470.347534] (-) TimerEvent: {}
[470.448743] (-) TimerEvent: {}
[470.549697] (-) TimerEvent: {}
[470.651402] (-) TimerEvent: {}
[470.754368] (-) TimerEvent: {}
[470.855416] (-) TimerEvent: {}
[470.958886] (-) TimerEvent: {}
[471.060837] (-) TimerEvent: {}
[471.163197] (-) TimerEvent: {}
[471.266420] (-) TimerEvent: {}
[471.370585] (-) TimerEvent: {}
[471.472110] (-) TimerEvent: {}
[471.573394] (-) TimerEvent: {}
[471.674387] (-) TimerEvent: {}
[471.775499] (-) TimerEvent: {}
[471.876870] (-) TimerEvent: {}
[471.977957] (-) TimerEvent: {}
[472.079240] (-) TimerEvent: {}
[472.180747] (-) TimerEvent: {}
[472.281838] (-) TimerEvent: {}
[472.383221] (-) TimerEvent: {}
[472.484327] (-) TimerEvent: {}
[472.585683] (-) TimerEvent: {}
[472.688604] (-) TimerEvent: {}
[472.789912] (-) TimerEvent: {}
[472.891219] (-) TimerEvent: {}
[472.992518] (-) TimerEvent: {}
[473.093877] (-) TimerEvent: {}
[473.195588] (-) TimerEvent: {}
[473.299024] (-) TimerEvent: {}
[473.402926] (-) TimerEvent: {}
[473.505270] (-) TimerEvent: {}
[473.611377] (-) TimerEvent: {}
[473.718755] (-) TimerEvent: {}
[473.822245] (-) TimerEvent: {}
[473.925858] (-) TimerEvent: {}
[474.027228] (-) TimerEvent: {}
[474.130262] (-) TimerEvent: {}
[474.233738] (-) TimerEvent: {}
[474.335069] (-) TimerEvent: {}
[474.436501] (-) TimerEvent: {}
[474.539331] (-) TimerEvent: {}
[474.642928] (-) TimerEvent: {}
[474.745741] (-) TimerEvent: {}
[474.854905] (-) TimerEvent: {}
[474.956241] (-) TimerEvent: {}
[475.061842] (-) TimerEvent: {}
[475.170750] (-) TimerEvent: {}
[475.271722] (-) TimerEvent: {}
[475.373704] (-) TimerEvent: {}
[475.476051] (-) TimerEvent: {}
[475.578787] (-) TimerEvent: {}
[475.679717] (-) TimerEvent: {}
[475.781171] (-) TimerEvent: {}
[475.881965] (-) TimerEvent: {}
[475.921520] (simple_robot) StdoutLine: {'line': b'[ 91%] \x1b[32m\x1b[1mLinking CXX shared library libgrid_map.so\x1b[0m\n'}
[475.983944] (-) TimerEvent: {}
[476.088235] (-) TimerEvent: {}
[476.190317] (-) TimerEvent: {}
[476.292688] (-) TimerEvent: {}
[476.394374] (-) TimerEvent: {}
[476.496798] (-) TimerEvent: {}
[476.600176] (-) TimerEvent: {}
[476.701204] (-) TimerEvent: {}
[476.804906] (-) TimerEvent: {}
[476.906339] (-) TimerEvent: {}
[477.007456] (-) TimerEvent: {}
[477.110204] (-) TimerEvent: {}
[477.213168] (-) TimerEvent: {}
[477.315109] (-) TimerEvent: {}
[477.416506] (-) TimerEvent: {}
[477.518985] (-) TimerEvent: {}
[477.622895] (-) TimerEvent: {}
[477.725887] (-) TimerEvent: {}
[477.828704] (-) TimerEvent: {}
[477.931992] (-) TimerEvent: {}
[478.040133] (-) TimerEvent: {}
[478.145889] (-) TimerEvent: {}
[478.249999] (-) TimerEvent: {}
[478.352611] (-) TimerEvent: {}
[478.464911] (-) TimerEvent: {}
[478.567908] (-) TimerEvent: {}
[478.671921] (-) TimerEvent: {}
[478.773205] (-) TimerEvent: {}
[478.877376] (-) TimerEvent: {}
[478.981869] (-) TimerEvent: {}
[479.087762] (-) TimerEvent: {}
[479.189203] (-) TimerEvent: {}
[479.293602] (-) TimerEvent: {}
[479.395846] (-) TimerEvent: {}
[479.498904] (-) TimerEvent: {}
[479.601958] (-) TimerEvent: {}
[479.705832] (-) TimerEvent: {}
[479.806888] (-) TimerEvent: {}
[479.907802] (-) TimerEvent: {}
[480.010728] (-) TimerEvent: {}
[480.112437] (-) TimerEvent: {}
[480.215518] (-) TimerEvent: {}
[480.320729] (-) TimerEvent: {}
[480.429961] (-) TimerEvent: {}
[480.536240] (-) TimerEvent: {}
[480.638165] (-) TimerEvent: {}
[480.742379] (-) TimerEvent: {}
[480.844879] (-) TimerEvent: {}
[480.948719] (-) TimerEvent: {}
[481.050797] (-) TimerEvent: {}
[481.152075] (-) TimerEvent: {}
[481.253129] (-) TimerEvent: {}
[481.355490] (-) TimerEvent: {}
[481.456155] (-) TimerEvent: {}
[481.557015] (-) TimerEvent: {}
[481.657946] (-) TimerEvent: {}
[481.760112] (-) TimerEvent: {}
[481.861089] (-) TimerEvent: {}
[481.961860] (-) TimerEvent: {}
[482.062565] (-) TimerEvent: {}
[482.163279] (-) TimerEvent: {}
[482.264176] (-) TimerEvent: {}
[482.365024] (-) TimerEvent: {}
[482.465916] (-) TimerEvent: {}
[482.566810] (-) TimerEvent: {}
[482.667668] (-) TimerEvent: {}
[482.769448] (-) TimerEvent: {}
[482.871120] (-) TimerEvent: {}
[482.974007] (-) TimerEvent: {}
[483.076811] (-) TimerEvent: {}
[483.177745] (-) TimerEvent: {}
[483.280965] (-) TimerEvent: {}
[483.381819] (-) TimerEvent: {}
[483.482735] (-) TimerEvent: {}
[483.562819] (simple_robot) StdoutLine: {'line': b'[100%] Built target grid_map\n'}
[483.582943] (-) TimerEvent: {}
[483.647824] (simple_robot) CommandEnded: {'returncode': 0}
[483.652492] (simple_robot) JobProgress: {'identifier': 'simple_robot', 'progress': 'install'}
[483.683167] (-) TimerEvent: {}
[483.720261] (simple_robot) Command: {'cmd': ['/usr/bin/cmake', '--install', '/home/martina/rp_project/robot-programming-project/src/simple_robot/build/simple_robot'], 'cwd': '/home/martina/rp_project/robot-programming-project/src/simple_robot/build/simple_robot', 'env': OrderedDict([('GJS_DEBUG_TOPICS', 'JS ERROR;JS LOG'), ('LESSOPEN', '| /usr/bin/env /usr/bin/lesspipe %s 2>/dev/null'), ('CONDA_PROMPT_MODIFIER', '(base)'), ('LC_TIME', 'it_IT.UTF-8'), ('USER', 'martina'), ('XDG_SESSION_TYPE', 'wayland'), ('GIT_ASKPASS', '/usr/share/code/resources/app/extensions/git/dist/askpass.sh'), ('SHLVL', '2'), ('LD_LIBRARY_PATH', '/opt/ros/humble/opt/rviz_ogre_vendor/lib:/opt/ros/humble/lib/x86_64-linux-gnu:/opt/ros/humble/lib::/home/martina/.mujoco/mujoco210/bin:/usr/lib/nvidia:~/anaconda3/lib'), ('HOME', '/home/martina'), ('OLDPWD', '/home/martina/rp_project/robot-programming-project/src/simple_robot'), ('CHROME_DESKTOP', 'code.desktop'), ('TERMINFO', '/home/martina/.terminfo'), ('LESS', '-iRFXMx4'), ('CONDA_SHLVL', '1'), ('DESKTOP_SESSION', 'ubuntu'), ('TERM_PROGRAM_VERSION', '1.97.2'), ('GIO_LAUNCHED_DESKTOP_FILE', '/usr/share/applications/code.desktop'), ('LSCOLORS', 'ExGxDxDxCxDxDxFxFxexEx'), ('GTK_MODULES', 'gail:atk-bridge'), ('GNOME_SHELL_SESSION_MODE', 'ubuntu'), ('VSCODE_GIT_ASKPASS_MAIN', '/usr/share/code/resources/app/extensions/git/dist/askpass-main.js'), ('PAGER', 'less'), ('ROS_PYTHON_VERSION', '3'), ('LC_MONETARY', 'it_IT.UTF-8'), ('MANAGERPID', '935'), ('VSCODE_GIT_ASKPASS_NODE', '/usr/share/code/code'), ('SYSTEMD_EXEC_PID', '1150'), ('DBUS_SESSION_BUS_ADDRESS', 'unix:path=/run/user/1000/bus'), ('P9K_TTY', 'old'), ('GIO_LAUNCHED_DESKTOP_FILE_PID', '3888'), ('COLORTERM', 'truecolor'), ('_CE_M', ''), ('WAYLAND_DISPLAY', 'wayland-0'), ('INFOPATH', ''), ('ROS_DISTRO', 'humble'), ('COLCON_PREFIX_PATH', '/home/martina/rp_project/robot-programming-project/install'), ('LOGNAME', 'martina'), ('_', '/usr/bin/colcon'), ('JOURNAL_STREAM', '8:10888'), ('_P9K_SSH_TTY', '/dev/pts/0'), ('XDG_SESSION_CLASS', 'user'), ('USER_ZDOTDIR', '/home/martina'), ('ROS_VERSION', '2'), ('USERNAME', 'martina'), ('TERM', 'xterm-256color'), ('GNOME_DESKTOP_SESSION_ID', 'this-is-deprecated'), ('_CE_CONDA', ''), ('ROS_LOCALHOST_ONLY', '0'), ('PATH', '/opt/ros/humble/bin:/home/martina/.local/bin:/home/martina/.local/bin:/usr/lib/ccache:.:/home/martina/.mujoco/mujoco210/bin:/usr/lib/nvidia:/home/martina/anaconda3/condabin:/home/martina/bin:/home/martina/.local/bin:/usr/local/sbin:/usr/local/bin:/usr/sbin:/usr/bin:/sbin:/bin:/usr/games:/usr/local/games:/snap/bin:/home/martina/.cache/zsh4humans/v5/fzf/bin:/home/martina/other/install/bin'), ('SESSION_MANAGER', 'local/Martina-ThinkPad-X1-Yoga:@/tmp/.ICE-unix/1101,unix/Martina-ThinkPad-X1-Yoga:/tmp/.ICE-unix/1101'), ('INVOCATION_ID', '1c6ef4f92b04498681378ae68fe5b9c7'), ('LC_ADDRESS', 'it_IT.UTF-8'), ('XDG_RUNTIME_DIR', '/run/user/1000'), ('XDG_MENU_PREFIX', 'gnome-'), ('GNOME_SETUP_DISPLAY', ':1'), ('GDK_BACKEND', 'x11'), ('DISPLAY', ':0'), ('LANG', 'en_US.UTF-8'), ('LC_TELEPHONE', 'it_IT.UTF-8'), ('XDG_CURRENT_DESKTOP', 'Unity'), ('VSCODE_INJECTION', '1'), ('LD_PRELOAD', ':/usr/lib/x86_64-linux-gnu/libGLEW.so'), ('XDG_SESSION_DESKTOP', 'ubuntu'), ('XMODIFIERS', '@im=ibus'), ('XAUTHORITY', '/run/user/1000/.mutter-Xwaylandauth.HIED22'), ('TERM_PROGRAM', 'vscode'), ('VSCODE_GIT_IPC_HANDLE', '/run/user/1000/vscode-git-f640f2b3f6.sock'), ('LS_COLORS', 'fi=00:mi=00:mh=00:ln=01;36:or=01;31:di=01;34:ow=04;01;34:st=34:tw=04;34:pi=01;33:so=01;33:do=01;33:bd=01;33:cd=01;33:su=01;35:sg=01;35:ca=01;35:ex=01;32:no=38;5;248'), ('TREE_COLORS', 'fi=00:mi=00:mh=00:ln=01;36:or=01;31:di=01;34:ow=01;34:st=34:tw=34:pi=01;33:so=01;33:do=01;33:bd=01;33:cd=01;33:su=01;35:sg=01;35:ca=01;35:ex=01;32'), ('SSH_AGENT_LAUNCHER', 'gnome-keyring'), ('SSH_AUTH_SOCK', '/run/user/1000/keyring/ssh'), ('ORIGINAL_XDG_CURRENT_DESKTOP', 'ubuntu:GNOME'), ('CONDA_PYTHON_EXE', '/home/martina/anaconda3/bin/python'), ('AMENT_PREFIX_PATH', '/home/martina/rp_project/robot-programming-project/install/simple_robot:/opt/ros/humble'), ('LC_NAME', 'it_IT.UTF-8'), ('SHELL', '/usr/local/bin/zsh'), ('DEST', '/home/martina/other/install'), ('QT_ACCESSIBILITY', '1'), ('GDMSESSION', 'ubuntu'), ('CONDA_DEFAULT_ENV', 'base'), ('LC_MEASUREMENT', 'it_IT.UTF-8'), ('LC_IDENTIFICATION', 'it_IT.UTF-8'), ('GJS_DEBUG_OUTPUT', 'stderr'), ('P9K_SSH', '0'), ('QT_IM_MODULE', 'ibus'), ('VSCODE_GIT_ASKPASS_EXTRA_ARGS', ''), ('VSCODE_NONCE', '54dcb112-afcc-4c20-b10a-51290a02c083'), ('LC_ALL', 'en_US.UTF-8'), ('PWD', '/home/martina/rp_project/robot-programming-project/src/simple_robot/build/simple_robot'), ('GPG_TTY', '/dev/pts/0'), ('XDG_DATA_DIRS', '/usr/local/share/:/usr/share/:/var/lib/snapd/desktop'), ('ZDOTDIR', '/home/martina'), ('_P9K_TTY', '/dev/pts/0'), ('CONDA_EXE', '/home/martina/anaconda3/bin/conda'), ('LC_NUMERIC', 'it_IT.UTF-8'), ('PYTHONPATH', '/opt/ros/humble/lib/python3.10/site-packages:/opt/ros/humble/local/lib/python3.10/dist-packages:/home/martina/other/install/lib/python3.10/site-packages/'), ('LC_PAPER', 'it_IT.UTF-8'), ('CONDA_PREFIX', '/home/martina/anaconda3'), ('COLCON', '1'), ('MANPATH', '/usr/local/share/man:/home/martina/.cache/zsh4humans/v5/fzf/man:'), ('CMAKE_PREFIX_PATH', '/home/martina/rp_project/robot-programming-project/install/simple_robot:/opt/ros/humble')]), 'shell': False}
[483.783434] (-) TimerEvent: {}
[483.790132] (simple_robot) StdoutLine: {'line': b'-- Install configuration: ""\n'}
[483.792630] (simple_robot) StdoutLine: {'line': b'-- Installing: /home/martina/rp_project/robot-programming-project/src/simple_robot/install/simple_robot/lib/simple_robot/robot_map_node\n'}
[483.851529] (simple_robot) StdoutLine: {'line': b'-- Set runtime path of "/home/martina/rp_project/robot-programming-project/src/simple_robot/install/simple_robot/lib/simple_robot/robot_map_node" to ""\n'}
[483.854967] (simple_robot) StdoutLine: {'line': b'-- Up-to-date: /home/martina/rp_project/robot-programming-project/src/simple_robot/install/simple_robot/share/ament_index/resource_index/package_run_dependencies/simple_robot\n'}
[483.858034] (simple_robot) StdoutLine: {'line': b'-- Up-to-date: /home/martina/rp_project/robot-programming-project/src/simple_robot/install/simple_robot/share/ament_index/resource_index/parent_prefix_path/simple_robot\n'}
[483.861373] (simple_robot) StdoutLine: {'line': b'-- Up-to-date: /home/martina/rp_project/robot-programming-project/src/simple_robot/install/simple_robot/share/simple_robot/environment/ament_prefix_path.sh\n'}
[483.862188] (simple_robot) StdoutLine: {'line': b'-- Installing: /home/martina/rp_project/robot-programming-project/src/simple_robot/install/simple_robot/share/simple_robot/environment/ament_prefix_path.dsv\n'}
[483.862767] (simple_robot) StdoutLine: {'line': b'-- Up-to-date: /home/martina/rp_project/robot-programming-project/src/simple_robot/install/simple_robot/share/simple_robot/environment/path.sh\n'}
[483.864240] (simple_robot) StdoutLine: {'line': b'-- Installing: /home/martina/rp_project/robot-programming-project/src/simple_robot/install/simple_robot/share/simple_robot/environment/path.dsv\n'}
[483.865012] (simple_robot) StdoutLine: {'line': b'-- Up-to-date: /home/martina/rp_project/robot-programming-project/src/simple_robot/install/simple_robot/share/simple_robot/local_setup.bash\n'}
[483.865617] (simple_robot) StdoutLine: {'line': b'-- Up-to-date: /home/martina/rp_project/robot-programming-project/src/simple_robot/install/simple_robot/share/simple_robot/local_setup.sh\n'}
[483.866156] (simple_robot) StdoutLine: {'line': b'-- Up-to-date: /home/martina/rp_project/robot-programming-project/src/simple_robot/install/simple_robot/share/simple_robot/local_setup.zsh\n'}
[483.866600] (simple_robot) StdoutLine: {'line': b'-- Installing: /home/martina/rp_project/robot-programming-project/src/simple_robot/install/simple_robot/share/simple_robot/local_setup.dsv\n'}
[483.868938] (simple_robot) StdoutLine: {'line': b'-- Installing: /home/martina/rp_project/robot-programming-project/src/simple_robot/install/simple_robot/share/simple_robot/package.dsv\n'}
[483.870518] (simple_robot) StdoutLine: {'line': b'-- Up-to-date: /home/martina/rp_project/robot-programming-project/src/simple_robot/install/simple_robot/share/ament_index/resource_index/packages/simple_robot\n'}
[483.871685] (simple_robot) StdoutLine: {'line': b'-- Up-to-date: /home/martina/rp_project/robot-programming-project/src/simple_robot/install/simple_robot/share/simple_robot/cmake/simple_robotConfig.cmake\n'}
[483.879217] (simple_robot) StdoutLine: {'line': b'-- Up-to-date: /home/martina/rp_project/robot-programming-project/src/simple_robot/install/simple_robot/share/simple_robot/cmake/simple_robotConfig-version.cmake\n'}
[483.880523] (simple_robot) StdoutLine: {'line': b'-- Up-to-date: /home/martina/rp_project/robot-programming-project/src/simple_robot/install/simple_robot/share/simple_robot/package.xml\n'}
[483.884483] (-) TimerEvent: {}
[483.885089] (simple_robot) CommandEnded: {'returncode': 0}
[483.989305] (-) TimerEvent: {}
[484.069909] (simple_robot) JobEnded: {'identifier': 'simple_robot', 'rc': 0}
[484.081926] (-) EventReactorShutdown: {}
