[0.000000] (-) TimerEvent: {}
[0.003155] (simple_robot) JobQueued: {'identifier': 'simple_robot', 'dependencies': OrderedDict()}
[0.007161] (simple_robot) JobStarted: {'identifier': 'simple_robot'}
[0.099622] (-) TimerEvent: {}
[0.140239] (simple_robot) JobProgress: {'identifier': 'simple_robot', 'progress': 'cmake'}
[0.141170] (simple_robot) Command: {'cmd': ['/usr/bin/cmake', '/home/martina/rp_project/robot-programming-project/src/simple_robot', '-DCMAKE_INSTALL_PREFIX=/home/martina/rp_project/robot-programming-project/src/simple_robot/install/simple_robot'], 'cwd': '/home/martina/rp_project/robot-programming-project/src/simple_robot/build/simple_robot', 'env': OrderedDict([('GJS_DEBUG_TOPICS', 'JS ERROR;JS LOG'), ('LESSOPEN', '| /usr/bin/env /usr/bin/lesspipe %s 2>/dev/null'), ('CONDA_PROMPT_MODIFIER', '(base)'), ('LC_TIME', 'it_IT.UTF-8'), ('USER', 'martina'), ('XDG_SESSION_TYPE', 'wayland'), ('GIT_ASKPASS', '/usr/share/code/resources/app/extensions/git/dist/askpass.sh'), ('SHLVL', '2'), ('LD_LIBRARY_PATH', '/opt/ros/humble/opt/rviz_ogre_vendor/lib:/opt/ros/humble/lib/x86_64-linux-gnu:/opt/ros/humble/lib::/home/martina/.mujoco/mujoco210/bin:/usr/lib/nvidia:~/anaconda3/lib'), ('HOME', '/home/martina'), ('OLDPWD', '/home/martina/rp_project/robot-programming-project/src/simple_robot'), ('CHROME_DESKTOP', 'code.desktop'), ('TERMINFO', '/home/martina/.terminfo'), ('LESS', '-iRFXMx4'), ('CONDA_SHLVL', '1'), ('DESKTOP_SESSION', 'ubuntu'), ('TERM_PROGRAM_VERSION', '1.97.2'), ('GIO_LAUNCHED_DESKTOP_FILE', '/usr/share/applications/code.desktop'), ('LSCOLORS', 'ExGxDxDxCxDxDxFxFxexEx'), ('GTK_MODULES', 'gail:atk-bridge'), ('GNOME_SHELL_SESSION_MODE', 'ubuntu'), ('VSCODE_GIT_ASKPASS_MAIN', '/usr/share/code/resources/app/extensions/git/dist/askpass-main.js'), ('PAGER', 'less'), ('ROS_PYTHON_VERSION', '3'), ('LC_MONETARY', 'it_IT.UTF-8'), ('MANAGERPID', '935'), ('VSCODE_GIT_ASKPASS_NODE', '/usr/share/code/code'), ('SYSTEMD_EXEC_PID', '1150'), ('DBUS_SESSION_BUS_ADDRESS', 'unix:path=/run/user/1000/bus'), ('P9K_TTY', 'old'), ('GIO_LAUNCHED_DESKTOP_FILE_PID', '3888'), ('COLORTERM', 'truecolor'), ('_CE_M', ''), ('WAYLAND_DISPLAY', 'wayland-0'), ('INFOPATH', ''), ('ROS_DISTRO', 'humble'), ('COLCON_PREFIX_PATH', '/home/martina/rp_project/robot-programming-project/install'), ('LOGNAME', 'martina'), ('_', '/usr/bin/colcon'), ('JOURNAL_STREAM', '8:10888'), ('_P9K_SSH_TTY', '/dev/pts/0'), ('XDG_SESSION_CLASS', 'user'), ('USER_ZDOTDIR', '/home/martina'), ('ROS_VERSION', '2'), ('USERNAME', 'martina'), ('TERM', 'xterm-256color'), ('GNOME_DESKTOP_SESSION_ID', 'this-is-deprecated'), ('_CE_CONDA', ''), ('ROS_LOCALHOST_ONLY', '0'), ('PATH', '/opt/ros/humble/bin:/home/martina/.local/bin:/home/martina/.local/bin:/usr/lib/ccache:.:/home/martina/.mujoco/mujoco210/bin:/usr/lib/nvidia:/home/martina/anaconda3/condabin:/home/martina/bin:/home/martina/.local/bin:/usr/local/sbin:/usr/local/bin:/usr/sbin:/usr/bin:/sbin:/bin:/usr/games:/usr/local/games:/snap/bin:/home/martina/.cache/zsh4humans/v5/fzf/bin:/home/martina/other/install/bin'), ('SESSION_MANAGER', 'local/Martina-ThinkPad-X1-Yoga:@/tmp/.ICE-unix/1101,unix/Martina-ThinkPad-X1-Yoga:/tmp/.ICE-unix/1101'), ('INVOCATION_ID', '1c6ef4f92b04498681378ae68fe5b9c7'), ('LC_ADDRESS', 'it_IT.UTF-8'), ('XDG_RUNTIME_DIR', '/run/user/1000'), ('XDG_MENU_PREFIX', 'gnome-'), ('GNOME_SETUP_DISPLAY', ':1'), ('GDK_BACKEND', 'x11'), ('DISPLAY', ':0'), ('LANG', 'en_US.UTF-8'), ('LC_TELEPHONE', 'it_IT.UTF-8'), ('XDG_CURRENT_DESKTOP', 'Unity'), ('VSCODE_INJECTION', '1'), ('LD_PRELOAD', ':/usr/lib/x86_64-linux-gnu/libGLEW.so'), ('XDG_SESSION_DESKTOP', 'ubuntu'), ('XMODIFIERS', '@im=ibus'), ('XAUTHORITY', '/run/user/1000/.mutter-Xwaylandauth.HIED22'), ('TERM_PROGRAM', 'vscode'), ('VSCODE_GIT_IPC_HANDLE', '/run/user/1000/vscode-git-f640f2b3f6.sock'), ('LS_COLORS', 'fi=00:mi=00:mh=00:ln=01;36:or=01;31:di=01;34:ow=04;01;34:st=34:tw=04;34:pi=01;33:so=01;33:do=01;33:bd=01;33:cd=01;33:su=01;35:sg=01;35:ca=01;35:ex=01;32:no=38;5;248'), ('TREE_COLORS', 'fi=00:mi=00:mh=00:ln=01;36:or=01;31:di=01;34:ow=01;34:st=34:tw=34:pi=01;33:so=01;33:do=01;33:bd=01;33:cd=01;33:su=01;35:sg=01;35:ca=01;35:ex=01;32'), ('SSH_AGENT_LAUNCHER', 'gnome-keyring'), ('SSH_AUTH_SOCK', '/run/user/1000/keyring/ssh'), ('ORIGINAL_XDG_CURRENT_DESKTOP', 'ubuntu:GNOME'), ('CONDA_PYTHON_EXE', '/home/martina/anaconda3/bin/python'), ('AMENT_PREFIX_PATH', '/home/martina/rp_project/robot-programming-project/install/simple_robot:/opt/ros/humble'), ('LC_NAME', 'it_IT.UTF-8'), ('SHELL', '/usr/local/bin/zsh'), ('DEST', '/home/martina/other/install'), ('QT_ACCESSIBILITY', '1'), ('GDMSESSION', 'ubuntu'), ('CONDA_DEFAULT_ENV', 'base'), ('LC_MEASUREMENT', 'it_IT.UTF-8'), ('LC_IDENTIFICATION', 'it_IT.UTF-8'), ('GJS_DEBUG_OUTPUT', 'stderr'), ('P9K_SSH', '0'), ('QT_IM_MODULE', 'ibus'), ('VSCODE_GIT_ASKPASS_EXTRA_ARGS', ''), ('VSCODE_NONCE', '54dcb112-afcc-4c20-b10a-51290a02c083'), ('LC_ALL', 'en_US.UTF-8'), ('PWD', '/home/martina/rp_project/robot-programming-project/src/simple_robot/build/simple_robot'), ('GPG_TTY', '/dev/pts/0'), ('XDG_DATA_DIRS', '/usr/local/share/:/usr/share/:/var/lib/snapd/desktop'), ('ZDOTDIR', '/home/martina'), ('_P9K_TTY', '/dev/pts/0'), ('CONDA_EXE', '/home/martina/anaconda3/bin/conda'), ('LC_NUMERIC', 'it_IT.UTF-8'), ('PYTHONPATH', '/opt/ros/humble/lib/python3.10/site-packages:/opt/ros/humble/local/lib/python3.10/dist-packages:/home/martina/other/install/lib/python3.10/site-packages/'), ('LC_PAPER', 'it_IT.UTF-8'), ('CONDA_PREFIX', '/home/martina/anaconda3'), ('COLCON', '1'), ('MANPATH', '/usr/local/share/man:/home/martina/.cache/zsh4humans/v5/fzf/man:'), ('CMAKE_PREFIX_PATH', '/home/martina/rp_project/robot-programming-project/install/simple_robot:/opt/ros/humble')]), 'shell': False}
[0.203913] (-) TimerEvent: {}
[0.304930] (-) TimerEvent: {}
[0.405976] (-) TimerEvent: {}
[0.513239] (-) TimerEvent: {}
[0.616254] (-) TimerEvent: {}
[0.719914] (-) TimerEvent: {}
[0.821316] (-) TimerEvent: {}
[0.922208] (-) TimerEvent: {}
[0.964229] (simple_robot) StdoutLine: {'line': b'-- The C compiler identification is GNU 11.4.0\n'}
[1.023861] (-) TimerEvent: {}
[1.124731] (-) TimerEvent: {}
[1.229012] (-) TimerEvent: {}
[1.331847] (-) TimerEvent: {}
[1.440815] (-) TimerEvent: {}
[1.551363] (-) TimerEvent: {}
[1.652353] (-) TimerEvent: {}
[1.760757] (-) TimerEvent: {}
[1.861963] (-) TimerEvent: {}
[1.966152] (-) TimerEvent: {}
[2.053828] (simple_robot) StdoutLine: {'line': b'-- The CXX compiler identification is GNU 11.4.0\n'}
[2.066370] (-) TimerEvent: {}
[2.169437] (-) TimerEvent: {}
[2.276808] (-) TimerEvent: {}
[2.353754] (simple_robot) StdoutLine: {'line': b'-- Detecting C compiler ABI info\n'}
[2.380971] (-) TimerEvent: {}
[2.481962] (-) TimerEvent: {}
[2.595038] (-) TimerEvent: {}
[2.702105] (-) TimerEvent: {}
[2.803382] (-) TimerEvent: {}
[2.906528] (-) TimerEvent: {}
[3.021885] (-) TimerEvent: {}
[3.126851] (-) TimerEvent: {}
[3.230095] (-) TimerEvent: {}
[3.331285] (-) TimerEvent: {}
[3.441068] (-) TimerEvent: {}
[3.542239] (-) TimerEvent: {}
[3.648345] (-) TimerEvent: {}
[3.749414] (-) TimerEvent: {}
[3.849871] (simple_robot) StdoutLine: {'line': b'-- Detecting C compiler ABI info - done\n'}
[3.852150] (-) TimerEvent: {}
[3.955090] (-) TimerEvent: {}
[3.989543] (simple_robot) StdoutLine: {'line': b'-- Check for working C compiler: /usr/lib/ccache/cc - skipped\n'}
[3.998702] (simple_robot) StdoutLine: {'line': b'-- Detecting C compile features\n'}
[4.003106] (simple_robot) StdoutLine: {'line': b'-- Detecting C compile features - done\n'}
[4.055865] (-) TimerEvent: {}
[4.082374] (simple_robot) StdoutLine: {'line': b'-- Detecting CXX compiler ABI info\n'}
[4.162170] (-) TimerEvent: {}
[4.264829] (-) TimerEvent: {}
[4.367850] (-) TimerEvent: {}
[4.469024] (-) TimerEvent: {}
[4.571871] (-) TimerEvent: {}
[4.676167] (-) TimerEvent: {}
[4.779335] (-) TimerEvent: {}
[4.881312] (-) TimerEvent: {}
[4.984850] (-) TimerEvent: {}
[5.086869] (-) TimerEvent: {}
[5.102824] (simple_robot) StdoutLine: {'line': b'-- Detecting CXX compiler ABI info - done\n'}
[5.187070] (-) TimerEvent: {}
[5.243212] (simple_robot) StdoutLine: {'line': b'-- Check for working CXX compiler: /usr/lib/ccache/c++ - skipped\n'}
[5.251845] (simple_robot) StdoutLine: {'line': b'-- Detecting CXX compile features\n'}
[5.260352] (simple_robot) StdoutLine: {'line': b'-- Detecting CXX compile features - done\n'}
[5.291054] (-) TimerEvent: {}
[5.359343] (simple_robot) StdoutLine: {'line': b'-- Found OpenCV: /usr (found suitable version "4.5.4", minimum required is "4.5.4") \n'}
[5.374831] (simple_robot) StdoutLine: {'line': b'-- Found ament_cmake: 1.3.11 (/opt/ros/humble/share/ament_cmake/cmake)\n'}
[5.393843] (-) TimerEvent: {}
[5.496011] (-) TimerEvent: {}
[5.600877] (-) TimerEvent: {}
[5.701783] (-) TimerEvent: {}
[5.807845] (-) TimerEvent: {}
[5.908848] (-) TimerEvent: {}
[6.013872] (-) TimerEvent: {}
[6.119814] (-) TimerEvent: {}
[6.220793] (-) TimerEvent: {}
[6.321836] (-) TimerEvent: {}
[6.425100] (-) TimerEvent: {}
[6.526079] (-) TimerEvent: {}
[6.629286] (-) TimerEvent: {}
[6.738106] (-) TimerEvent: {}
[6.761831] (simple_robot) StdoutLine: {'line': b'-- Found Python3: /usr/bin/python3 (found version "3.10.12") found components: Interpreter \n'}
[6.838738] (-) TimerEvent: {}
[6.944012] (-) TimerEvent: {}
[7.048699] (-) TimerEvent: {}
[7.149702] (-) TimerEvent: {}
[7.255743] (-) TimerEvent: {}
[7.370743] (-) TimerEvent: {}
[7.472840] (-) TimerEvent: {}
[7.516717] (simple_robot) StdoutLine: {'line': b'-- Found rclcpp: 16.0.11 (/opt/ros/humble/share/rclcpp/cmake)\n'}
[7.574400] (-) TimerEvent: {}
[7.675879] (-) TimerEvent: {}
[7.779220] (-) TimerEvent: {}
[7.844473] (simple_robot) StdoutLine: {'line': b'-- Found rosidl_generator_c: 3.1.6 (/opt/ros/humble/share/rosidl_generator_c/cmake)\n'}
[7.879382] (-) TimerEvent: {}
[7.884172] (simple_robot) StdoutLine: {'line': b'-- Found rosidl_adapter: 3.1.6 (/opt/ros/humble/share/rosidl_adapter/cmake)\n'}
[7.954121] (simple_robot) StdoutLine: {'line': b'-- Found rosidl_generator_cpp: 3.1.6 (/opt/ros/humble/share/rosidl_generator_cpp/cmake)\n'}
[7.984473] (-) TimerEvent: {}
[8.064646] (simple_robot) StdoutLine: {'line': b'-- Using all available rosidl_typesupport_c: rosidl_typesupport_fastrtps_c;rosidl_typesupport_introspection_c\n'}
[8.086124] (-) TimerEvent: {}
[8.189835] (-) TimerEvent: {}
[8.210981] (simple_robot) StdoutLine: {'line': b'-- Using all available rosidl_typesupport_cpp: rosidl_typesupport_fastrtps_cpp;rosidl_typesupport_introspection_cpp\n'}
[8.290827] (-) TimerEvent: {}
[8.394833] (-) TimerEvent: {}
[8.495828] (-) TimerEvent: {}
[8.566690] (simple_robot) StdoutLine: {'line': b'-- Found rmw_implementation_cmake: 6.1.2 (/opt/ros/humble/share/rmw_implementation_cmake/cmake)\n'}
[8.583593] (simple_robot) StdoutLine: {'line': b'-- Found rmw_fastrtps_cpp: 6.2.7 (/opt/ros/humble/share/rmw_fastrtps_cpp/cmake)\n'}
[8.597795] (-) TimerEvent: {}
[8.698649] (-) TimerEvent: {}
[8.801623] (-) TimerEvent: {}
[8.905950] (-) TimerEvent: {}
[9.015337] (-) TimerEvent: {}
[9.120077] (-) TimerEvent: {}
[9.225864] (-) TimerEvent: {}
[9.331866] (-) TimerEvent: {}
[9.434056] (-) TimerEvent: {}
[9.539814] (-) TimerEvent: {}
[9.647970] (-) TimerEvent: {}
[9.751237] (-) TimerEvent: {}
[9.856824] (-) TimerEvent: {}
[9.960029] (-) TimerEvent: {}
[10.063354] (-) TimerEvent: {}
[10.167419] (-) TimerEvent: {}
[10.271863] (-) TimerEvent: {}
[10.377868] (-) TimerEvent: {}
[10.481779] (-) TimerEvent: {}
[10.564356] (simple_robot) StdoutLine: {'line': b'-- Found OpenSSL: /usr/lib/x86_64-linux-gnu/libcrypto.so (found version "3.0.2")  \n'}
[10.587839] (-) TimerEvent: {}
[10.688898] (-) TimerEvent: {}
[10.794306] (-) TimerEvent: {}
[10.900084] (-) TimerEvent: {}
[11.005172] (-) TimerEvent: {}
[11.108954] (-) TimerEvent: {}
[11.124512] (simple_robot) StdoutLine: {'line': b'-- Found FastRTPS: /opt/ros/humble/include  \n'}
[11.209043] (-) TimerEvent: {}
[11.310836] (-) TimerEvent: {}
[11.411788] (-) TimerEvent: {}
[11.489910] (simple_robot) StdoutLine: {'line': b"-- Using RMW implementation 'rmw_fastrtps_cpp' as default\n"}
[11.512005] (-) TimerEvent: {}
[11.559057] (simple_robot) StdoutLine: {'line': b'-- Looking for pthread.h\n'}
[11.612205] (-) TimerEvent: {}
[11.715308] (-) TimerEvent: {}
[11.819136] (-) TimerEvent: {}
[11.923070] (-) TimerEvent: {}
[12.025251] (-) TimerEvent: {}
[12.131099] (-) TimerEvent: {}
[12.188747] (simple_robot) StdoutLine: {'line': b'-- Looking for pthread.h - found\n'}
[12.193923] (simple_robot) StdoutLine: {'line': b'-- Performing Test CMAKE_HAVE_LIBC_PTHREAD\n'}
[12.233319] (-) TimerEvent: {}
[12.339982] (-) TimerEvent: {}
[12.440989] (-) TimerEvent: {}
[12.546874] (-) TimerEvent: {}
[12.649904] (-) TimerEvent: {}
[12.754941] (-) TimerEvent: {}
[12.856853] (-) TimerEvent: {}
[12.958535] (-) TimerEvent: {}
[13.057988] (simple_robot) StdoutLine: {'line': b'-- Performing Test CMAKE_HAVE_LIBC_PTHREAD - Success\n'}
[13.059271] (-) TimerEvent: {}
[13.091828] (simple_robot) StdoutLine: {'line': b'-- Found Threads: TRUE  \n'}
[13.167065] (-) TimerEvent: {}
[13.268476] (-) TimerEvent: {}
[13.377851] (-) TimerEvent: {}
[13.478810] (-) TimerEvent: {}
[13.580119] (-) TimerEvent: {}
[13.682734] (-) TimerEvent: {}
[13.784907] (-) TimerEvent: {}
[13.810125] (simple_robot) StdoutLine: {'line': b'-- Found geometry_msgs: 4.2.4 (/opt/ros/humble/share/geometry_msgs/cmake)\n'}
[13.885130] (-) TimerEvent: {}
[13.965479] (simple_robot) StdoutLine: {'line': b'-- Found sensor_msgs: 4.2.4 (/opt/ros/humble/share/sensor_msgs/cmake)\n'}
[13.985356] (-) TimerEvent: {}
[14.089908] (-) TimerEvent: {}
[14.164825] (simple_robot) StdoutLine: {'line': b'-- Found nav_msgs: 4.2.4 (/opt/ros/humble/share/nav_msgs/cmake)\n'}
[14.191833] (-) TimerEvent: {}
[14.292736] (-) TimerEvent: {}
[14.389836] (simple_robot) StdoutLine: {'line': b'-- Found OpenCV: /usr (found version "4.5.4") \n'}
[14.397823] (-) TimerEvent: {}
[14.499818] (-) TimerEvent: {}
[14.600808] (-) TimerEvent: {}
[14.705852] (-) TimerEvent: {}
[14.806819] (-) TimerEvent: {}
[14.910184] (-) TimerEvent: {}
[15.012208] (-) TimerEvent: {}
[15.098789] (simple_robot) StdoutLine: {'line': b'-- DATA_DIR: /home/martina/rp_project/robot-programming-project/src/simple_robot/data\n'}
[15.103047] (simple_robot) StdoutLine: {'line': b'-- Configuring done\n'}
[15.117827] (-) TimerEvent: {}
[15.218895] (-) TimerEvent: {}
[15.323846] (-) TimerEvent: {}
[15.410983] (simple_robot) StdoutLine: {'line': b'-- Generating done\n'}
[15.427814] (-) TimerEvent: {}
[15.528614] (-) TimerEvent: {}
[15.558412] (simple_robot) StdoutLine: {'line': b'-- Build files have been written to: /home/martina/rp_project/robot-programming-project/src/simple_robot/build/simple_robot\n'}
[15.628858] (-) TimerEvent: {}
[15.739836] (-) TimerEvent: {}
[15.820010] (simple_robot) CommandEnded: {'returncode': 0}
[15.844321] (-) TimerEvent: {}
[15.844974] (simple_robot) JobProgress: {'identifier': 'simple_robot', 'progress': 'build'}
[15.865937] (simple_robot) Command: {'cmd': ['/usr/bin/cmake', '--build', '/home/martina/rp_project/robot-programming-project/src/simple_robot/build/simple_robot', '--', '-j4', '-l4'], 'cwd': '/home/martina/rp_project/robot-programming-project/src/simple_robot/build/simple_robot', 'env': OrderedDict([('GJS_DEBUG_TOPICS', 'JS ERROR;JS LOG'), ('LESSOPEN', '| /usr/bin/env /usr/bin/lesspipe %s 2>/dev/null'), ('CONDA_PROMPT_MODIFIER', '(base)'), ('LC_TIME', 'it_IT.UTF-8'), ('USER', 'martina'), ('XDG_SESSION_TYPE', 'wayland'), ('GIT_ASKPASS', '/usr/share/code/resources/app/extensions/git/dist/askpass.sh'), ('SHLVL', '2'), ('LD_LIBRARY_PATH', '/opt/ros/humble/opt/rviz_ogre_vendor/lib:/opt/ros/humble/lib/x86_64-linux-gnu:/opt/ros/humble/lib::/home/martina/.mujoco/mujoco210/bin:/usr/lib/nvidia:~/anaconda3/lib'), ('HOME', '/home/martina'), ('OLDPWD', '/home/martina/rp_project/robot-programming-project/src/simple_robot'), ('CHROME_DESKTOP', 'code.desktop'), ('TERMINFO', '/home/martina/.terminfo'), ('LESS', '-iRFXMx4'), ('CONDA_SHLVL', '1'), ('DESKTOP_SESSION', 'ubuntu'), ('TERM_PROGRAM_VERSION', '1.97.2'), ('GIO_LAUNCHED_DESKTOP_FILE', '/usr/share/applications/code.desktop'), ('LSCOLORS', 'ExGxDxDxCxDxDxFxFxexEx'), ('GTK_MODULES', 'gail:atk-bridge'), ('GNOME_SHELL_SESSION_MODE', 'ubuntu'), ('VSCODE_GIT_ASKPASS_MAIN', '/usr/share/code/resources/app/extensions/git/dist/askpass-main.js'), ('PAGER', 'less'), ('ROS_PYTHON_VERSION', '3'), ('LC_MONETARY', 'it_IT.UTF-8'), ('MANAGERPID', '935'), ('VSCODE_GIT_ASKPASS_NODE', '/usr/share/code/code'), ('SYSTEMD_EXEC_PID', '1150'), ('DBUS_SESSION_BUS_ADDRESS', 'unix:path=/run/user/1000/bus'), ('P9K_TTY', 'old'), ('GIO_LAUNCHED_DESKTOP_FILE_PID', '3888'), ('COLORTERM', 'truecolor'), ('_CE_M', ''), ('WAYLAND_DISPLAY', 'wayland-0'), ('INFOPATH', ''), ('ROS_DISTRO', 'humble'), ('COLCON_PREFIX_PATH', '/home/martina/rp_project/robot-programming-project/install'), ('LOGNAME', 'martina'), ('_', '/usr/bin/colcon'), ('JOURNAL_STREAM', '8:10888'), ('_P9K_SSH_TTY', '/dev/pts/0'), ('XDG_SESSION_CLASS', 'user'), ('USER_ZDOTDIR', '/home/martina'), ('ROS_VERSION', '2'), ('USERNAME', 'martina'), ('TERM', 'xterm-256color'), ('GNOME_DESKTOP_SESSION_ID', 'this-is-deprecated'), ('_CE_CONDA', ''), ('ROS_LOCALHOST_ONLY', '0'), ('PATH', '/opt/ros/humble/bin:/home/martina/.local/bin:/home/martina/.local/bin:/usr/lib/ccache:.:/home/martina/.mujoco/mujoco210/bin:/usr/lib/nvidia:/home/martina/anaconda3/condabin:/home/martina/bin:/home/martina/.local/bin:/usr/local/sbin:/usr/local/bin:/usr/sbin:/usr/bin:/sbin:/bin:/usr/games:/usr/local/games:/snap/bin:/home/martina/.cache/zsh4humans/v5/fzf/bin:/home/martina/other/install/bin'), ('SESSION_MANAGER', 'local/Martina-ThinkPad-X1-Yoga:@/tmp/.ICE-unix/1101,unix/Martina-ThinkPad-X1-Yoga:/tmp/.ICE-unix/1101'), ('INVOCATION_ID', '1c6ef4f92b04498681378ae68fe5b9c7'), ('LC_ADDRESS', 'it_IT.UTF-8'), ('XDG_RUNTIME_DIR', '/run/user/1000'), ('XDG_MENU_PREFIX', 'gnome-'), ('GNOME_SETUP_DISPLAY', ':1'), ('GDK_BACKEND', 'x11'), ('DISPLAY', ':0'), ('LANG', 'en_US.UTF-8'), ('LC_TELEPHONE', 'it_IT.UTF-8'), ('XDG_CURRENT_DESKTOP', 'Unity'), ('VSCODE_INJECTION', '1'), ('LD_PRELOAD', ':/usr/lib/x86_64-linux-gnu/libGLEW.so'), ('XDG_SESSION_DESKTOP', 'ubuntu'), ('XMODIFIERS', '@im=ibus'), ('XAUTHORITY', '/run/user/1000/.mutter-Xwaylandauth.HIED22'), ('TERM_PROGRAM', 'vscode'), ('VSCODE_GIT_IPC_HANDLE', '/run/user/1000/vscode-git-f640f2b3f6.sock'), ('LS_COLORS', 'fi=00:mi=00:mh=00:ln=01;36:or=01;31:di=01;34:ow=04;01;34:st=34:tw=04;34:pi=01;33:so=01;33:do=01;33:bd=01;33:cd=01;33:su=01;35:sg=01;35:ca=01;35:ex=01;32:no=38;5;248'), ('TREE_COLORS', 'fi=00:mi=00:mh=00:ln=01;36:or=01;31:di=01;34:ow=01;34:st=34:tw=34:pi=01;33:so=01;33:do=01;33:bd=01;33:cd=01;33:su=01;35:sg=01;35:ca=01;35:ex=01;32'), ('SSH_AGENT_LAUNCHER', 'gnome-keyring'), ('SSH_AUTH_SOCK', '/run/user/1000/keyring/ssh'), ('ORIGINAL_XDG_CURRENT_DESKTOP', 'ubuntu:GNOME'), ('CONDA_PYTHON_EXE', '/home/martina/anaconda3/bin/python'), ('AMENT_PREFIX_PATH', '/home/martina/rp_project/robot-programming-project/install/simple_robot:/opt/ros/humble'), ('LC_NAME', 'it_IT.UTF-8'), ('SHELL', '/usr/local/bin/zsh'), ('DEST', '/home/martina/other/install'), ('QT_ACCESSIBILITY', '1'), ('GDMSESSION', 'ubuntu'), ('CONDA_DEFAULT_ENV', 'base'), ('LC_MEASUREMENT', 'it_IT.UTF-8'), ('LC_IDENTIFICATION', 'it_IT.UTF-8'), ('GJS_DEBUG_OUTPUT', 'stderr'), ('P9K_SSH', '0'), ('QT_IM_MODULE', 'ibus'), ('VSCODE_GIT_ASKPASS_EXTRA_ARGS', ''), ('VSCODE_NONCE', '54dcb112-afcc-4c20-b10a-51290a02c083'), ('LC_ALL', 'en_US.UTF-8'), ('PWD', '/home/martina/rp_project/robot-programming-project/src/simple_robot/build/simple_robot'), ('GPG_TTY', '/dev/pts/0'), ('XDG_DATA_DIRS', '/usr/local/share/:/usr/share/:/var/lib/snapd/desktop'), ('ZDOTDIR', '/home/martina'), ('_P9K_TTY', '/dev/pts/0'), ('CONDA_EXE', '/home/martina/anaconda3/bin/conda'), ('LC_NUMERIC', 'it_IT.UTF-8'), ('PYTHONPATH', '/opt/ros/humble/lib/python3.10/site-packages:/opt/ros/humble/local/lib/python3.10/dist-packages:/home/martina/other/install/lib/python3.10/site-packages/'), ('LC_PAPER', 'it_IT.UTF-8'), ('CONDA_PREFIX', '/home/martina/anaconda3'), ('COLCON', '1'), ('MANPATH', '/usr/local/share/man:/home/martina/.cache/zsh4humans/v5/fzf/man:'), ('CMAKE_PREFIX_PATH', '/home/martina/rp_project/robot-programming-project/install/simple_robot:/opt/ros/humble')]), 'shell': False}
[15.947828] (-) TimerEvent: {}
[16.060045] (-) TimerEvent: {}
[16.166429] (-) TimerEvent: {}
[16.271056] (-) TimerEvent: {}
[16.378927] (-) TimerEvent: {}
[16.484825] (-) TimerEvent: {}
[16.586893] (-) TimerEvent: {}
[16.687843] (-) TimerEvent: {}
[16.792108] (-) TimerEvent: {}
[16.897033] (-) TimerEvent: {}
[16.905969] (simple_robot) StdoutLine: {'line': b'\x1b[35m\x1b[1mConsolidate compiler generated dependencies of target robot_map_node\x1b[0m\n'}
[16.997440] (-) TimerEvent: {}
[17.100826] (-) TimerEvent: {}
[17.201812] (-) TimerEvent: {}
[17.244887] (simple_robot) StdoutLine: {'line': b'[  8%] \x1b[32mBuilding CXX object CMakeFiles/robot_map_node.dir/src/grid_map.cpp.o\x1b[0m\n'}
[17.302058] (-) TimerEvent: {}
[17.404867] (-) TimerEvent: {}
[17.507645] (-) TimerEvent: {}
[17.612644] (-) TimerEvent: {}
[17.714619] (-) TimerEvent: {}
[17.817566] (-) TimerEvent: {}
[17.921806] (-) TimerEvent: {}
[18.023787] (-) TimerEvent: {}
[18.127843] (-) TimerEvent: {}
[18.234845] (-) TimerEvent: {}
[18.335824] (-) TimerEvent: {}
[18.439824] (-) TimerEvent: {}
[18.542834] (-) TimerEvent: {}
[18.643829] (-) TimerEvent: {}
[18.749070] (-) TimerEvent: {}
[18.852104] (-) TimerEvent: {}
[18.957833] (-) TimerEvent: {}
[19.066837] (-) TimerEvent: {}
[19.168397] (-) TimerEvent: {}
[19.275990] (-) TimerEvent: {}
[19.378939] (-) TimerEvent: {}
[19.486906] (-) TimerEvent: {}
[19.589749] (-) TimerEvent: {}
[19.696822] (-) TimerEvent: {}
[19.798230] (-) TimerEvent: {}
[19.899302] (-) TimerEvent: {}
[20.001851] (-) TimerEvent: {}
[20.102895] (-) TimerEvent: {}
[20.205869] (-) TimerEvent: {}
[20.309817] (-) TimerEvent: {}
[20.410682] (-) TimerEvent: {}
[20.511534] (-) TimerEvent: {}
[20.614842] (-) TimerEvent: {}
[20.716876] (-) TimerEvent: {}
[20.817840] (-) TimerEvent: {}
[20.923990] (-) TimerEvent: {}
[21.028550] (-) TimerEvent: {}
[21.129860] (-) TimerEvent: {}
[21.231028] (-) TimerEvent: {}
[21.333883] (-) TimerEvent: {}
[21.436799] (-) TimerEvent: {}
[21.537811] (-) TimerEvent: {}
[21.638808] (-) TimerEvent: {}
[21.741103] (-) TimerEvent: {}
[21.843516] (-) TimerEvent: {}
[21.948169] (-) TimerEvent: {}
[22.049191] (-) TimerEvent: {}
[22.151815] (-) TimerEvent: {}
[22.252786] (-) TimerEvent: {}
[22.359446] (-) TimerEvent: {}
[22.460235] (-) TimerEvent: {}
[22.561029] (-) TimerEvent: {}
[22.662305] (-) TimerEvent: {}
[22.763711] (-) TimerEvent: {}
[22.864942] (-) TimerEvent: {}
[22.965926] (-) TimerEvent: {}
[23.067769] (-) TimerEvent: {}
[23.171533] (-) TimerEvent: {}
[23.275019] (-) TimerEvent: {}
[23.375826] (-) TimerEvent: {}
[23.477534] (-) TimerEvent: {}
[23.580899] (-) TimerEvent: {}
[23.682180] (-) TimerEvent: {}
[23.784421] (-) TimerEvent: {}
[23.888288] (-) TimerEvent: {}
[23.991033] (-) TimerEvent: {}
[24.091821] (-) TimerEvent: {}
[24.192715] (-) TimerEvent: {}
[24.296372] (-) TimerEvent: {}
[24.398742] (-) TimerEvent: {}
[24.501815] (-) TimerEvent: {}
[24.602755] (-) TimerEvent: {}
[24.706445] (-) TimerEvent: {}
[24.807994] (-) TimerEvent: {}
[24.912628] (-) TimerEvent: {}
[25.023829] (-) TimerEvent: {}
[25.124867] (-) TimerEvent: {}
[25.226912] (-) TimerEvent: {}
[25.329266] (-) TimerEvent: {}
[25.430638] (-) TimerEvent: {}
[25.534159] (-) TimerEvent: {}
[25.640176] (-) TimerEvent: {}
[25.741218] (-) TimerEvent: {}
[25.842213] (-) TimerEvent: {}
[25.943095] (-) TimerEvent: {}
[26.044040] (-) TimerEvent: {}
[26.145621] (-) TimerEvent: {}
[26.248417] (-) TimerEvent: {}
[26.351183] (-) TimerEvent: {}
[26.452070] (-) TimerEvent: {}
[26.552829] (-) TimerEvent: {}
[26.654276] (-) TimerEvent: {}
[26.755512] (-) TimerEvent: {}
[26.856816] (-) TimerEvent: {}
[26.957695] (-) TimerEvent: {}
[27.060859] (-) TimerEvent: {}
[27.161967] (-) TimerEvent: {}
[27.265390] (-) TimerEvent: {}
[27.369807] (-) TimerEvent: {}
[27.474167] (-) TimerEvent: {}
[27.577982] (-) TimerEvent: {}
[27.679602] (-) TimerEvent: {}
[27.780575] (-) TimerEvent: {}
[27.884730] (-) TimerEvent: {}
[27.985788] (-) TimerEvent: {}
[28.088730] (-) TimerEvent: {}
[28.191115] (-) TimerEvent: {}
[28.292824] (-) TimerEvent: {}
[28.395756] (-) TimerEvent: {}
[28.498006] (-) TimerEvent: {}
[28.600037] (-) TimerEvent: {}
[28.701095] (-) TimerEvent: {}
[28.803466] (-) TimerEvent: {}
[28.907279] (-) TimerEvent: {}
[29.010586] (-) TimerEvent: {}
[29.113948] (-) TimerEvent: {}
[29.223458] (-) TimerEvent: {}
[29.326893] (-) TimerEvent: {}
[29.429425] (-) TimerEvent: {}
[29.542587] (-) TimerEvent: {}
[29.645831] (-) TimerEvent: {}
[29.751822] (-) TimerEvent: {}
[29.854828] (-) TimerEvent: {}
[29.955846] (-) TimerEvent: {}
[30.064837] (-) TimerEvent: {}
[30.170827] (-) TimerEvent: {}
[30.271757] (-) TimerEvent: {}
[30.378817] (-) TimerEvent: {}
[30.480916] (-) TimerEvent: {}
[30.585860] (-) TimerEvent: {}
[30.687997] (-) TimerEvent: {}
[30.791816] (-) TimerEvent: {}
[30.895914] (-) TimerEvent: {}
[31.001821] (-) TimerEvent: {}
[31.105821] (-) TimerEvent: {}
[31.209349] (-) TimerEvent: {}
[31.310315] (-) TimerEvent: {}
[31.416955] (-) TimerEvent: {}
[31.519475] (-) TimerEvent: {}
[31.620904] (-) TimerEvent: {}
[31.723001] (-) TimerEvent: {}
[31.825555] (-) TimerEvent: {}
[31.926913] (-) TimerEvent: {}
[32.028030] (-) TimerEvent: {}
[32.128964] (-) TimerEvent: {}
[32.230384] (-) TimerEvent: {}
[32.334112] (-) TimerEvent: {}
[32.436240] (-) TimerEvent: {}
[32.537572] (-) TimerEvent: {}
[32.639426] (-) TimerEvent: {}
[32.740544] (-) TimerEvent: {}
[32.844816] (-) TimerEvent: {}
[32.948867] (-) TimerEvent: {}
[33.051500] (-) TimerEvent: {}
[33.152453] (-) TimerEvent: {}
[33.255084] (-) TimerEvent: {}
[33.357321] (-) TimerEvent: {}
[33.458989] (-) TimerEvent: {}
[33.560386] (-) TimerEvent: {}
[33.662825] (-) TimerEvent: {}
[33.763712] (-) TimerEvent: {}
[33.865834] (-) TimerEvent: {}
[33.967831] (-) TimerEvent: {}
[34.069369] (-) TimerEvent: {}
[34.172897] (-) TimerEvent: {}
[34.273814] (-) TimerEvent: {}
[34.375601] (-) TimerEvent: {}
[34.478228] (-) TimerEvent: {}
[34.580316] (-) TimerEvent: {}
[34.681276] (-) TimerEvent: {}
[34.782183] (-) TimerEvent: {}
[34.882996] (-) TimerEvent: {}
[34.983804] (-) TimerEvent: {}
[35.084597] (-) TimerEvent: {}
[35.185406] (-) TimerEvent: {}
[35.286176] (-) TimerEvent: {}
[35.387527] (-) TimerEvent: {}
[35.488749] (-) TimerEvent: {}
[35.590445] (-) TimerEvent: {}
[35.691373] (-) TimerEvent: {}
[35.792283] (-) TimerEvent: {}
[35.893249] (-) TimerEvent: {}
[35.993991] (-) TimerEvent: {}
[36.094754] (-) TimerEvent: {}
[36.195489] (-) TimerEvent: {}
[36.296295] (-) TimerEvent: {}
[36.397106] (-) TimerEvent: {}
[36.500963] (-) TimerEvent: {}
[36.605818] (-) TimerEvent: {}
[36.706626] (-) TimerEvent: {}
[36.807620] (-) TimerEvent: {}
[36.908399] (-) TimerEvent: {}
[37.009275] (-) TimerEvent: {}
[37.109984] (-) TimerEvent: {}
[37.210764] (-) TimerEvent: {}
[37.311495] (-) TimerEvent: {}
[37.412296] (-) TimerEvent: {}
[37.513019] (-) TimerEvent: {}
[37.613771] (-) TimerEvent: {}
[37.714461] (-) TimerEvent: {}
[37.815349] (-) TimerEvent: {}
[37.916220] (-) TimerEvent: {}
[38.016897] (-) TimerEvent: {}
[38.117575] (-) TimerEvent: {}
[38.218318] (-) TimerEvent: {}
[38.319062] (-) TimerEvent: {}
[38.419800] (-) TimerEvent: {}
[38.520525] (-) TimerEvent: {}
[38.621268] (-) TimerEvent: {}
[38.721939] (-) TimerEvent: {}
[38.822676] (-) TimerEvent: {}
[38.923340] (-) TimerEvent: {}
[39.024134] (-) TimerEvent: {}
[39.124819] (-) TimerEvent: {}
[39.225502] (-) TimerEvent: {}
[39.326348] (-) TimerEvent: {}
[39.427066] (-) TimerEvent: {}
[39.527777] (-) TimerEvent: {}
[39.628398] (-) TimerEvent: {}
[39.729013] (-) TimerEvent: {}
[39.829643] (-) TimerEvent: {}
[39.930262] (-) TimerEvent: {}
[40.031116] (-) TimerEvent: {}
[40.131934] (-) TimerEvent: {}
[40.214887] (simple_robot) StdoutLine: {'line': b'[ 16%] \x1b[32mBuilding CXX object CMakeFiles/robot_map_node.dir/src/map_utils.cpp.o\x1b[0m\n'}
[40.232111] (-) TimerEvent: {}
[40.333193] (-) TimerEvent: {}
[40.435480] (-) TimerEvent: {}
[40.536842] (-) TimerEvent: {}
[40.640885] (-) TimerEvent: {}
[40.743501] (-) TimerEvent: {}
[40.844940] (-) TimerEvent: {}
[40.947950] (-) TimerEvent: {}
[41.051908] (-) TimerEvent: {}
[41.154393] (-) TimerEvent: {}
[41.256563] (-) TimerEvent: {}
[41.358528] (-) TimerEvent: {}
[41.459418] (-) TimerEvent: {}
[41.563818] (-) TimerEvent: {}
[41.664729] (-) TimerEvent: {}
[41.766686] (-) TimerEvent: {}
[41.867630] (-) TimerEvent: {}
[41.969795] (-) TimerEvent: {}
[42.074088] (-) TimerEvent: {}
[42.178947] (-) TimerEvent: {}
[42.282834] (-) TimerEvent: {}
[42.387814] (-) TimerEvent: {}
[42.494014] (-) TimerEvent: {}
[42.598026] (-) TimerEvent: {}
[42.702438] (-) TimerEvent: {}
[42.803516] (-) TimerEvent: {}
[42.907712] (-) TimerEvent: {}
[43.009082] (-) TimerEvent: {}
[43.109845] (-) TimerEvent: {}
[43.211262] (-) TimerEvent: {}
[43.315750] (-) TimerEvent: {}
[43.417239] (-) TimerEvent: {}
[43.521462] (-) TimerEvent: {}
[43.622928] (-) TimerEvent: {}
[43.723922] (-) TimerEvent: {}
[43.826947] (-) TimerEvent: {}
[43.929352] (-) TimerEvent: {}
[44.030599] (-) TimerEvent: {}
[44.131779] (-) TimerEvent: {}
[44.232693] (-) TimerEvent: {}
[44.333588] (-) TimerEvent: {}
[44.434777] (-) TimerEvent: {}
[44.535703] (-) TimerEvent: {}
[44.636550] (-) TimerEvent: {}
[44.737345] (-) TimerEvent: {}
[44.838152] (-) TimerEvent: {}
[44.938945] (-) TimerEvent: {}
[45.039775] (-) TimerEvent: {}
[45.141299] (-) TimerEvent: {}
[45.242049] (-) TimerEvent: {}
[45.342915] (-) TimerEvent: {}
[45.443737] (-) TimerEvent: {}
[45.544409] (-) TimerEvent: {}
[45.645134] (-) TimerEvent: {}
[45.745818] (-) TimerEvent: {}
[45.846482] (-) TimerEvent: {}
[45.947262] (-) TimerEvent: {}
[46.047995] (-) TimerEvent: {}
[46.148742] (-) TimerEvent: {}
[46.249465] (-) TimerEvent: {}
[46.350202] (-) TimerEvent: {}
[46.450915] (-) TimerEvent: {}
[46.551636] (-) TimerEvent: {}
[46.652381] (-) TimerEvent: {}
[46.753131] (-) TimerEvent: {}
[46.853845] (-) TimerEvent: {}
[46.954502] (-) TimerEvent: {}
[47.055285] (-) TimerEvent: {}
[47.155942] (-) TimerEvent: {}
[47.256636] (-) TimerEvent: {}
[47.357386] (-) TimerEvent: {}
[47.458236] (-) TimerEvent: {}
[47.558965] (-) TimerEvent: {}
[47.659725] (-) TimerEvent: {}
[47.760385] (-) TimerEvent: {}
[47.861234] (-) TimerEvent: {}
[47.962025] (-) TimerEvent: {}
[48.062852] (-) TimerEvent: {}
[48.163479] (-) TimerEvent: {}
[48.264278] (-) TimerEvent: {}
[48.364951] (-) TimerEvent: {}
[48.465609] (-) TimerEvent: {}
[48.566309] (-) TimerEvent: {}
[48.666965] (-) TimerEvent: {}
[48.767637] (-) TimerEvent: {}
[48.868408] (-) TimerEvent: {}
[48.969096] (-) TimerEvent: {}
[49.069805] (-) TimerEvent: {}
[49.170480] (-) TimerEvent: {}
[49.271330] (-) TimerEvent: {}
[49.372145] (-) TimerEvent: {}
[49.472951] (-) TimerEvent: {}
[49.573809] (-) TimerEvent: {}
[49.674600] (-) TimerEvent: {}
[49.775398] (-) TimerEvent: {}
[49.876150] (-) TimerEvent: {}
[49.977019] (-) TimerEvent: {}
[50.077811] (-) TimerEvent: {}
[50.178542] (-) TimerEvent: {}
[50.279298] (-) TimerEvent: {}
[50.379993] (-) TimerEvent: {}
[50.481316] (-) TimerEvent: {}
[50.581904] (-) TimerEvent: {}
[50.682532] (-) TimerEvent: {}
[50.783223] (-) TimerEvent: {}
[50.883818] (-) TimerEvent: {}
[50.984452] (-) TimerEvent: {}
[51.085116] (-) TimerEvent: {}
[51.185801] (-) TimerEvent: {}
[51.286569] (-) TimerEvent: {}
[51.387230] (-) TimerEvent: {}
[51.487872] (-) TimerEvent: {}
[51.588534] (-) TimerEvent: {}
[51.689224] (-) TimerEvent: {}
[51.791090] (-) TimerEvent: {}
[51.891816] (-) TimerEvent: {}
[51.992562] (-) TimerEvent: {}
[52.093376] (-) TimerEvent: {}
[52.194169] (-) TimerEvent: {}
[52.294975] (-) TimerEvent: {}
[52.395747] (-) TimerEvent: {}
[52.496525] (-) TimerEvent: {}
[52.597292] (-) TimerEvent: {}
[52.698054] (-) TimerEvent: {}
[52.798795] (-) TimerEvent: {}
[52.899546] (-) TimerEvent: {}
[53.002803] (-) TimerEvent: {}
[53.103611] (-) TimerEvent: {}
[53.204519] (-) TimerEvent: {}
[53.310796] (-) TimerEvent: {}
[53.411613] (-) TimerEvent: {}
[53.512385] (-) TimerEvent: {}
[53.613020] (-) TimerEvent: {}
[53.713715] (-) TimerEvent: {}
[53.814387] (-) TimerEvent: {}
[53.915126] (-) TimerEvent: {}
[54.015849] (-) TimerEvent: {}
[54.116634] (-) TimerEvent: {}
[54.218153] (-) TimerEvent: {}
[54.318975] (-) TimerEvent: {}
[54.419758] (-) TimerEvent: {}
[54.520437] (-) TimerEvent: {}
[54.621128] (-) TimerEvent: {}
[54.721825] (-) TimerEvent: {}
[54.822519] (-) TimerEvent: {}
[54.923323] (-) TimerEvent: {}
[55.024092] (-) TimerEvent: {}
[55.124809] (-) TimerEvent: {}
[55.225485] (-) TimerEvent: {}
[55.326256] (-) TimerEvent: {}
[55.427149] (-) TimerEvent: {}
[55.527824] (-) TimerEvent: {}
[55.628468] (-) TimerEvent: {}
[55.729145] (-) TimerEvent: {}
[55.829774] (-) TimerEvent: {}
[55.930415] (-) TimerEvent: {}
[56.031101] (-) TimerEvent: {}
[56.132312] (-) TimerEvent: {}
[56.233141] (-) TimerEvent: {}
[56.333914] (-) TimerEvent: {}
[56.435200] (-) TimerEvent: {}
[56.535999] (-) TimerEvent: {}
[56.636752] (-) TimerEvent: {}
[56.737463] (-) TimerEvent: {}
[56.838212] (-) TimerEvent: {}
[56.938927] (-) TimerEvent: {}
[57.039610] (-) TimerEvent: {}
[57.140280] (-) TimerEvent: {}
[57.240938] (-) TimerEvent: {}
[57.341623] (-) TimerEvent: {}
[57.442324] (-) TimerEvent: {}
[57.542980] (-) TimerEvent: {}
[57.643695] (-) TimerEvent: {}
[57.744374] (-) TimerEvent: {}
[57.819273] (simple_robot) StdoutLine: {'line': b'[ 25%] \x1b[32mBuilding CXX object CMakeFiles/robot_map_node.dir/src/main.cpp.o\x1b[0m\n'}
[57.844569] (-) TimerEvent: {}
[57.945287] (-) TimerEvent: {}
[58.046218] (-) TimerEvent: {}
[58.148159] (-) TimerEvent: {}
[58.250175] (-) TimerEvent: {}
[58.355296] (-) TimerEvent: {}
[58.460136] (-) TimerEvent: {}
[58.568830] (-) TimerEvent: {}
[58.672628] (-) TimerEvent: {}
[58.777029] (-) TimerEvent: {}
[58.887682] (-) TimerEvent: {}
[58.989282] (-) TimerEvent: {}
[59.093838] (-) TimerEvent: {}
[59.195571] (-) TimerEvent: {}
[59.301867] (-) TimerEvent: {}
[59.411887] (-) TimerEvent: {}
[59.512914] (-) TimerEvent: {}
[59.618857] (-) TimerEvent: {}
[59.721892] (-) TimerEvent: {}
[59.825821] (-) TimerEvent: {}
[59.933408] (-) TimerEvent: {}
[60.034351] (-) TimerEvent: {}
[60.135738] (-) TimerEvent: {}
[60.236766] (-) TimerEvent: {}
[60.338849] (-) TimerEvent: {}
[60.442933] (-) TimerEvent: {}
[60.543804] (-) TimerEvent: {}
[60.646840] (-) TimerEvent: {}
[60.747844] (-) TimerEvent: {}
[60.848613] (-) TimerEvent: {}
[60.949343] (-) TimerEvent: {}
[61.050077] (-) TimerEvent: {}
[61.150812] (-) TimerEvent: {}
[61.251598] (-) TimerEvent: {}
[61.352452] (-) TimerEvent: {}
[61.453351] (-) TimerEvent: {}
[61.555462] (-) TimerEvent: {}
[61.658068] (-) TimerEvent: {}
[61.762062] (-) TimerEvent: {}
[61.862918] (-) TimerEvent: {}
[61.963900] (-) TimerEvent: {}
[62.064798] (-) TimerEvent: {}
[62.165586] (-) TimerEvent: {}
[62.266493] (-) TimerEvent: {}
[62.367352] (-) TimerEvent: {}
[62.468134] (-) TimerEvent: {}
[62.568921] (-) TimerEvent: {}
[62.669682] (-) TimerEvent: {}
[62.770410] (-) TimerEvent: {}
[62.871196] (-) TimerEvent: {}
[62.971910] (-) TimerEvent: {}
[63.072638] (-) TimerEvent: {}
[63.173398] (-) TimerEvent: {}
[63.274137] (-) TimerEvent: {}
[63.375078] (-) TimerEvent: {}
[63.475968] (-) TimerEvent: {}
[63.576734] (-) TimerEvent: {}
[63.677460] (-) TimerEvent: {}
[63.778238] (-) TimerEvent: {}
[63.879582] (-) TimerEvent: {}
[63.980695] (-) TimerEvent: {}
[64.081385] (-) TimerEvent: {}
[64.182158] (-) TimerEvent: {}
[64.282963] (-) TimerEvent: {}
[64.385357] (-) TimerEvent: {}
[64.486122] (-) TimerEvent: {}
[64.586809] (-) TimerEvent: {}
[64.687494] (-) TimerEvent: {}
[64.788147] (-) TimerEvent: {}
[64.888832] (-) TimerEvent: {}
[64.989575] (-) TimerEvent: {}
[65.090291] (-) TimerEvent: {}
[65.190930] (-) TimerEvent: {}
[65.291628] (-) TimerEvent: {}
[65.392323] (-) TimerEvent: {}
[65.494806] (-) TimerEvent: {}
[65.595591] (-) TimerEvent: {}
[65.698089] (-) TimerEvent: {}
[65.798999] (-) TimerEvent: {}
[65.899807] (-) TimerEvent: {}
[66.000519] (-) TimerEvent: {}
[66.103357] (-) TimerEvent: {}
[66.204157] (-) TimerEvent: {}
[66.304916] (-) TimerEvent: {}
[66.405630] (-) TimerEvent: {}
[66.506361] (-) TimerEvent: {}
[66.607081] (-) TimerEvent: {}
[66.707769] (-) TimerEvent: {}
[66.808457] (-) TimerEvent: {}
[66.909203] (-) TimerEvent: {}
[67.009898] (-) TimerEvent: {}
[67.110577] (-) TimerEvent: {}
[67.211311] (-) TimerEvent: {}
[67.311974] (-) TimerEvent: {}
[67.412698] (-) TimerEvent: {}
[67.513327] (-) TimerEvent: {}
[67.613941] (-) TimerEvent: {}
[67.714577] (-) TimerEvent: {}
[67.815216] (-) TimerEvent: {}
[67.915902] (-) TimerEvent: {}
[68.016647] (-) TimerEvent: {}
[68.117376] (-) TimerEvent: {}
[68.218140] (-) TimerEvent: {}
[68.319261] (-) TimerEvent: {}
[68.420060] (-) TimerEvent: {}
[68.520815] (-) TimerEvent: {}
[68.621540] (-) TimerEvent: {}
[68.722250] (-) TimerEvent: {}
[68.822897] (-) TimerEvent: {}
[68.923574] (-) TimerEvent: {}
[69.024339] (-) TimerEvent: {}
[69.124993] (-) TimerEvent: {}
[69.225683] (-) TimerEvent: {}
[69.326526] (-) TimerEvent: {}
[69.427239] (-) TimerEvent: {}
[69.527833] (-) TimerEvent: {}
[69.628462] (-) TimerEvent: {}
[69.729128] (-) TimerEvent: {}
[69.829814] (-) TimerEvent: {}
[69.930463] (-) TimerEvent: {}
[70.031300] (-) TimerEvent: {}
[70.132012] (-) TimerEvent: {}
[70.232741] (-) TimerEvent: {}
[70.333562] (-) TimerEvent: {}
[70.435912] (-) TimerEvent: {}
[70.536573] (-) TimerEvent: {}
[70.637368] (-) TimerEvent: {}
[70.738120] (-) TimerEvent: {}
[70.838891] (-) TimerEvent: {}
[70.939522] (-) TimerEvent: {}
[71.040222] (-) TimerEvent: {}
[71.140837] (-) TimerEvent: {}
[71.241485] (-) TimerEvent: {}
[71.342149] (-) TimerEvent: {}
[71.442812] (-) TimerEvent: {}
[71.543488] (-) TimerEvent: {}
[71.644301] (-) TimerEvent: {}
[71.744979] (-) TimerEvent: {}
[71.845615] (-) TimerEvent: {}
[71.946408] (-) TimerEvent: {}
[72.047193] (-) TimerEvent: {}
[72.147927] (-) TimerEvent: {}
[72.248638] (-) TimerEvent: {}
[72.350275] (-) TimerEvent: {}
[72.451052] (-) TimerEvent: {}
[72.551796] (-) TimerEvent: {}
[72.652578] (-) TimerEvent: {}
[72.753411] (-) TimerEvent: {}
[72.854228] (-) TimerEvent: {}
[72.956798] (-) TimerEvent: {}
[73.057764] (-) TimerEvent: {}
[73.161838] (-) TimerEvent: {}
[73.262695] (-) TimerEvent: {}
[73.366540] (-) TimerEvent: {}
[73.467580] (-) TimerEvent: {}
[73.568493] (-) TimerEvent: {}
[73.669280] (-) TimerEvent: {}
[73.770183] (-) TimerEvent: {}
[73.870963] (-) TimerEvent: {}
[73.971721] (-) TimerEvent: {}
[74.072550] (-) TimerEvent: {}
[74.173338] (-) TimerEvent: {}
[74.274206] (-) TimerEvent: {}
[74.375017] (-) TimerEvent: {}
[74.475821] (-) TimerEvent: {}
[74.576585] (-) TimerEvent: {}
[74.677309] (-) TimerEvent: {}
[74.778044] (-) TimerEvent: {}
[74.878749] (-) TimerEvent: {}
[74.979507] (-) TimerEvent: {}
[75.080283] (-) TimerEvent: {}
[75.181079] (-) TimerEvent: {}
[75.281863] (-) TimerEvent: {}
[75.382588] (-) TimerEvent: {}
[75.483418] (-) TimerEvent: {}
[75.584228] (-) TimerEvent: {}
[75.685050] (-) TimerEvent: {}
[75.785812] (-) TimerEvent: {}
[75.886548] (-) TimerEvent: {}
[75.987251] (-) TimerEvent: {}
[76.087969] (-) TimerEvent: {}
[76.188613] (-) TimerEvent: {}
[76.289318] (-) TimerEvent: {}
[76.389998] (-) TimerEvent: {}
[76.490763] (-) TimerEvent: {}
[76.591518] (-) TimerEvent: {}
[76.692297] (-) TimerEvent: {}
[76.793069] (-) TimerEvent: {}
[76.893912] (-) TimerEvent: {}
[76.994630] (-) TimerEvent: {}
[77.095359] (-) TimerEvent: {}
[77.196097] (-) TimerEvent: {}
[77.296804] (-) TimerEvent: {}
[77.397543] (-) TimerEvent: {}
[77.498223] (-) TimerEvent: {}
[77.599075] (-) TimerEvent: {}
[77.700222] (-) TimerEvent: {}
[77.801082] (-) TimerEvent: {}
[77.901807] (-) TimerEvent: {}
[78.002485] (-) TimerEvent: {}
[78.103262] (-) TimerEvent: {}
[78.203913] (-) TimerEvent: {}
[78.304593] (-) TimerEvent: {}
[78.405376] (-) TimerEvent: {}
[78.506130] (-) TimerEvent: {}
[78.606835] (-) TimerEvent: {}
[78.707599] (-) TimerEvent: {}
[78.808314] (-) TimerEvent: {}
[78.909086] (-) TimerEvent: {}
[79.009762] (-) TimerEvent: {}
[79.110435] (-) TimerEvent: {}
[79.211143] (-) TimerEvent: {}
[79.312006] (-) TimerEvent: {}
[79.414804] (-) TimerEvent: {}
[79.515682] (-) TimerEvent: {}
[79.617816] (-) TimerEvent: {}
[79.721804] (-) TimerEvent: {}
[79.822627] (-) TimerEvent: {}
[79.923511] (-) TimerEvent: {}
[80.024441] (-) TimerEvent: {}
[80.125275] (-) TimerEvent: {}
[80.225987] (-) TimerEvent: {}
[80.326627] (-) TimerEvent: {}
[80.427856] (-) TimerEvent: {}
[80.528620] (-) TimerEvent: {}
[80.629322] (-) TimerEvent: {}
[80.729924] (-) TimerEvent: {}
[80.830568] (-) TimerEvent: {}
[80.931261] (-) TimerEvent: {}
[81.031939] (-) TimerEvent: {}
[81.132759] (-) TimerEvent: {}
[81.233566] (-) TimerEvent: {}
[81.334324] (-) TimerEvent: {}
[81.434975] (-) TimerEvent: {}
[81.535728] (-) TimerEvent: {}
[81.636424] (-) TimerEvent: {}
[81.737133] (-) TimerEvent: {}
[81.837842] (-) TimerEvent: {}
[81.938530] (-) TimerEvent: {}
[82.039273] (-) TimerEvent: {}
[82.140104] (-) TimerEvent: {}
[82.240895] (-) TimerEvent: {}
[82.342152] (-) TimerEvent: {}
[82.442856] (-) TimerEvent: {}
[82.543608] (-) TimerEvent: {}
[82.644424] (-) TimerEvent: {}
[82.745185] (-) TimerEvent: {}
[82.845833] (-) TimerEvent: {}
[82.946502] (-) TimerEvent: {}
[83.047313] (-) TimerEvent: {}
[83.148009] (-) TimerEvent: {}
[83.248767] (-) TimerEvent: {}
[83.349479] (-) TimerEvent: {}
[83.450264] (-) TimerEvent: {}
[83.550996] (-) TimerEvent: {}
[83.651763] (-) TimerEvent: {}
[83.752403] (-) TimerEvent: {}
[83.853184] (-) TimerEvent: {}
[83.953846] (-) TimerEvent: {}
[84.054602] (-) TimerEvent: {}
[84.155359] (-) TimerEvent: {}
[84.256217] (-) TimerEvent: {}
[84.357111] (-) TimerEvent: {}
[84.459241] (-) TimerEvent: {}
[84.560103] (-) TimerEvent: {}
[84.661266] (-) TimerEvent: {}
[84.761981] (-) TimerEvent: {}
[84.862726] (-) TimerEvent: {}
[84.963472] (-) TimerEvent: {}
[85.064241] (-) TimerEvent: {}
[85.164966] (-) TimerEvent: {}
[85.265719] (-) TimerEvent: {}
[85.366464] (-) TimerEvent: {}
[85.467374] (-) TimerEvent: {}
[85.567990] (-) TimerEvent: {}
[85.668650] (-) TimerEvent: {}
[85.771809] (-) TimerEvent: {}
[85.872703] (-) TimerEvent: {}
[85.973588] (-) TimerEvent: {}
[86.074401] (-) TimerEvent: {}
[86.177125] (-) TimerEvent: {}
[86.277929] (-) TimerEvent: {}
[86.378790] (-) TimerEvent: {}
[86.479585] (-) TimerEvent: {}
[86.580454] (-) TimerEvent: {}
[86.682872] (-) TimerEvent: {}
[86.784057] (-) TimerEvent: {}
[86.884843] (-) TimerEvent: {}
[86.985521] (-) TimerEvent: {}
[87.086252] (-) TimerEvent: {}
[87.186954] (-) TimerEvent: {}
[87.287617] (-) TimerEvent: {}
[87.388347] (-) TimerEvent: {}
[87.489102] (-) TimerEvent: {}
[87.589809] (-) TimerEvent: {}
[87.690470] (-) TimerEvent: {}
[87.791290] (-) TimerEvent: {}
[87.892079] (-) TimerEvent: {}
[87.992911] (-) TimerEvent: {}
[88.093746] (-) TimerEvent: {}
[88.194482] (-) TimerEvent: {}
[88.295261] (-) TimerEvent: {}
[88.395978] (-) TimerEvent: {}
[88.496783] (-) TimerEvent: {}
[88.597555] (-) TimerEvent: {}
[88.698302] (-) TimerEvent: {}
[88.799030] (-) TimerEvent: {}
[88.899765] (-) TimerEvent: {}
[89.000517] (-) TimerEvent: {}
[89.101936] (-) TimerEvent: {}
[89.202601] (-) TimerEvent: {}
[89.303463] (-) TimerEvent: {}
[89.404510] (-) TimerEvent: {}
[89.505400] (-) TimerEvent: {}
[89.606193] (-) TimerEvent: {}
[89.706954] (-) TimerEvent: {}
[89.807704] (-) TimerEvent: {}
[89.908420] (-) TimerEvent: {}
[90.009179] (-) TimerEvent: {}
[90.109885] (-) TimerEvent: {}
[90.210610] (-) TimerEvent: {}
[90.311377] (-) TimerEvent: {}
[90.412143] (-) TimerEvent: {}
[90.512983] (-) TimerEvent: {}
[90.613798] (-) TimerEvent: {}
[90.714558] (-) TimerEvent: {}
[90.815344] (-) TimerEvent: {}
[90.916137] (-) TimerEvent: {}
[91.016960] (-) TimerEvent: {}
[91.117751] (-) TimerEvent: {}
[91.218607] (-) TimerEvent: {}
[91.319556] (-) TimerEvent: {}
[91.420461] (-) TimerEvent: {}
[91.521214] (-) TimerEvent: {}
[91.621974] (-) TimerEvent: {}
[91.722760] (-) TimerEvent: {}
[91.823529] (-) TimerEvent: {}
[91.924340] (-) TimerEvent: {}
[92.025134] (-) TimerEvent: {}
[92.125938] (-) TimerEvent: {}
[92.226723] (-) TimerEvent: {}
[92.327567] (-) TimerEvent: {}
[92.428274] (-) TimerEvent: {}
[92.528999] (-) TimerEvent: {}
[92.629712] (-) TimerEvent: {}
[92.732808] (-) TimerEvent: {}
[92.833627] (-) TimerEvent: {}
[92.934431] (-) TimerEvent: {}
[93.038810] (-) TimerEvent: {}
[93.139690] (-) TimerEvent: {}
[93.240419] (-) TimerEvent: {}
[93.341133] (-) TimerEvent: {}
[93.441822] (-) TimerEvent: {}
[93.542645] (-) TimerEvent: {}
[93.643565] (-) TimerEvent: {}
[93.744393] (-) TimerEvent: {}
[93.845059] (-) TimerEvent: {}
[93.945966] (-) TimerEvent: {}
[94.046805] (-) TimerEvent: {}
[94.147572] (-) TimerEvent: {}
[94.249152] (-) TimerEvent: {}
[94.349976] (-) TimerEvent: {}
[94.450721] (-) TimerEvent: {}
[94.551478] (-) TimerEvent: {}
[94.652245] (-) TimerEvent: {}
[94.752904] (-) TimerEvent: {}
[94.853593] (-) TimerEvent: {}
[94.954309] (-) TimerEvent: {}
[95.055063] (-) TimerEvent: {}
[95.155822] (-) TimerEvent: {}
[95.256569] (-) TimerEvent: {}
[95.357302] (-) TimerEvent: {}
[95.458163] (-) TimerEvent: {}
[95.558976] (-) TimerEvent: {}
[95.659753] (-) TimerEvent: {}
[95.760534] (-) TimerEvent: {}
[95.861497] (-) TimerEvent: {}
[95.962333] (-) TimerEvent: {}
[96.063101] (-) TimerEvent: {}
[96.163782] (-) TimerEvent: {}
[96.264458] (-) TimerEvent: {}
[96.365195] (-) TimerEvent: {}
[96.465925] (-) TimerEvent: {}
[96.566693] (-) TimerEvent: {}
[96.667454] (-) TimerEvent: {}
[96.768256] (-) TimerEvent: {}
[96.869065] (-) TimerEvent: {}
[96.969826] (-) TimerEvent: {}
[97.070528] (-) TimerEvent: {}
[97.171299] (-) TimerEvent: {}
[97.272027] (-) TimerEvent: {}
[97.372776] (-) TimerEvent: {}
[97.473504] (-) TimerEvent: {}
[97.574264] (-) TimerEvent: {}
[97.674996] (-) TimerEvent: {}
[97.775808] (-) TimerEvent: {}
[97.876548] (-) TimerEvent: {}
[97.977280] (-) TimerEvent: {}
[98.078166] (-) TimerEvent: {}
[98.178978] (-) TimerEvent: {}
[98.279900] (-) TimerEvent: {}
[98.380711] (-) TimerEvent: {}
[98.481503] (-) TimerEvent: {}
[98.582345] (-) TimerEvent: {}
[98.683141] (-) TimerEvent: {}
[98.783821] (-) TimerEvent: {}
[98.884453] (-) TimerEvent: {}
[98.985175] (-) TimerEvent: {}
[99.086816] (-) TimerEvent: {}
[99.191648] (-) TimerEvent: {}
[99.292431] (-) TimerEvent: {}
[99.393205] (-) TimerEvent: {}
[99.493993] (-) TimerEvent: {}
[99.595818] (-) TimerEvent: {}
[99.696689] (-) TimerEvent: {}
[99.797427] (-) TimerEvent: {}
[99.898219] (-) TimerEvent: {}
[99.998984] (-) TimerEvent: {}
[100.099749] (-) TimerEvent: {}
[100.200510] (-) TimerEvent: {}
[100.301317] (-) TimerEvent: {}
[100.402122] (-) TimerEvent: {}
[100.502885] (-) TimerEvent: {}
[100.603604] (-) TimerEvent: {}
[100.704357] (-) TimerEvent: {}
[100.805086] (-) TimerEvent: {}
[100.905780] (-) TimerEvent: {}
[101.006467] (-) TimerEvent: {}
[101.107230] (-) TimerEvent: {}
[101.207926] (-) TimerEvent: {}
[101.308622] (-) TimerEvent: {}
[101.409323] (-) TimerEvent: {}
[101.510110] (-) TimerEvent: {}
[101.610912] (-) TimerEvent: {}
[101.711625] (-) TimerEvent: {}
[101.812408] (-) TimerEvent: {}
[101.913152] (-) TimerEvent: {}
[102.013941] (-) TimerEvent: {}
[102.114684] (-) TimerEvent: {}
[102.215432] (-) TimerEvent: {}
[102.316160] (-) TimerEvent: {}
[102.416893] (-) TimerEvent: {}
[102.517697] (-) TimerEvent: {}
[102.618449] (-) TimerEvent: {}
[102.719307] (-) TimerEvent: {}
[102.820106] (-) TimerEvent: {}
[102.920912] (-) TimerEvent: {}
[103.021713] (-) TimerEvent: {}
[103.122470] (-) TimerEvent: {}
[103.223285] (-) TimerEvent: {}
[103.324093] (-) TimerEvent: {}
[103.424819] (-) TimerEvent: {}
[103.525606] (-) TimerEvent: {}
[103.626387] (-) TimerEvent: {}
[103.727173] (-) TimerEvent: {}
[103.827946] (-) TimerEvent: {}
[103.928730] (-) TimerEvent: {}
[104.029483] (-) TimerEvent: {}
[104.130274] (-) TimerEvent: {}
[104.231045] (-) TimerEvent: {}
[104.331823] (-) TimerEvent: {}
[104.432596] (-) TimerEvent: {}
[104.533449] (-) TimerEvent: {}
[104.634247] (-) TimerEvent: {}
[104.734883] (-) TimerEvent: {}
[104.835587] (-) TimerEvent: {}
[104.936424] (-) TimerEvent: {}
[105.037690] (-) TimerEvent: {}
[105.138518] (-) TimerEvent: {}
[105.239246] (-) TimerEvent: {}
[105.339964] (-) TimerEvent: {}
[105.440751] (-) TimerEvent: {}
[105.542804] (-) TimerEvent: {}
[105.643562] (-) TimerEvent: {}
[105.746794] (-) TimerEvent: {}
[105.847595] (-) TimerEvent: {}
[105.949204] (-) TimerEvent: {}
[106.049827] (-) TimerEvent: {}
[106.150436] (-) TimerEvent: {}
[106.251013] (-) TimerEvent: {}
[106.351627] (-) TimerEvent: {}
[106.452267] (-) TimerEvent: {}
[106.552920] (-) TimerEvent: {}
[106.653519] (-) TimerEvent: {}
[106.754209] (-) TimerEvent: {}
[106.854842] (-) TimerEvent: {}
[106.955465] (-) TimerEvent: {}
[107.056142] (-) TimerEvent: {}
[107.156791] (-) TimerEvent: {}
[107.257646] (-) TimerEvent: {}
[107.359138] (-) TimerEvent: {}
[107.460822] (-) TimerEvent: {}
[107.561434] (-) TimerEvent: {}
[107.662785] (-) TimerEvent: {}
[107.763403] (-) TimerEvent: {}
[107.864130] (-) TimerEvent: {}
[107.964768] (-) TimerEvent: {}
[108.065379] (-) TimerEvent: {}
[108.166051] (-) TimerEvent: {}
[108.266856] (-) TimerEvent: {}
[108.367457] (-) TimerEvent: {}
[108.468115] (-) TimerEvent: {}
[108.568779] (-) TimerEvent: {}
[108.669394] (-) TimerEvent: {}
[108.769981] (-) TimerEvent: {}
[108.870587] (-) TimerEvent: {}
[108.971199] (-) TimerEvent: {}
[109.071826] (-) TimerEvent: {}
[109.172473] (-) TimerEvent: {}
[109.273264] (-) TimerEvent: {}
[109.374056] (-) TimerEvent: {}
[109.474693] (-) TimerEvent: {}
[109.575485] (-) TimerEvent: {}
[109.676289] (-) TimerEvent: {}
[109.776892] (-) TimerEvent: {}
[109.877480] (-) TimerEvent: {}
[109.978100] (-) TimerEvent: {}
[110.078721] (-) TimerEvent: {}
[110.179331] (-) TimerEvent: {}
[110.280014] (-) TimerEvent: {}
[110.380807] (-) TimerEvent: {}
[110.481498] (-) TimerEvent: {}
[110.582527] (-) TimerEvent: {}
[110.683169] (-) TimerEvent: {}
[110.783772] (-) TimerEvent: {}
[110.884361] (-) TimerEvent: {}
[110.985084] (-) TimerEvent: {}
[111.085722] (-) TimerEvent: {}
[111.186263] (-) TimerEvent: {}
[111.286841] (-) TimerEvent: {}
[111.387397] (-) TimerEvent: {}
[111.488000] (-) TimerEvent: {}
[111.588626] (-) TimerEvent: {}
[111.689273] (-) TimerEvent: {}
[111.791312] (-) TimerEvent: {}
[111.892976] (-) TimerEvent: {}
[111.996811] (-) TimerEvent: {}
[112.097702] (-) TimerEvent: {}
[112.198514] (-) TimerEvent: {}
[112.299383] (-) TimerEvent: {}
[112.400204] (-) TimerEvent: {}
[112.500777] (-) TimerEvent: {}
[112.601380] (-) TimerEvent: {}
[112.702015] (-) TimerEvent: {}
[112.802640] (-) TimerEvent: {}
[112.903264] (-) TimerEvent: {}
[113.003847] (-) TimerEvent: {}
[113.104470] (-) TimerEvent: {}
[113.205084] (-) TimerEvent: {}
[113.305712] (-) TimerEvent: {}
[113.406264] (-) TimerEvent: {}
[113.506833] (-) TimerEvent: {}
[113.607434] (-) TimerEvent: {}
[113.708117] (-) TimerEvent: {}
[113.808744] (-) TimerEvent: {}
[113.909331] (-) TimerEvent: {}
[114.010087] (-) TimerEvent: {}
[114.112804] (-) TimerEvent: {}
[114.213539] (-) TimerEvent: {}
[114.314502] (-) TimerEvent: {}
[114.415348] (-) TimerEvent: {}
[114.516115] (-) TimerEvent: {}
[114.616770] (-) TimerEvent: {}
[114.717391] (-) TimerEvent: {}
[114.818076] (-) TimerEvent: {}
[114.918765] (-) TimerEvent: {}
[115.019446] (-) TimerEvent: {}
[115.120295] (-) TimerEvent: {}
[115.221078] (-) TimerEvent: {}
[115.321771] (-) TimerEvent: {}
[115.422434] (-) TimerEvent: {}
[115.523159] (-) TimerEvent: {}
[115.623789] (-) TimerEvent: {}
[115.724493] (-) TimerEvent: {}
[115.825225] (-) TimerEvent: {}
[115.925832] (-) TimerEvent: {}
[116.026485] (-) TimerEvent: {}
[116.127176] (-) TimerEvent: {}
[116.227831] (-) TimerEvent: {}
[116.328589] (-) TimerEvent: {}
[116.429304] (-) TimerEvent: {}
[116.530463] (-) TimerEvent: {}
[116.631084] (-) TimerEvent: {}
[116.731704] (-) TimerEvent: {}
[116.832312] (-) TimerEvent: {}
[116.932875] (-) TimerEvent: {}
[117.033477] (-) TimerEvent: {}
[117.134121] (-) TimerEvent: {}
[117.234885] (-) TimerEvent: {}
[117.335573] (-) TimerEvent: {}
[117.436290] (-) TimerEvent: {}
[117.537026] (-) TimerEvent: {}
[117.637753] (-) TimerEvent: {}
[117.738428] (-) TimerEvent: {}
[117.839190] (-) TimerEvent: {}
[117.939963] (-) TimerEvent: {}
[118.040701] (-) TimerEvent: {}
[118.141384] (-) TimerEvent: {}
[118.244808] (-) TimerEvent: {}
[118.345568] (-) TimerEvent: {}
[118.446450] (-) TimerEvent: {}
[118.553816] (-) TimerEvent: {}
[118.654616] (-) TimerEvent: {}
[118.755401] (-) TimerEvent: {}
[118.856237] (-) TimerEvent: {}
[118.956972] (-) TimerEvent: {}
[119.057609] (-) TimerEvent: {}
[119.158207] (-) TimerEvent: {}
[119.259030] (-) TimerEvent: {}
[119.359778] (-) TimerEvent: {}
[119.460441] (-) TimerEvent: {}
[119.561087] (-) TimerEvent: {}
[119.661775] (-) TimerEvent: {}
[119.762411] (-) TimerEvent: {}
[119.863025] (-) TimerEvent: {}
[119.963629] (-) TimerEvent: {}
[120.064289] (-) TimerEvent: {}
[120.164915] (-) TimerEvent: {}
[120.265490] (-) TimerEvent: {}
[120.366116] (-) TimerEvent: {}
[120.466863] (-) TimerEvent: {}
[120.567495] (-) TimerEvent: {}
[120.668109] (-) TimerEvent: {}
[120.768852] (-) TimerEvent: {}
[120.869557] (-) TimerEvent: {}
[120.970227] (-) TimerEvent: {}
[121.070991] (-) TimerEvent: {}
[121.171723] (-) TimerEvent: {}
[121.272399] (-) TimerEvent: {}
[121.373077] (-) TimerEvent: {}
[121.473789] (-) TimerEvent: {}
[121.574434] (-) TimerEvent: {}
[121.675123] (-) TimerEvent: {}
[121.775777] (-) TimerEvent: {}
[121.876415] (-) TimerEvent: {}
[121.977087] (-) TimerEvent: {}
[122.077784] (-) TimerEvent: {}
[122.178460] (-) TimerEvent: {}
[122.279155] (-) TimerEvent: {}
[122.379795] (-) TimerEvent: {}
[122.480447] (-) TimerEvent: {}
[122.581124] (-) TimerEvent: {}
[122.681813] (-) TimerEvent: {}
[122.782413] (-) TimerEvent: {}
[122.883173] (-) TimerEvent: {}
[122.983793] (-) TimerEvent: {}
[123.084497] (-) TimerEvent: {}
[123.185154] (-) TimerEvent: {}
[123.285930] (-) TimerEvent: {}
[123.386709] (-) TimerEvent: {}
[123.487512] (-) TimerEvent: {}
[123.588203] (-) TimerEvent: {}
[123.688892] (-) TimerEvent: {}
[123.789553] (-) TimerEvent: {}
[123.890255] (-) TimerEvent: {}
[123.990854] (-) TimerEvent: {}
[124.091456] (-) TimerEvent: {}
[124.192090] (-) TimerEvent: {}
[124.292852] (-) TimerEvent: {}
[124.394845] (-) TimerEvent: {}
[124.500842] (-) TimerEvent: {}
[124.601641] (-) TimerEvent: {}
[124.702399] (-) TimerEvent: {}
[124.803210] (-) TimerEvent: {}
[124.903839] (-) TimerEvent: {}
[125.004486] (-) TimerEvent: {}
[125.105134] (-) TimerEvent: {}
[125.205875] (-) TimerEvent: {}
[125.306482] (-) TimerEvent: {}
[125.407094] (-) TimerEvent: {}
[125.507799] (-) TimerEvent: {}
[125.608559] (-) TimerEvent: {}
[125.709454] (-) TimerEvent: {}
[125.810258] (-) TimerEvent: {}
[125.910908] (-) TimerEvent: {}
[126.011576] (-) TimerEvent: {}
[126.112284] (-) TimerEvent: {}
[126.212920] (-) TimerEvent: {}
[126.313569] (-) TimerEvent: {}
[126.414221] (-) TimerEvent: {}
[126.514831] (-) TimerEvent: {}
[126.615488] (-) TimerEvent: {}
[126.716162] (-) TimerEvent: {}
[126.816823] (-) TimerEvent: {}
[126.917465] (-) TimerEvent: {}
[127.018141] (-) TimerEvent: {}
[127.118800] (-) TimerEvent: {}
[127.219456] (-) TimerEvent: {}
[127.320144] (-) TimerEvent: {}
[127.420775] (-) TimerEvent: {}
[127.521417] (-) TimerEvent: {}
[127.622093] (-) TimerEvent: {}
[127.722747] (-) TimerEvent: {}
[127.823523] (-) TimerEvent: {}
[127.924317] (-) TimerEvent: {}
[128.025118] (-) TimerEvent: {}
[128.125884] (-) TimerEvent: {}
[128.226563] (-) TimerEvent: {}
[128.327275] (-) TimerEvent: {}
[128.427980] (-) TimerEvent: {}
[128.528710] (-) TimerEvent: {}
[128.629410] (-) TimerEvent: {}
[128.730142] (-) TimerEvent: {}
[128.830812] (-) TimerEvent: {}
[128.931483] (-) TimerEvent: {}
[129.032205] (-) TimerEvent: {}
[129.132909] (-) TimerEvent: {}
[129.233595] (-) TimerEvent: {}
[129.334360] (-) TimerEvent: {}
[129.435237] (-) TimerEvent: {}
[129.535970] (-) TimerEvent: {}
[129.636679] (-) TimerEvent: {}
[129.737353] (-) TimerEvent: {}
[129.838039] (-) TimerEvent: {}
[129.938753] (-) TimerEvent: {}
[130.039474] (-) TimerEvent: {}
[130.141244] (-) TimerEvent: {}
[130.241990] (-) TimerEvent: {}
[130.342827] (-) TimerEvent: {}
[130.443574] (-) TimerEvent: {}
[130.544258] (-) TimerEvent: {}
[130.645103] (-) TimerEvent: {}
[130.745789] (-) TimerEvent: {}
[130.848822] (-) TimerEvent: {}
[130.951806] (-) TimerEvent: {}
[131.052693] (-) TimerEvent: {}
[131.156357] (-) TimerEvent: {}
[131.257132] (-) TimerEvent: {}
[131.357878] (-) TimerEvent: {}
[131.458920] (-) TimerEvent: {}
[131.559612] (-) TimerEvent: {}
[131.660369] (-) TimerEvent: {}
[131.761141] (-) TimerEvent: {}
[131.861827] (-) TimerEvent: {}
[131.962484] (-) TimerEvent: {}
[132.063182] (-) TimerEvent: {}
[132.163830] (-) TimerEvent: {}
[132.264573] (-) TimerEvent: {}
[132.365243] (-) TimerEvent: {}
[132.466359] (-) TimerEvent: {}
[132.567079] (-) TimerEvent: {}
[132.667810] (-) TimerEvent: {}
[132.768483] (-) TimerEvent: {}
[132.869164] (-) TimerEvent: {}
[132.969838] (-) TimerEvent: {}
[133.070514] (-) TimerEvent: {}
[133.171217] (-) TimerEvent: {}
[133.271935] (-) TimerEvent: {}
[133.372617] (-) TimerEvent: {}
[133.473309] (-) TimerEvent: {}
[133.574013] (-) TimerEvent: {}
[133.674734] (-) TimerEvent: {}
[133.775402] (-) TimerEvent: {}
[133.876114] (-) TimerEvent: {}
[133.976816] (-) TimerEvent: {}
[134.077512] (-) TimerEvent: {}
[134.178249] (-) TimerEvent: {}
[134.279080] (-) TimerEvent: {}
[134.379872] (-) TimerEvent: {}
[134.481875] (-) TimerEvent: {}
[134.582951] (-) TimerEvent: {}
[134.684870] (-) TimerEvent: {}
[134.785755] (-) TimerEvent: {}
[134.886733] (-) TimerEvent: {}
[134.987550] (-) TimerEvent: {}
[135.088297] (-) TimerEvent: {}
[135.189052] (-) TimerEvent: {}
[135.289836] (-) TimerEvent: {}
[135.390778] (-) TimerEvent: {}
[135.491481] (-) TimerEvent: {}
[135.592713] (-) TimerEvent: {}
[135.693406] (-) TimerEvent: {}
[135.794060] (-) TimerEvent: {}
[135.894775] (-) TimerEvent: {}
[135.995393] (-) TimerEvent: {}
[136.096093] (-) TimerEvent: {}
[136.196763] (-) TimerEvent: {}
[136.297418] (-) TimerEvent: {}
[136.398142] (-) TimerEvent: {}
[136.498897] (-) TimerEvent: {}
[136.520274] (simple_robot) StdoutLine: {'line': b'[ 33%] \x1b[32mBuilding CXX object CMakeFiles/robot_map_node.dir/src/robot.cpp.o\x1b[0m\n'}
[136.599072] (-) TimerEvent: {}
[136.699803] (-) TimerEvent: {}
[136.800633] (-) TimerEvent: {}
[136.903832] (-) TimerEvent: {}
[137.006366] (-) TimerEvent: {}
[137.109851] (-) TimerEvent: {}
[137.212826] (-) TimerEvent: {}
[137.313701] (-) TimerEvent: {}
[137.415785] (-) TimerEvent: {}
[137.518926] (-) TimerEvent: {}
[137.622826] (-) TimerEvent: {}
[137.723727] (-) TimerEvent: {}
[137.824533] (-) TimerEvent: {}
[137.930101] (-) TimerEvent: {}
[138.031816] (-) TimerEvent: {}
[138.132722] (-) TimerEvent: {}
[138.234637] (-) TimerEvent: {}
[138.336603] (-) TimerEvent: {}
[138.437385] (-) TimerEvent: {}
[138.539041] (-) TimerEvent: {}
[138.643368] (-) TimerEvent: {}
[138.746259] (-) TimerEvent: {}
[138.847166] (-) TimerEvent: {}
[138.949455] (-) TimerEvent: {}
[139.050416] (-) TimerEvent: {}
[139.151409] (-) TimerEvent: {}
[139.254844] (-) TimerEvent: {}
[139.355866] (-) TimerEvent: {}
[139.458075] (-) TimerEvent: {}
[139.559578] (-) TimerEvent: {}
[139.660888] (-) TimerEvent: {}
[139.761816] (-) TimerEvent: {}
[139.862634] (-) TimerEvent: {}
[139.963525] (-) TimerEvent: {}
[140.065555] (-) TimerEvent: {}
[140.171986] (-) TimerEvent: {}
[140.272990] (-) TimerEvent: {}
[140.374821] (-) TimerEvent: {}
[140.478827] (-) TimerEvent: {}
[140.579723] (-) TimerEvent: {}
[140.680692] (-) TimerEvent: {}
[140.781626] (-) TimerEvent: {}
[140.882421] (-) TimerEvent: {}
[140.983225] (-) TimerEvent: {}
[141.083973] (-) TimerEvent: {}
[141.184756] (-) TimerEvent: {}
[141.285465] (-) TimerEvent: {}
[141.386235] (-) TimerEvent: {}
[141.486910] (-) TimerEvent: {}
[141.587688] (-) TimerEvent: {}
[141.688475] (-) TimerEvent: {}
[141.789180] (-) TimerEvent: {}
[141.889898] (-) TimerEvent: {}
[141.990589] (-) TimerEvent: {}
[142.091321] (-) TimerEvent: {}
[142.192014] (-) TimerEvent: {}
[142.292798] (-) TimerEvent: {}
[142.393454] (-) TimerEvent: {}
[142.494146] (-) TimerEvent: {}
[142.594841] (-) TimerEvent: {}
[142.695620] (-) TimerEvent: {}
[142.796450] (-) TimerEvent: {}
[142.897244] (-) TimerEvent: {}
[142.998035] (-) TimerEvent: {}
[143.098806] (-) TimerEvent: {}
[143.199595] (-) TimerEvent: {}
[143.300273] (-) TimerEvent: {}
[143.401107] (-) TimerEvent: {}
[143.501821] (-) TimerEvent: {}
[143.603941] (-) TimerEvent: {}
[143.705806] (-) TimerEvent: {}
[143.806638] (-) TimerEvent: {}
[143.909373] (-) TimerEvent: {}
[144.013829] (-) TimerEvent: {}
[144.114695] (-) TimerEvent: {}
[144.216450] (-) TimerEvent: {}
[144.319800] (-) TimerEvent: {}
[144.420574] (-) TimerEvent: {}
[144.523608] (-) TimerEvent: {}
[144.627709] (-) TimerEvent: {}
[144.729015] (-) TimerEvent: {}
[144.831494] (-) TimerEvent: {}
[144.935809] (-) TimerEvent: {}
[145.036632] (-) TimerEvent: {}
[145.139302] (-) TimerEvent: {}
[145.241487] (-) TimerEvent: {}
[145.343333] (-) TimerEvent: {}
[145.444758] (-) TimerEvent: {}
[145.545627] (-) TimerEvent: {}
[145.646493] (-) TimerEvent: {}
[145.748199] (-) TimerEvent: {}
[145.850569] (-) TimerEvent: {}
[145.953804] (-) TimerEvent: {}
[146.055840] (-) TimerEvent: {}
[146.159589] (-) TimerEvent: {}
[146.263067] (-) TimerEvent: {}
[146.363927] (-) TimerEvent: {}
[146.464751] (-) TimerEvent: {}
[146.565470] (-) TimerEvent: {}
[146.666315] (-) TimerEvent: {}
[146.766955] (-) TimerEvent: {}
[146.867588] (-) TimerEvent: {}
[146.968249] (-) TimerEvent: {}
[147.068881] (-) TimerEvent: {}
[147.169585] (-) TimerEvent: {}
[147.270273] (-) TimerEvent: {}
[147.370922] (-) TimerEvent: {}
[147.471814] (-) TimerEvent: {}
[147.572589] (-) TimerEvent: {}
[147.673442] (-) TimerEvent: {}
[147.774283] (-) TimerEvent: {}
[147.874946] (-) TimerEvent: {}
[147.975858] (-) TimerEvent: {}
[148.076585] (-) TimerEvent: {}
[148.177742] (-) TimerEvent: {}
[148.278613] (-) TimerEvent: {}
[148.379201] (-) TimerEvent: {}
[148.479824] (-) TimerEvent: {}
[148.580444] (-) TimerEvent: {}
[148.681078] (-) TimerEvent: {}
[148.781782] (-) TimerEvent: {}
[148.882435] (-) TimerEvent: {}
[148.983108] (-) TimerEvent: {}
[149.083816] (-) TimerEvent: {}
[149.184421] (-) TimerEvent: {}
[149.285242] (-) TimerEvent: {}
[149.386078] (-) TimerEvent: {}
[149.486809] (-) TimerEvent: {}
[149.587519] (-) TimerEvent: {}
[149.688280] (-) TimerEvent: {}
[149.789059] (-) TimerEvent: {}
[149.891194] (-) TimerEvent: {}
[149.992010] (-) TimerEvent: {}
[150.092763] (-) TimerEvent: {}
[150.193408] (-) TimerEvent: {}
[150.294107] (-) TimerEvent: {}
[150.394835] (-) TimerEvent: {}
[150.495492] (-) TimerEvent: {}
[150.596125] (-) TimerEvent: {}
[150.696774] (-) TimerEvent: {}
[150.797427] (-) TimerEvent: {}
[150.898103] (-) TimerEvent: {}
[150.998742] (-) TimerEvent: {}
[151.099364] (-) TimerEvent: {}
[151.200029] (-) TimerEvent: {}
[151.300717] (-) TimerEvent: {}
[151.401390] (-) TimerEvent: {}
[151.502028] (-) TimerEvent: {}
[151.602713] (-) TimerEvent: {}
[151.703319] (-) TimerEvent: {}
[151.804503] (-) TimerEvent: {}
[151.905767] (-) TimerEvent: {}
[152.006487] (-) TimerEvent: {}
[152.110084] (-) TimerEvent: {}
[152.211824] (-) TimerEvent: {}
[152.312560] (-) TimerEvent: {}
[152.414808] (-) TimerEvent: {}
[152.515574] (-) TimerEvent: {}
[152.616352] (-) TimerEvent: {}
[152.717130] (-) TimerEvent: {}
[152.817826] (-) TimerEvent: {}
[152.918528] (-) TimerEvent: {}
[153.019396] (-) TimerEvent: {}
[153.120076] (-) TimerEvent: {}
[153.220801] (-) TimerEvent: {}
[153.321469] (-) TimerEvent: {}
[153.422101] (-) TimerEvent: {}
[153.522731] (-) TimerEvent: {}
[153.623339] (-) TimerEvent: {}
[153.656951] (simple_robot) StdoutLine: {'line': b'[ 41%] \x1b[32m\x1b[1mLinking CXX executable robot_map_node\x1b[0m\n'}
[153.723531] (-) TimerEvent: {}
[153.824232] (-) TimerEvent: {}
[153.926730] (-) TimerEvent: {}
[154.031039] (-) TimerEvent: {}
[154.135786] (-) TimerEvent: {}
[154.238769] (-) TimerEvent: {}
[154.342825] (-) TimerEvent: {}
[154.443709] (-) TimerEvent: {}
[154.549835] (-) TimerEvent: {}
[154.650829] (-) TimerEvent: {}
[154.751858] (-) TimerEvent: {}
[154.856027] (-) TimerEvent: {}
[154.958915] (-) TimerEvent: {}
[155.060356] (-) TimerEvent: {}
[155.161425] (-) TimerEvent: {}
[155.263926] (-) TimerEvent: {}
[155.364965] (-) TimerEvent: {}
[155.466860] (-) TimerEvent: {}
[155.569882] (-) TimerEvent: {}
[155.672611] (-) TimerEvent: {}
[155.774985] (-) TimerEvent: {}
[155.878993] (-) TimerEvent: {}
[155.983353] (-) TimerEvent: {}
[156.084859] (-) TimerEvent: {}
[156.186794] (-) TimerEvent: {}
[156.290912] (-) TimerEvent: {}
[156.392425] (-) TimerEvent: {}
[156.497108] (-) TimerEvent: {}
[156.598210] (-) TimerEvent: {}
[156.700853] (-) TimerEvent: {}
[156.804826] (-) TimerEvent: {}
[156.905819] (-) TimerEvent: {}
[157.006760] (-) TimerEvent: {}
[157.108977] (-) TimerEvent: {}
[157.209967] (-) TimerEvent: {}
[157.312129] (-) TimerEvent: {}
[157.414946] (-) TimerEvent: {}
[157.518188] (-) TimerEvent: {}
[157.621098] (-) TimerEvent: {}
[157.727610] (-) TimerEvent: {}
[157.830852] (-) TimerEvent: {}
[157.931795] (-) TimerEvent: {}
[158.035126] (-) TimerEvent: {}
[158.135888] (-) TimerEvent: {}
[158.236693] (-) TimerEvent: {}
[158.337492] (-) TimerEvent: {}
[158.438256] (-) TimerEvent: {}
[158.539059] (-) TimerEvent: {}
[158.639943] (-) TimerEvent: {}
[158.740641] (-) TimerEvent: {}
[158.841340] (-) TimerEvent: {}
[158.942025] (-) TimerEvent: {}
[159.042710] (-) TimerEvent: {}
[159.143417] (-) TimerEvent: {}
[159.244085] (-) TimerEvent: {}
[159.344916] (-) TimerEvent: {}
[159.445592] (-) TimerEvent: {}
[159.546273] (-) TimerEvent: {}
[159.646931] (-) TimerEvent: {}
[159.747604] (-) TimerEvent: {}
[159.848266] (-) TimerEvent: {}
[159.949390] (-) TimerEvent: {}
[160.051082] (-) TimerEvent: {}
[160.151808] (-) TimerEvent: {}
[160.252505] (-) TimerEvent: {}
[160.353244] (-) TimerEvent: {}
[160.454253] (-) TimerEvent: {}
[160.554917] (-) TimerEvent: {}
[160.655617] (-) TimerEvent: {}
[160.756330] (-) TimerEvent: {}
[160.856983] (-) TimerEvent: {}
[160.957569] (-) TimerEvent: {}
[161.058258] (-) TimerEvent: {}
[161.158985] (-) TimerEvent: {}
[161.259794] (-) TimerEvent: {}
[161.360503] (-) TimerEvent: {}
[161.461251] (-) TimerEvent: {}
[161.479019] (simple_robot) StdoutLine: {'line': b'[ 50%] Built target robot_map_node\n'}
[161.561463] (-) TimerEvent: {}
[161.566940] (simple_robot) StdoutLine: {'line': b'\x1b[35m\x1b[1mConsolidate compiler generated dependencies of target grid_map\x1b[0m\n'}
[161.661697] (-) TimerEvent: {}
[161.764802] (-) TimerEvent: {}
[161.785018] (simple_robot) StdoutLine: {'line': b'[ 58%] \x1b[32mBuilding CXX object src/CMakeFiles/grid_map.dir/grid_map.cpp.o\x1b[0m\n'}
[161.801633] (simple_robot) StdoutLine: {'line': b'[ 66%] \x1b[32mBuilding CXX object src/CMakeFiles/grid_map.dir/map_utils.cpp.o\x1b[0m\n'}
[161.865763] (-) TimerEvent: {}
[161.967241] (-) TimerEvent: {}
[162.070245] (-) TimerEvent: {}
[162.174986] (-) TimerEvent: {}
[162.276610] (-) TimerEvent: {}
[162.383885] (-) TimerEvent: {}
[162.486815] (-) TimerEvent: {}
[162.587633] (-) TimerEvent: {}
[162.696858] (-) TimerEvent: {}
[162.798871] (-) TimerEvent: {}
[162.903713] (-) TimerEvent: {}
[163.010996] (-) TimerEvent: {}
[163.112992] (-) TimerEvent: {}
[163.218078] (-) TimerEvent: {}
[163.325835] (-) TimerEvent: {}
[163.426792] (-) TimerEvent: {}
[163.534726] (-) TimerEvent: {}
[163.639017] (-) TimerEvent: {}
[163.740841] (-) TimerEvent: {}
[163.843819] (-) TimerEvent: {}
[163.949101] (-) TimerEvent: {}
[164.050047] (-) TimerEvent: {}
[164.161997] (-) TimerEvent: {}
[164.262980] (-) TimerEvent: {}
[164.371455] (-) TimerEvent: {}
[164.472403] (-) TimerEvent: {}
[164.573266] (-) TimerEvent: {}
[164.680417] (-) TimerEvent: {}
[164.781838] (-) TimerEvent: {}
[164.885900] (-) TimerEvent: {}
[164.986819] (-) TimerEvent: {}
[165.087613] (-) TimerEvent: {}
[165.188998] (-) TimerEvent: {}
[165.292837] (-) TimerEvent: {}
[165.393784] (-) TimerEvent: {}
[165.494698] (-) TimerEvent: {}
[165.597002] (-) TimerEvent: {}
[165.698832] (-) TimerEvent: {}
[165.799713] (-) TimerEvent: {}
[165.903190] (-) TimerEvent: {}
[166.004636] (-) TimerEvent: {}
[166.106357] (-) TimerEvent: {}
[166.208551] (-) TimerEvent: {}
[166.313148] (-) TimerEvent: {}
[166.414054] (-) TimerEvent: {}
[166.517801] (-) TimerEvent: {}
[166.619394] (-) TimerEvent: {}
[166.722357] (-) TimerEvent: {}
[166.825948] (-) TimerEvent: {}
[166.929059] (-) TimerEvent: {}
[167.034520] (-) TimerEvent: {}
[167.136898] (-) TimerEvent: {}
[167.242131] (-) TimerEvent: {}
[167.343040] (-) TimerEvent: {}
[167.445824] (-) TimerEvent: {}
[167.546643] (-) TimerEvent: {}
[167.650214] (-) TimerEvent: {}
[167.754461] (-) TimerEvent: {}
[167.855429] (-) TimerEvent: {}
[167.956359] (-) TimerEvent: {}
[168.057883] (-) TimerEvent: {}
[168.160027] (-) TimerEvent: {}
[168.260970] (-) TimerEvent: {}
[168.362812] (-) TimerEvent: {}
[168.463712] (-) TimerEvent: {}
[168.564912] (-) TimerEvent: {}
[168.666419] (-) TimerEvent: {}
[168.767829] (-) TimerEvent: {}
[168.868863] (-) TimerEvent: {}
[168.969686] (-) TimerEvent: {}
[169.070516] (-) TimerEvent: {}
[169.172203] (-) TimerEvent: {}
[169.274864] (-) TimerEvent: {}
[169.377400] (-) TimerEvent: {}
[169.478381] (-) TimerEvent: {}
[169.579243] (-) TimerEvent: {}
[169.680087] (-) TimerEvent: {}
[169.780929] (-) TimerEvent: {}
[169.882793] (-) TimerEvent: {}
[169.983533] (-) TimerEvent: {}
[170.084512] (-) TimerEvent: {}
[170.185989] (-) TimerEvent: {}
[170.286882] (-) TimerEvent: {}
[170.387800] (-) TimerEvent: {}
[170.491806] (-) TimerEvent: {}
[170.592690] (-) TimerEvent: {}
[170.693524] (-) TimerEvent: {}
[170.796294] (-) TimerEvent: {}
[170.898416] (-) TimerEvent: {}
[170.999732] (-) TimerEvent: {}
[171.101145] (-) TimerEvent: {}
[171.202715] (-) TimerEvent: {}
[171.303993] (-) TimerEvent: {}
[171.405276] (-) TimerEvent: {}
[171.506073] (-) TimerEvent: {}
[171.606839] (-) TimerEvent: {}
[171.707781] (-) TimerEvent: {}
[171.808716] (-) TimerEvent: {}
[171.909497] (-) TimerEvent: {}
[172.011888] (-) TimerEvent: {}
[172.113473] (-) TimerEvent: {}
[172.214305] (-) TimerEvent: {}
[172.315104] (-) TimerEvent: {}
[172.416125] (-) TimerEvent: {}
[172.517624] (-) TimerEvent: {}
[172.618483] (-) TimerEvent: {}
[172.719341] (-) TimerEvent: {}
[172.820283] (-) TimerEvent: {}
[172.921214] (-) TimerEvent: {}
[173.023140] (-) TimerEvent: {}
[173.124002] (-) TimerEvent: {}
[173.225771] (-) TimerEvent: {}
[173.329120] (-) TimerEvent: {}
[173.429987] (-) TimerEvent: {}
[173.531283] (-) TimerEvent: {}
[173.632225] (-) TimerEvent: {}
[173.733524] (-) TimerEvent: {}
[173.834829] (-) TimerEvent: {}
[173.935794] (-) TimerEvent: {}
[174.037308] (-) TimerEvent: {}
[174.139183] (-) TimerEvent: {}
[174.240019] (-) TimerEvent: {}
[174.341972] (-) TimerEvent: {}
[174.442786] (-) TimerEvent: {}
[174.544249] (-) TimerEvent: {}
[174.645536] (-) TimerEvent: {}
[174.746401] (-) TimerEvent: {}
[174.847695] (-) TimerEvent: {}
[174.948601] (-) TimerEvent: {}
[175.049452] (-) TimerEvent: {}
[175.154283] (-) TimerEvent: {}
[175.255149] (-) TimerEvent: {}
[175.361829] (-) TimerEvent: {}
[175.462607] (-) TimerEvent: {}
[175.563420] (-) TimerEvent: {}
[175.664239] (-) TimerEvent: {}
[175.765812] (-) TimerEvent: {}
[175.868114] (-) TimerEvent: {}
[175.968998] (-) TimerEvent: {}
[176.071075] (-) TimerEvent: {}
[176.172448] (-) TimerEvent: {}
[176.273401] (-) TimerEvent: {}
[176.374705] (-) TimerEvent: {}
[176.475991] (-) TimerEvent: {}
[176.576952] (-) TimerEvent: {}
[176.678178] (-) TimerEvent: {}
[176.779720] (-) TimerEvent: {}
[176.880588] (-) TimerEvent: {}
[176.981407] (-) TimerEvent: {}
[177.082194] (-) TimerEvent: {}
[177.183794] (-) TimerEvent: {}
[177.286969] (-) TimerEvent: {}
[177.389027] (-) TimerEvent: {}
[177.491628] (-) TimerEvent: {}
[177.592576] (-) TimerEvent: {}
[177.695112] (-) TimerEvent: {}
[177.800554] (-) TimerEvent: {}
[177.905813] (-) TimerEvent: {}
[178.006571] (-) TimerEvent: {}
[178.108481] (-) TimerEvent: {}
[178.209966] (-) TimerEvent: {}
[178.312216] (-) TimerEvent: {}
[178.413080] (-) TimerEvent: {}
[178.516810] (-) TimerEvent: {}
[178.618368] (-) TimerEvent: {}
[178.722512] (-) TimerEvent: {}
[178.829827] (-) TimerEvent: {}
[178.930592] (-) TimerEvent: {}
[179.031486] (-) TimerEvent: {}
[179.133934] (-) TimerEvent: {}
[179.234785] (-) TimerEvent: {}
[179.336732] (-) TimerEvent: {}
[179.437711] (-) TimerEvent: {}
[179.538557] (-) TimerEvent: {}
[179.639435] (-) TimerEvent: {}
[179.741205] (-) TimerEvent: {}
[179.842470] (-) TimerEvent: {}
[179.944484] (-) TimerEvent: {}
[180.045851] (-) TimerEvent: {}
[180.148174] (-) TimerEvent: {}
[180.248965] (-) TimerEvent: {}
[180.350823] (-) TimerEvent: {}
[180.452807] (-) TimerEvent: {}
[180.554226] (-) TimerEvent: {}
[180.658147] (-) TimerEvent: {}
[180.759114] (-) TimerEvent: {}
[180.859976] (-) TimerEvent: {}
[180.960747] (-) TimerEvent: {}
[181.061564] (-) TimerEvent: {}
[181.163012] (-) TimerEvent: {}
[181.263927] (-) TimerEvent: {}
[181.365170] (-) TimerEvent: {}
[181.465941] (-) TimerEvent: {}
[181.566811] (-) TimerEvent: {}
[181.667703] (-) TimerEvent: {}
[181.768467] (-) TimerEvent: {}
[181.869255] (-) TimerEvent: {}
[181.970056] (-) TimerEvent: {}
[182.070802] (-) TimerEvent: {}
[182.171521] (-) TimerEvent: {}
[182.272273] (-) TimerEvent: {}
[182.372986] (-) TimerEvent: {}
[182.473744] (-) TimerEvent: {}
[182.574410] (-) TimerEvent: {}
[182.675123] (-) TimerEvent: {}
[182.775813] (-) TimerEvent: {}
[182.876526] (-) TimerEvent: {}
[182.977962] (-) TimerEvent: {}
[183.078743] (-) TimerEvent: {}
[183.179954] (-) TimerEvent: {}
[183.280618] (-) TimerEvent: {}
[183.381294] (-) TimerEvent: {}
[183.481941] (-) TimerEvent: {}
[183.552933] (simple_robot) StdoutLine: {'line': b'[ 75%] \x1b[32mBuilding CXX object src/CMakeFiles/grid_map.dir/main.cpp.o\x1b[0m\n'}
[183.582128] (-) TimerEvent: {}
[183.682819] (-) TimerEvent: {}
[183.783612] (-) TimerEvent: {}
[183.886833] (-) TimerEvent: {}
[183.989451] (-) TimerEvent: {}
[184.091808] (-) TimerEvent: {}
[184.193464] (-) TimerEvent: {}
[184.297827] (-) TimerEvent: {}
[184.398746] (-) TimerEvent: {}
[184.501804] (-) TimerEvent: {}
[184.602697] (-) TimerEvent: {}
[184.703525] (-) TimerEvent: {}
[184.804440] (-) TimerEvent: {}
[184.906791] (-) TimerEvent: {}
[185.010015] (-) TimerEvent: {}
[185.111204] (-) TimerEvent: {}
[185.216757] (-) TimerEvent: {}
[185.318923] (-) TimerEvent: {}
[185.429393] (-) TimerEvent: {}
[185.531488] (-) TimerEvent: {}
[185.637793] (-) TimerEvent: {}
[185.740386] (-) TimerEvent: {}
[185.845159] (-) TimerEvent: {}
[185.946279] (-) TimerEvent: {}
[186.047525] (-) TimerEvent: {}
[186.149689] (-) TimerEvent: {}
[186.250516] (-) TimerEvent: {}
[186.351985] (-) TimerEvent: {}
[186.453921] (-) TimerEvent: {}
[186.557198] (-) TimerEvent: {}
[186.659027] (-) TimerEvent: {}
[186.759929] (-) TimerEvent: {}
[186.860826] (-) TimerEvent: {}
[186.962702] (-) TimerEvent: {}
[187.063554] (-) TimerEvent: {}
[187.164359] (-) TimerEvent: {}
[187.265169] (-) TimerEvent: {}
[187.366025] (-) TimerEvent: {}
[187.467069] (-) TimerEvent: {}
[187.567993] (-) TimerEvent: {}
[187.668831] (-) TimerEvent: {}
[187.772817] (-) TimerEvent: {}
[187.873780] (-) TimerEvent: {}
[187.975281] (-) TimerEvent: {}
[188.077166] (-) TimerEvent: {}
[188.178303] (-) TimerEvent: {}
[188.279316] (-) TimerEvent: {}
[188.380150] (-) TimerEvent: {}
[188.481018] (-) TimerEvent: {}
[188.581741] (-) TimerEvent: {}
[188.682486] (-) TimerEvent: {}
[188.783331] (-) TimerEvent: {}
[188.884090] (-) TimerEvent: {}
[188.984806] (-) TimerEvent: {}
[189.085530] (-) TimerEvent: {}
[189.186243] (-) TimerEvent: {}
[189.287081] (-) TimerEvent: {}
[189.387833] (-) TimerEvent: {}
[189.488567] (-) TimerEvent: {}
[189.589234] (-) TimerEvent: {}
[189.689861] (-) TimerEvent: {}
[189.790511] (-) TimerEvent: {}
[189.891218] (-) TimerEvent: {}
[189.991873] (-) TimerEvent: {}
[190.092541] (-) TimerEvent: {}
[190.193237] (-) TimerEvent: {}
[190.294149] (-) TimerEvent: {}
[190.394939] (-) TimerEvent: {}
[190.496839] (-) TimerEvent: {}
[190.597523] (-) TimerEvent: {}
[190.698223] (-) TimerEvent: {}
[190.798835] (-) TimerEvent: {}
[190.899499] (-) TimerEvent: {}
[191.000197] (-) TimerEvent: {}
[191.100834] (-) TimerEvent: {}
[191.201489] (-) TimerEvent: {}
[191.302206] (-) TimerEvent: {}
[191.402835] (-) TimerEvent: {}
[191.503506] (-) TimerEvent: {}
[191.604217] (-) TimerEvent: {}
[191.704836] (-) TimerEvent: {}
[191.805499] (-) TimerEvent: {}
[191.906183] (-) TimerEvent: {}
[192.006837] (-) TimerEvent: {}
[192.107468] (-) TimerEvent: {}
[192.208315] (-) TimerEvent: {}
[192.309042] (-) TimerEvent: {}
[192.409749] (-) TimerEvent: {}
[192.510441] (-) TimerEvent: {}
[192.611795] (-) TimerEvent: {}
[192.712483] (-) TimerEvent: {}
[192.813605] (-) TimerEvent: {}
[192.914260] (-) TimerEvent: {}
[193.015132] (-) TimerEvent: {}
[193.115910] (-) TimerEvent: {}
[193.216701] (-) TimerEvent: {}
[193.317470] (-) TimerEvent: {}
[193.418279] (-) TimerEvent: {}
[193.519085] (-) TimerEvent: {}
[193.619818] (-) TimerEvent: {}
[193.720583] (-) TimerEvent: {}
[193.821312] (-) TimerEvent: {}
[193.922049] (-) TimerEvent: {}
[194.022815] (-) TimerEvent: {}
[194.123558] (-) TimerEvent: {}
[194.224309] (-) TimerEvent: {}
[194.325230] (-) TimerEvent: {}
[194.426599] (-) TimerEvent: {}
[194.527956] (-) TimerEvent: {}
[194.628710] (-) TimerEvent: {}
[194.729480] (-) TimerEvent: {}
[194.830289] (-) TimerEvent: {}
[194.931916] (-) TimerEvent: {}
[195.032788] (-) TimerEvent: {}
[195.133624] (-) TimerEvent: {}
[195.234715] (-) TimerEvent: {}
[195.335349] (-) TimerEvent: {}
[195.436005] (-) TimerEvent: {}
[195.536799] (-) TimerEvent: {}
[195.637550] (-) TimerEvent: {}
[195.738339] (-) TimerEvent: {}
[195.839094] (-) TimerEvent: {}
[195.939893] (-) TimerEvent: {}
[196.040703] (-) TimerEvent: {}
[196.141452] (-) TimerEvent: {}
[196.242231] (-) TimerEvent: {}
[196.342991] (-) TimerEvent: {}
[196.443775] (-) TimerEvent: {}
[196.544544] (-) TimerEvent: {}
[196.645340] (-) TimerEvent: {}
[196.746145] (-) TimerEvent: {}
[196.846910] (-) TimerEvent: {}
[196.947715] (-) TimerEvent: {}
[197.048464] (-) TimerEvent: {}
[197.149222] (-) TimerEvent: {}
[197.249926] (-) TimerEvent: {}
[197.350709] (-) TimerEvent: {}
[197.451376] (-) TimerEvent: {}
[197.552076] (-) TimerEvent: {}
[197.652786] (-) TimerEvent: {}
[197.753500] (-) TimerEvent: {}
[197.854270] (-) TimerEvent: {}
[197.954971] (-) TimerEvent: {}
[198.055707] (-) TimerEvent: {}
[198.156340] (-) TimerEvent: {}
[198.257070] (-) TimerEvent: {}
[198.357808] (-) TimerEvent: {}
[198.458483] (-) TimerEvent: {}
[198.559451] (-) TimerEvent: {}
[198.660158] (-) TimerEvent: {}
[198.760797] (-) TimerEvent: {}
[198.861466] (-) TimerEvent: {}
[198.962111] (-) TimerEvent: {}
[199.062774] (-) TimerEvent: {}
[199.163425] (-) TimerEvent: {}
[199.264382] (-) TimerEvent: {}
[199.367258] (-) TimerEvent: {}
[199.468122] (-) TimerEvent: {}
[199.569025] (-) TimerEvent: {}
[199.669764] (-) TimerEvent: {}
[199.770486] (-) TimerEvent: {}
[199.871169] (-) TimerEvent: {}
[199.971838] (-) TimerEvent: {}
[200.072492] (-) TimerEvent: {}
[200.173136] (-) TimerEvent: {}
[200.273820] (-) TimerEvent: {}
[200.374483] (-) TimerEvent: {}
[200.475356] (-) TimerEvent: {}
[200.576106] (-) TimerEvent: {}
[200.676830] (-) TimerEvent: {}
[200.777555] (-) TimerEvent: {}
[200.878298] (-) TimerEvent: {}
[200.979008] (-) TimerEvent: {}
[201.079719] (-) TimerEvent: {}
[201.180379] (-) TimerEvent: {}
[201.281067] (-) TimerEvent: {}
[201.381775] (-) TimerEvent: {}
[201.482503] (-) TimerEvent: {}
[201.583229] (-) TimerEvent: {}
[201.686254] (-) TimerEvent: {}
[201.786989] (-) TimerEvent: {}
[201.888167] (-) TimerEvent: {}
[201.988835] (-) TimerEvent: {}
[202.089507] (-) TimerEvent: {}
[202.190211] (-) TimerEvent: {}
[202.290871] (-) TimerEvent: {}
[202.391525] (-) TimerEvent: {}
[202.492188] (-) TimerEvent: {}
[202.592832] (-) TimerEvent: {}
[202.693456] (-) TimerEvent: {}
[202.794152] (-) TimerEvent: {}
[202.894787] (-) TimerEvent: {}
[202.995507] (-) TimerEvent: {}
[203.096196] (-) TimerEvent: {}
[203.196844] (-) TimerEvent: {}
[203.297513] (-) TimerEvent: {}
[203.398188] (-) TimerEvent: {}
[203.498822] (-) TimerEvent: {}
[203.599450] (-) TimerEvent: {}
[203.700123] (-) TimerEvent: {}
[203.800845] (-) TimerEvent: {}
[203.901722] (-) TimerEvent: {}
[204.002536] (-) TimerEvent: {}
[204.104169] (-) TimerEvent: {}
[204.204907] (-) TimerEvent: {}
[204.305699] (-) TimerEvent: {}
[204.406478] (-) TimerEvent: {}
[204.507153] (-) TimerEvent: {}
[204.607826] (-) TimerEvent: {}
[204.708495] (-) TimerEvent: {}
[204.809190] (-) TimerEvent: {}
[204.909811] (-) TimerEvent: {}
[205.010591] (-) TimerEvent: {}
[205.111281] (-) TimerEvent: {}
[205.211928] (-) TimerEvent: {}
[205.312646] (-) TimerEvent: {}
[205.413312] (-) TimerEvent: {}
[205.514119] (-) TimerEvent: {}
[205.614792] (-) TimerEvent: {}
[205.715455] (-) TimerEvent: {}
[205.816274] (-) TimerEvent: {}
[205.917084] (-) TimerEvent: {}
[206.017840] (-) TimerEvent: {}
[206.118544] (-) TimerEvent: {}
[206.219328] (-) TimerEvent: {}
[206.320561] (-) TimerEvent: {}
[206.421374] (-) TimerEvent: {}
[206.522146] (-) TimerEvent: {}
[206.622846] (-) TimerEvent: {}
[206.723582] (-) TimerEvent: {}
[206.824328] (-) TimerEvent: {}
[206.925031] (-) TimerEvent: {}
[207.025778] (-) TimerEvent: {}
[207.126471] (-) TimerEvent: {}
[207.227204] (-) TimerEvent: {}
[207.327906] (-) TimerEvent: {}
[207.428691] (-) TimerEvent: {}
[207.529351] (-) TimerEvent: {}
[207.630103] (-) TimerEvent: {}
[207.730832] (-) TimerEvent: {}
[207.831545] (-) TimerEvent: {}
[207.932333] (-) TimerEvent: {}
[208.033034] (-) TimerEvent: {}
[208.133789] (-) TimerEvent: {}
[208.234507] (-) TimerEvent: {}
[208.335250] (-) TimerEvent: {}
[208.436086] (-) TimerEvent: {}
[208.537618] (-) TimerEvent: {}
[208.638440] (-) TimerEvent: {}
[208.739211] (-) TimerEvent: {}
[208.839905] (-) TimerEvent: {}
[208.940594] (-) TimerEvent: {}
[209.041326] (-) TimerEvent: {}
[209.142129] (-) TimerEvent: {}
[209.242819] (-) TimerEvent: {}
[209.343677] (-) TimerEvent: {}
[209.444377] (-) TimerEvent: {}
[209.545088] (-) TimerEvent: {}
[209.645802] (-) TimerEvent: {}
[209.746513] (-) TimerEvent: {}
[209.847262] (-) TimerEvent: {}
[209.948036] (-) TimerEvent: {}
[210.048796] (-) TimerEvent: {}
[210.149502] (-) TimerEvent: {}
[210.250271] (-) TimerEvent: {}
[210.350955] (-) TimerEvent: {}
[210.451737] (-) TimerEvent: {}
[210.552522] (-) TimerEvent: {}
[210.653311] (-) TimerEvent: {}
[210.754119] (-) TimerEvent: {}
[210.854875] (-) TimerEvent: {}
[210.955584] (-) TimerEvent: {}
[211.056342] (-) TimerEvent: {}
[211.157067] (-) TimerEvent: {}
[211.257767] (-) TimerEvent: {}
[211.358444] (-) TimerEvent: {}
[211.459172] (-) TimerEvent: {}
[211.559876] (-) TimerEvent: {}
[211.660576] (-) TimerEvent: {}
[211.761268] (-) TimerEvent: {}
[211.862008] (-) TimerEvent: {}
[211.962734] (-) TimerEvent: {}
[212.063451] (-) TimerEvent: {}
[212.164235] (-) TimerEvent: {}
[212.264984] (-) TimerEvent: {}
[212.365727] (-) TimerEvent: {}
[212.466467] (-) TimerEvent: {}
[212.567214] (-) TimerEvent: {}
[212.667837] (-) TimerEvent: {}
[212.768548] (-) TimerEvent: {}
[212.869289] (-) TimerEvent: {}
[212.970028] (-) TimerEvent: {}
[213.070791] (-) TimerEvent: {}
[213.171590] (-) TimerEvent: {}
[213.273176] (-) TimerEvent: {}
[213.373999] (-) TimerEvent: {}
[213.474762] (-) TimerEvent: {}
[213.575503] (-) TimerEvent: {}
[213.676252] (-) TimerEvent: {}
[213.776975] (-) TimerEvent: {}
[213.877702] (-) TimerEvent: {}
[213.978503] (-) TimerEvent: {}
[214.079223] (-) TimerEvent: {}
[214.179898] (-) TimerEvent: {}
[214.281144] (-) TimerEvent: {}
[214.381935] (-) TimerEvent: {}
[214.482588] (-) TimerEvent: {}
[214.583270] (-) TimerEvent: {}
[214.683913] (-) TimerEvent: {}
[214.784487] (-) TimerEvent: {}
[214.885164] (-) TimerEvent: {}
[214.985839] (-) TimerEvent: {}
[215.086518] (-) TimerEvent: {}
[215.187245] (-) TimerEvent: {}
[215.288427] (-) TimerEvent: {}
[215.390875] (-) TimerEvent: {}
[215.491750] (-) TimerEvent: {}
[215.592566] (-) TimerEvent: {}
[215.693304] (-) TimerEvent: {}
[215.794063] (-) TimerEvent: {}
[215.894780] (-) TimerEvent: {}
[215.995498] (-) TimerEvent: {}
[216.096303] (-) TimerEvent: {}
[216.197063] (-) TimerEvent: {}
[216.297822] (-) TimerEvent: {}
[216.398579] (-) TimerEvent: {}
[216.499315] (-) TimerEvent: {}
[216.600100] (-) TimerEvent: {}
[216.700820] (-) TimerEvent: {}
[216.801645] (-) TimerEvent: {}
[216.902446] (-) TimerEvent: {}
[217.003244] (-) TimerEvent: {}
[217.104044] (-) TimerEvent: {}
[217.204813] (-) TimerEvent: {}
[217.305532] (-) TimerEvent: {}
[217.406339] (-) TimerEvent: {}
[217.507100] (-) TimerEvent: {}
[217.607823] (-) TimerEvent: {}
[217.710045] (-) TimerEvent: {}
[217.810908] (-) TimerEvent: {}
[217.911741] (-) TimerEvent: {}
[218.012514] (-) TimerEvent: {}
[218.113303] (-) TimerEvent: {}
[218.214083] (-) TimerEvent: {}
[218.314904] (-) TimerEvent: {}
[218.415727] (-) TimerEvent: {}
[218.516512] (-) TimerEvent: {}
[218.617356] (-) TimerEvent: {}
[218.718262] (-) TimerEvent: {}
[218.819094] (-) TimerEvent: {}
[218.919852] (-) TimerEvent: {}
[219.020575] (-) TimerEvent: {}
[219.121282] (-) TimerEvent: {}
[219.222029] (-) TimerEvent: {}
[219.323907] (-) TimerEvent: {}
[219.424689] (-) TimerEvent: {}
[219.525418] (-) TimerEvent: {}
[219.626167] (-) TimerEvent: {}
[219.726953] (-) TimerEvent: {}
[219.827743] (-) TimerEvent: {}
[219.932055] (-) TimerEvent: {}
[220.033553] (-) TimerEvent: {}
[220.134285] (-) TimerEvent: {}
[220.235766] (-) TimerEvent: {}
[220.336457] (-) TimerEvent: {}
[220.437264] (-) TimerEvent: {}
[220.538100] (-) TimerEvent: {}
[220.638869] (-) TimerEvent: {}
[220.740229] (-) TimerEvent: {}
[220.840909] (-) TimerEvent: {}
[220.941625] (-) TimerEvent: {}
[221.042383] (-) TimerEvent: {}
[221.143144] (-) TimerEvent: {}
[221.243837] (-) TimerEvent: {}
[221.344570] (-) TimerEvent: {}
[221.445320] (-) TimerEvent: {}
[221.546069] (-) TimerEvent: {}
[221.646813] (-) TimerEvent: {}
[221.747544] (-) TimerEvent: {}
[221.848280] (-) TimerEvent: {}
[221.948998] (-) TimerEvent: {}
[222.049720] (-) TimerEvent: {}
[222.150439] (-) TimerEvent: {}
[222.251353] (-) TimerEvent: {}
[222.352521] (-) TimerEvent: {}
[222.453297] (-) TimerEvent: {}
[222.554150] (-) TimerEvent: {}
[222.654895] (-) TimerEvent: {}
[222.755623] (-) TimerEvent: {}
[222.856450] (-) TimerEvent: {}
[222.957212] (-) TimerEvent: {}
[223.057954] (-) TimerEvent: {}
[223.158744] (-) TimerEvent: {}
[223.259557] (-) TimerEvent: {}
[223.360404] (-) TimerEvent: {}
[223.461140] (-) TimerEvent: {}
[223.561812] (-) TimerEvent: {}
[223.662465] (-) TimerEvent: {}
[223.763157] (-) TimerEvent: {}
[223.863818] (-) TimerEvent: {}
[223.964478] (-) TimerEvent: {}
[224.065217] (-) TimerEvent: {}
[224.165860] (-) TimerEvent: {}
[224.266511] (-) TimerEvent: {}
[224.367330] (-) TimerEvent: {}
[224.468043] (-) TimerEvent: {}
[224.568785] (-) TimerEvent: {}
[224.669452] (-) TimerEvent: {}
[224.770196] (-) TimerEvent: {}
[224.870845] (-) TimerEvent: {}
[224.971530] (-) TimerEvent: {}
[225.072294] (-) TimerEvent: {}
[225.173004] (-) TimerEvent: {}
[225.273782] (-) TimerEvent: {}
[225.374434] (-) TimerEvent: {}
[225.475183] (-) TimerEvent: {}
[225.575932] (-) TimerEvent: {}
[225.676681] (-) TimerEvent: {}
[225.777352] (-) TimerEvent: {}
[225.878022] (-) TimerEvent: {}
[225.978724] (-) TimerEvent: {}
[226.079484] (-) TimerEvent: {}
[226.180236] (-) TimerEvent: {}
[226.280932] (-) TimerEvent: {}
[226.381624] (-) TimerEvent: {}
[226.482321] (-) TimerEvent: {}
[226.583017] (-) TimerEvent: {}
[226.687814] (-) TimerEvent: {}
[226.788768] (-) TimerEvent: {}
[226.892798] (-) TimerEvent: {}
[226.993712] (-) TimerEvent: {}
[227.095362] (-) TimerEvent: {}
[227.199160] (-) TimerEvent: {}
[227.299964] (-) TimerEvent: {}
[227.400634] (-) TimerEvent: {}
[227.501318] (-) TimerEvent: {}
[227.602012] (-) TimerEvent: {}
[227.702699] (-) TimerEvent: {}
[227.803357] (-) TimerEvent: {}
[227.903991] (-) TimerEvent: {}
[228.004914] (-) TimerEvent: {}
[228.105550] (-) TimerEvent: {}
[228.206364] (-) TimerEvent: {}
[228.307174] (-) TimerEvent: {}
[228.407897] (-) TimerEvent: {}
[228.508603] (-) TimerEvent: {}
[228.609369] (-) TimerEvent: {}
[228.710136] (-) TimerEvent: {}
[228.810837] (-) TimerEvent: {}
[228.911513] (-) TimerEvent: {}
[229.012258] (-) TimerEvent: {}
[229.113036] (-) TimerEvent: {}
[229.213950] (-) TimerEvent: {}
[229.315830] (-) TimerEvent: {}
[229.418116] (-) TimerEvent: {}
[229.518815] (-) TimerEvent: {}
[229.619577] (-) TimerEvent: {}
[229.720422] (-) TimerEvent: {}
[229.821283] (-) TimerEvent: {}
[229.922139] (-) TimerEvent: {}
[230.023005] (-) TimerEvent: {}
[230.123812] (-) TimerEvent: {}
[230.224601] (-) TimerEvent: {}
[230.325374] (-) TimerEvent: {}
[230.426111] (-) TimerEvent: {}
[230.526926] (-) TimerEvent: {}
[230.627606] (-) TimerEvent: {}
[230.728390] (-) TimerEvent: {}
[230.829178] (-) TimerEvent: {}
[230.929891] (-) TimerEvent: {}
[231.030619] (-) TimerEvent: {}
[231.131318] (-) TimerEvent: {}
[231.232048] (-) TimerEvent: {}
[231.332794] (-) TimerEvent: {}
[231.433478] (-) TimerEvent: {}
[231.534366] (-) TimerEvent: {}
[231.635118] (-) TimerEvent: {}
[231.735888] (-) TimerEvent: {}
[231.836723] (-) TimerEvent: {}
[231.937452] (-) TimerEvent: {}
[232.038158] (-) TimerEvent: {}
[232.138797] (-) TimerEvent: {}
[232.239483] (-) TimerEvent: {}
[232.340252] (-) TimerEvent: {}
[232.440990] (-) TimerEvent: {}
[232.541734] (-) TimerEvent: {}
[232.642421] (-) TimerEvent: {}
[232.743268] (-) TimerEvent: {}
[232.843985] (-) TimerEvent: {}
[232.945440] (-) TimerEvent: {}
[233.046175] (-) TimerEvent: {}
[233.146916] (-) TimerEvent: {}
[233.247598] (-) TimerEvent: {}
[233.348278] (-) TimerEvent: {}
[233.450820] (-) TimerEvent: {}
[233.551592] (-) TimerEvent: {}
[233.652376] (-) TimerEvent: {}
[233.753801] (-) TimerEvent: {}
[233.855803] (-) TimerEvent: {}
[233.956528] (-) TimerEvent: {}
[234.057311] (-) TimerEvent: {}
[234.158734] (-) TimerEvent: {}
[234.259475] (-) TimerEvent: {}
[234.360944] (-) TimerEvent: {}
[234.461706] (-) TimerEvent: {}
[234.562359] (-) TimerEvent: {}
[234.663031] (-) TimerEvent: {}
[234.763699] (-) TimerEvent: {}
[234.864359] (-) TimerEvent: {}
[234.965041] (-) TimerEvent: {}
[235.065719] (-) TimerEvent: {}
[235.166353] (-) TimerEvent: {}
[235.266994] (-) TimerEvent: {}
[235.367726] (-) TimerEvent: {}
[235.468475] (-) TimerEvent: {}
[235.569236] (-) TimerEvent: {}
[235.669945] (-) TimerEvent: {}
[235.770627] (-) TimerEvent: {}
[235.871361] (-) TimerEvent: {}
[235.972085] (-) TimerEvent: {}
[236.072827] (-) TimerEvent: {}
[236.175026] (-) TimerEvent: {}
[236.275820] (-) TimerEvent: {}
[236.376697] (-) TimerEvent: {}
[236.477404] (-) TimerEvent: {}
[236.578146] (-) TimerEvent: {}
[236.678814] (-) TimerEvent: {}
[236.779463] (-) TimerEvent: {}
[236.880177] (-) TimerEvent: {}
[236.980825] (-) TimerEvent: {}
[237.081481] (-) TimerEvent: {}
[237.182164] (-) TimerEvent: {}
[237.282841] (-) TimerEvent: {}
[237.383480] (-) TimerEvent: {}
[237.484177] (-) TimerEvent: {}
[237.584840] (-) TimerEvent: {}
[237.685554] (-) TimerEvent: {}
[237.786223] (-) TimerEvent: {}
[237.886928] (-) TimerEvent: {}
[237.987559] (-) TimerEvent: {}
[238.088258] (-) TimerEvent: {}
[238.188941] (-) TimerEvent: {}
[238.290507] (-) TimerEvent: {}
[238.391130] (-) TimerEvent: {}
[238.491827] (-) TimerEvent: {}
[238.592627] (-) TimerEvent: {}
[238.693372] (-) TimerEvent: {}
[238.795533] (-) TimerEvent: {}
[238.896240] (-) TimerEvent: {}
[238.996870] (-) TimerEvent: {}
[239.097527] (-) TimerEvent: {}
[239.198244] (-) TimerEvent: {}
[239.299169] (-) TimerEvent: {}
[239.399935] (-) TimerEvent: {}
[239.500627] (-) TimerEvent: {}
[239.601352] (-) TimerEvent: {}
[239.702053] (-) TimerEvent: {}
[239.802771] (-) TimerEvent: {}
[239.903463] (-) TimerEvent: {}
[240.006809] (-) TimerEvent: {}
[240.107576] (-) TimerEvent: {}
[240.208350] (-) TimerEvent: {}
[240.311548] (-) TimerEvent: {}
[240.414359] (-) TimerEvent: {}
[240.515239] (-) TimerEvent: {}
[240.616000] (-) TimerEvent: {}
[240.716725] (-) TimerEvent: {}
[240.817527] (-) TimerEvent: {}
[240.918348] (-) TimerEvent: {}
[241.019586] (-) TimerEvent: {}
[241.120346] (-) TimerEvent: {}
[241.221049] (-) TimerEvent: {}
[241.321769] (-) TimerEvent: {}
[241.422469] (-) TimerEvent: {}
[241.523215] (-) TimerEvent: {}
[241.623931] (-) TimerEvent: {}
[241.724613] (-) TimerEvent: {}
[241.825336] (-) TimerEvent: {}
[241.926060] (-) TimerEvent: {}
[242.026789] (-) TimerEvent: {}
[242.127476] (-) TimerEvent: {}
[242.228195] (-) TimerEvent: {}
[242.328943] (-) TimerEvent: {}
[242.429583] (-) TimerEvent: {}
[242.530272] (-) TimerEvent: {}
[242.630890] (-) TimerEvent: {}
[242.731531] (-) TimerEvent: {}
[242.832184] (-) TimerEvent: {}
[242.932849] (-) TimerEvent: {}
[243.033518] (-) TimerEvent: {}
[243.137806] (-) TimerEvent: {}
[243.238540] (-) TimerEvent: {}
[243.339305] (-) TimerEvent: {}
[243.439932] (-) TimerEvent: {}
[243.540580] (-) TimerEvent: {}
[243.641259] (-) TimerEvent: {}
[243.741901] (-) TimerEvent: {}
[243.842683] (-) TimerEvent: {}
[243.943288] (-) TimerEvent: {}
[244.043885] (-) TimerEvent: {}
[244.144524] (-) TimerEvent: {}
[244.245170] (-) TimerEvent: {}
[244.345978] (-) TimerEvent: {}
[244.446734] (-) TimerEvent: {}
[244.547420] (-) TimerEvent: {}
[244.648137] (-) TimerEvent: {}
[244.748836] (-) TimerEvent: {}
[244.849574] (-) TimerEvent: {}
[244.950302] (-) TimerEvent: {}
[245.051030] (-) TimerEvent: {}
[245.151738] (-) TimerEvent: {}
[245.252412] (-) TimerEvent: {}
[245.353880] (-) TimerEvent: {}
[245.454629] (-) TimerEvent: {}
[245.555713] (-) TimerEvent: {}
[245.656559] (-) TimerEvent: {}
[245.757291] (-) TimerEvent: {}
[245.858018] (-) TimerEvent: {}
[245.958732] (-) TimerEvent: {}
[246.059427] (-) TimerEvent: {}
[246.160159] (-) TimerEvent: {}
[246.260937] (-) TimerEvent: {}
[246.361642] (-) TimerEvent: {}
[246.462357] (-) TimerEvent: {}
[246.563124] (-) TimerEvent: {}
[246.665818] (-) TimerEvent: {}
[246.766623] (-) TimerEvent: {}
[246.869097] (-) TimerEvent: {}
[246.969928] (-) TimerEvent: {}
[247.070627] (-) TimerEvent: {}
[247.171311] (-) TimerEvent: {}
[247.271952] (-) TimerEvent: {}
[247.372647] (-) TimerEvent: {}
[247.473394] (-) TimerEvent: {}
[247.574043] (-) TimerEvent: {}
[247.674820] (-) TimerEvent: {}
[247.775760] (-) TimerEvent: {}
[247.876553] (-) TimerEvent: {}
[247.977269] (-) TimerEvent: {}
[248.077983] (-) TimerEvent: {}
[248.178708] (-) TimerEvent: {}
[248.279396] (-) TimerEvent: {}
[248.380124] (-) TimerEvent: {}
[248.480821] (-) TimerEvent: {}
[248.581497] (-) TimerEvent: {}
[248.682245] (-) TimerEvent: {}
[248.782889] (-) TimerEvent: {}
[248.883498] (-) TimerEvent: {}
[248.984148] (-) TimerEvent: {}
[249.084768] (-) TimerEvent: {}
[249.185419] (-) TimerEvent: {}
[249.286224] (-) TimerEvent: {}
[249.387146] (-) TimerEvent: {}
[249.487842] (-) TimerEvent: {}
[249.588480] (-) TimerEvent: {}
[249.689164] (-) TimerEvent: {}
[249.789818] (-) TimerEvent: {}
[249.890461] (-) TimerEvent: {}
[249.991283] (-) TimerEvent: {}
[250.092094] (-) TimerEvent: {}
[250.192779] (-) TimerEvent: {}
[250.293377] (-) TimerEvent: {}
[250.394038] (-) TimerEvent: {}
[250.494800] (-) TimerEvent: {}
[250.595521] (-) TimerEvent: {}
[250.696219] (-) TimerEvent: {}
[250.796957] (-) TimerEvent: {}
[250.897598] (-) TimerEvent: {}
[250.998316] (-) TimerEvent: {}
[251.099050] (-) TimerEvent: {}
[251.199699] (-) TimerEvent: {}
[251.300340] (-) TimerEvent: {}
[251.401069] (-) TimerEvent: {}
[251.501705] (-) TimerEvent: {}
[251.602362] (-) TimerEvent: {}
[251.702997] (-) TimerEvent: {}
[251.803716] (-) TimerEvent: {}
[251.904415] (-) TimerEvent: {}
[252.005114] (-) TimerEvent: {}
[252.105760] (-) TimerEvent: {}
[252.206566] (-) TimerEvent: {}
[252.307320] (-) TimerEvent: {}
[252.408073] (-) TimerEvent: {}
[252.508748] (-) TimerEvent: {}
[252.609359] (-) TimerEvent: {}
[252.709992] (-) TimerEvent: {}
[252.810595] (-) TimerEvent: {}
[252.911205] (-) TimerEvent: {}
[253.012059] (-) TimerEvent: {}
[253.114109] (-) TimerEvent: {}
[253.214835] (-) TimerEvent: {}
[253.317067] (-) TimerEvent: {}
[253.421813] (-) TimerEvent: {}
[253.522624] (-) TimerEvent: {}
[253.623384] (-) TimerEvent: {}
[253.724133] (-) TimerEvent: {}
[253.824807] (-) TimerEvent: {}
[253.925479] (-) TimerEvent: {}
[254.026205] (-) TimerEvent: {}
[254.126962] (-) TimerEvent: {}
[254.228858] (-) TimerEvent: {}
[254.329726] (-) TimerEvent: {}
[254.430735] (-) TimerEvent: {}
[254.533023] (-) TimerEvent: {}
[254.633899] (-) TimerEvent: {}
[254.734621] (-) TimerEvent: {}
[254.835361] (-) TimerEvent: {}
[254.936002] (-) TimerEvent: {}
[255.036698] (-) TimerEvent: {}
[255.137360] (-) TimerEvent: {}
[255.238091] (-) TimerEvent: {}
[255.338728] (-) TimerEvent: {}
[255.439466] (-) TimerEvent: {}
[255.540222] (-) TimerEvent: {}
[255.640934] (-) TimerEvent: {}
[255.741621] (-) TimerEvent: {}
[255.842370] (-) TimerEvent: {}
[255.943088] (-) TimerEvent: {}
[256.043880] (-) TimerEvent: {}
[256.144572] (-) TimerEvent: {}
[256.245256] (-) TimerEvent: {}
[256.345925] (-) TimerEvent: {}
[256.446730] (-) TimerEvent: {}
[256.547479] (-) TimerEvent: {}
[256.648339] (-) TimerEvent: {}
[256.749835] (-) TimerEvent: {}
[256.850591] (-) TimerEvent: {}
[256.951467] (-) TimerEvent: {}
[257.052141] (-) TimerEvent: {}
[257.152773] (-) TimerEvent: {}
[257.253633] (-) TimerEvent: {}
[257.354328] (-) TimerEvent: {}
[257.455041] (-) TimerEvent: {}
[257.555760] (-) TimerEvent: {}
[257.656455] (-) TimerEvent: {}
[257.757195] (-) TimerEvent: {}
[257.857882] (-) TimerEvent: {}
[257.958536] (-) TimerEvent: {}
[258.059284] (-) TimerEvent: {}
[258.159931] (-) TimerEvent: {}
[258.260634] (-) TimerEvent: {}
[258.361337] (-) TimerEvent: {}
[258.461969] (-) TimerEvent: {}
[258.562590] (-) TimerEvent: {}
[258.663241] (-) TimerEvent: {}
[258.763834] (-) TimerEvent: {}
[258.864453] (-) TimerEvent: {}
[258.965107] (-) TimerEvent: {}
[259.065925] (-) TimerEvent: {}
[259.166858] (-) TimerEvent: {}
[259.270941] (-) TimerEvent: {}
[259.371745] (-) TimerEvent: {}
[259.473706] (-) TimerEvent: {}
[259.575226] (-) TimerEvent: {}
[259.676818] (-) TimerEvent: {}
[259.777717] (-) TimerEvent: {}
[259.881124] (-) TimerEvent: {}
[259.985795] (-) TimerEvent: {}
[260.086608] (-) TimerEvent: {}
[260.187338] (-) TimerEvent: {}
[260.288818] (-) TimerEvent: {}
[260.389513] (-) TimerEvent: {}
[260.490250] (-) TimerEvent: {}
[260.590887] (-) TimerEvent: {}
[260.691634] (-) TimerEvent: {}
[260.792367] (-) TimerEvent: {}
[260.893133] (-) TimerEvent: {}
[260.993916] (-) TimerEvent: {}
[261.094618] (-) TimerEvent: {}
[261.197797] (-) TimerEvent: {}
[261.298520] (-) TimerEvent: {}
[261.399333] (-) TimerEvent: {}
[261.501024] (-) TimerEvent: {}
[261.601790] (-) TimerEvent: {}
[261.695906] (simple_robot) StdoutLine: {'line': b'[ 83%] \x1b[32mBuilding CXX object src/CMakeFiles/grid_map.dir/robot.cpp.o\x1b[0m\n'}
[261.701987] (-) TimerEvent: {}
[261.802738] (-) TimerEvent: {}
[261.903397] (-) TimerEvent: {}
[262.007804] (-) TimerEvent: {}
[262.108602] (-) TimerEvent: {}
[262.209485] (-) TimerEvent: {}
[262.311820] (-) TimerEvent: {}
[262.412696] (-) TimerEvent: {}
[262.514460] (-) TimerEvent: {}
[262.616837] (-) TimerEvent: {}
[262.717826] (-) TimerEvent: {}
[262.818727] (-) TimerEvent: {}
[262.920789] (-) TimerEvent: {}
[263.022583] (-) TimerEvent: {}
[263.123954] (-) TimerEvent: {}
[263.225840] (-) TimerEvent: {}
[263.327501] (-) TimerEvent: {}
[263.429961] (-) TimerEvent: {}
[263.531854] (-) TimerEvent: {}
[263.634555] (-) TimerEvent: {}
[263.737242] (-) TimerEvent: {}
[263.840526] (-) TimerEvent: {}
[263.946284] (-) TimerEvent: {}
[264.047321] (-) TimerEvent: {}
[264.148827] (-) TimerEvent: {}
[264.253767] (-) TimerEvent: {}
[264.361406] (-) TimerEvent: {}
[264.463451] (-) TimerEvent: {}
[264.569173] (-) TimerEvent: {}
[264.675382] (-) TimerEvent: {}
[264.778831] (-) TimerEvent: {}
[264.879852] (-) TimerEvent: {}
[264.980836] (-) TimerEvent: {}
[265.083361] (-) TimerEvent: {}
[265.187119] (-) TimerEvent: {}
[265.288157] (-) TimerEvent: {}
[265.391358] (-) TimerEvent: {}
[265.495710] (-) TimerEvent: {}
[265.596776] (-) TimerEvent: {}
[265.699761] (-) TimerEvent: {}
[265.802035] (-) TimerEvent: {}
[265.902950] (-) TimerEvent: {}
[266.003896] (-) TimerEvent: {}
[266.104823] (-) TimerEvent: {}
[266.205941] (-) TimerEvent: {}
[266.308417] (-) TimerEvent: {}
[266.409860] (-) TimerEvent: {}
[266.510589] (-) TimerEvent: {}
[266.611432] (-) TimerEvent: {}
[266.712270] (-) TimerEvent: {}
[266.813043] (-) TimerEvent: {}
[266.914110] (-) TimerEvent: {}
[267.014939] (-) TimerEvent: {}
[267.115794] (-) TimerEvent: {}
[267.216592] (-) TimerEvent: {}
[267.317453] (-) TimerEvent: {}
[267.418254] (-) TimerEvent: {}
[267.519057] (-) TimerEvent: {}
[267.619842] (-) TimerEvent: {}
[267.720561] (-) TimerEvent: {}
[267.821301] (-) TimerEvent: {}
[267.922022] (-) TimerEvent: {}
[268.022702] (-) TimerEvent: {}
[268.123378] (-) TimerEvent: {}
[268.224126] (-) TimerEvent: {}
[268.326231] (-) TimerEvent: {}
[268.427179] (-) TimerEvent: {}
[268.528735] (-) TimerEvent: {}
[268.629924] (-) TimerEvent: {}
[268.730753] (-) TimerEvent: {}
[268.831435] (-) TimerEvent: {}
[268.932116] (-) TimerEvent: {}
[269.032791] (-) TimerEvent: {}
[269.133464] (-) TimerEvent: {}
[269.234165] (-) TimerEvent: {}
[269.335534] (-) TimerEvent: {}
[269.436199] (-) TimerEvent: {}
[269.536896] (-) TimerEvent: {}
[269.637616] (-) TimerEvent: {}
[269.738375] (-) TimerEvent: {}
[269.839146] (-) TimerEvent: {}
[269.939849] (-) TimerEvent: {}
[270.040571] (-) TimerEvent: {}
[270.141310] (-) TimerEvent: {}
[270.242054] (-) TimerEvent: {}
[270.342794] (-) TimerEvent: {}
[270.443576] (-) TimerEvent: {}
[270.544290] (-) TimerEvent: {}
[270.644979] (-) TimerEvent: {}
[270.745632] (-) TimerEvent: {}
[270.846418] (-) TimerEvent: {}
[270.947280] (-) TimerEvent: {}
[271.048088] (-) TimerEvent: {}
[271.148776] (-) TimerEvent: {}
[271.249502] (-) TimerEvent: {}
[271.350222] (-) TimerEvent: {}
[271.450917] (-) TimerEvent: {}
[271.551582] (-) TimerEvent: {}
[271.652273] (-) TimerEvent: {}
[271.752911] (-) TimerEvent: {}
[271.853523] (-) TimerEvent: {}
[271.954185] (-) TimerEvent: {}
[272.054844] (-) TimerEvent: {}
[272.155460] (-) TimerEvent: {}
[272.256115] (-) TimerEvent: {}
[272.356742] (-) TimerEvent: {}
[272.457357] (-) TimerEvent: {}
[272.557987] (-) TimerEvent: {}
[272.658630] (-) TimerEvent: {}
[272.759276] (-) TimerEvent: {}
[272.859884] (-) TimerEvent: {}
[272.960503] (-) TimerEvent: {}
[273.061236] (-) TimerEvent: {}
[273.162216] (-) TimerEvent: {}
[273.263190] (-) TimerEvent: {}
[273.363850] (-) TimerEvent: {}
[273.464474] (-) TimerEvent: {}
[273.565173] (-) TimerEvent: {}
[273.665843] (-) TimerEvent: {}
[273.766520] (-) TimerEvent: {}
[273.867249] (-) TimerEvent: {}
[273.967895] (-) TimerEvent: {}
[274.068550] (-) TimerEvent: {}
[274.169241] (-) TimerEvent: {}
[274.270019] (-) TimerEvent: {}
[274.371732] (-) TimerEvent: {}
[274.472520] (-) TimerEvent: {}
[274.573285] (-) TimerEvent: {}
[274.673937] (-) TimerEvent: {}
[274.774571] (-) TimerEvent: {}
[274.875230] (-) TimerEvent: {}
[274.975897] (-) TimerEvent: {}
[275.076578] (-) TimerEvent: {}
[275.177300] (-) TimerEvent: {}
[275.277935] (-) TimerEvent: {}
[275.378965] (-) TimerEvent: {}
[275.479824] (-) TimerEvent: {}
[275.581268] (-) TimerEvent: {}
[275.681944] (-) TimerEvent: {}
[275.782588] (-) TimerEvent: {}
[275.883276] (-) TimerEvent: {}
[275.983911] (-) TimerEvent: {}
[276.084511] (-) TimerEvent: {}
[276.185175] (-) TimerEvent: {}
[276.285829] (-) TimerEvent: {}
[276.386483] (-) TimerEvent: {}
[276.487166] (-) TimerEvent: {}
[276.587891] (-) TimerEvent: {}
[276.688573] (-) TimerEvent: {}
[276.789241] (-) TimerEvent: {}
[276.889821] (-) TimerEvent: {}
[276.990476] (-) TimerEvent: {}
[277.091211] (-) TimerEvent: {}
[277.191834] (-) TimerEvent: {}
[277.292506] (-) TimerEvent: {}
[277.393288] (-) TimerEvent: {}
[277.457730] (simple_robot) StdoutLine: {'line': b'[ 91%] \x1b[32m\x1b[1mLinking CXX shared library libgrid_map.so\x1b[0m\n'}
[277.493491] (-) TimerEvent: {}
[277.594568] (-) TimerEvent: {}
[277.698806] (-) TimerEvent: {}
[277.800365] (-) TimerEvent: {}
[277.907758] (-) TimerEvent: {}
[278.008558] (-) TimerEvent: {}
[278.111734] (-) TimerEvent: {}
[278.213058] (-) TimerEvent: {}
[278.317379] (-) TimerEvent: {}
[278.420234] (-) TimerEvent: {}
[278.523828] (-) TimerEvent: {}
[278.626172] (-) TimerEvent: {}
[278.727031] (-) TimerEvent: {}
[278.828009] (-) TimerEvent: {}
[278.931869] (-) TimerEvent: {}
[279.033042] (-) TimerEvent: {}
[279.134050] (-) TimerEvent: {}
[279.237146] (-) TimerEvent: {}
[279.338150] (-) TimerEvent: {}
[279.440435] (-) TimerEvent: {}
[279.545248] (-) TimerEvent: {}
[279.650070] (-) TimerEvent: {}
[279.752919] (-) TimerEvent: {}
[279.862095] (-) TimerEvent: {}
[279.966019] (-) TimerEvent: {}
[280.075316] (-) TimerEvent: {}
[280.184485] (-) TimerEvent: {}
[280.285865] (-) TimerEvent: {}
[280.391851] (-) TimerEvent: {}
[280.495833] (-) TimerEvent: {}
[280.598998] (-) TimerEvent: {}
[280.702640] (-) TimerEvent: {}
[280.805108] (-) TimerEvent: {}
[280.908029] (-) TimerEvent: {}
[281.012840] (-) TimerEvent: {}
[281.113843] (-) TimerEvent: {}
[281.215697] (-) TimerEvent: {}
[281.316834] (-) TimerEvent: {}
[281.417852] (-) TimerEvent: {}
[281.519955] (-) TimerEvent: {}
[281.621293] (-) TimerEvent: {}
[281.723745] (-) TimerEvent: {}
[281.824642] (-) TimerEvent: {}
[281.925982] (-) TimerEvent: {}
[282.027144] (-) TimerEvent: {}
[282.127961] (-) TimerEvent: {}
[282.228868] (-) TimerEvent: {}
[282.329982] (-) TimerEvent: {}
[282.430849] (-) TimerEvent: {}
[282.531590] (-) TimerEvent: {}
[282.632461] (-) TimerEvent: {}
[282.733323] (-) TimerEvent: {}
[282.834177] (-) TimerEvent: {}
[282.935486] (-) TimerEvent: {}
[283.036477] (-) TimerEvent: {}
[283.137237] (-) TimerEvent: {}
[283.237935] (-) TimerEvent: {}
[283.339558] (-) TimerEvent: {}
[283.440291] (-) TimerEvent: {}
[283.541144] (-) TimerEvent: {}
[283.641853] (-) TimerEvent: {}
[283.742593] (-) TimerEvent: {}
[283.843392] (-) TimerEvent: {}
[283.924415] (simple_robot) StdoutLine: {'line': b'[100%] Built target grid_map\n'}
[283.943613] (-) TimerEvent: {}
[283.997919] (simple_robot) CommandEnded: {'returncode': 0}
[284.001843] (simple_robot) JobProgress: {'identifier': 'simple_robot', 'progress': 'install'}
[284.043834] (-) TimerEvent: {}
[284.055527] (simple_robot) Command: {'cmd': ['/usr/bin/cmake', '--install', '/home/martina/rp_project/robot-programming-project/src/simple_robot/build/simple_robot'], 'cwd': '/home/martina/rp_project/robot-programming-project/src/simple_robot/build/simple_robot', 'env': OrderedDict([('GJS_DEBUG_TOPICS', 'JS ERROR;JS LOG'), ('LESSOPEN', '| /usr/bin/env /usr/bin/lesspipe %s 2>/dev/null'), ('CONDA_PROMPT_MODIFIER', '(base)'), ('LC_TIME', 'it_IT.UTF-8'), ('USER', 'martina'), ('XDG_SESSION_TYPE', 'wayland'), ('GIT_ASKPASS', '/usr/share/code/resources/app/extensions/git/dist/askpass.sh'), ('SHLVL', '2'), ('LD_LIBRARY_PATH', '/opt/ros/humble/opt/rviz_ogre_vendor/lib:/opt/ros/humble/lib/x86_64-linux-gnu:/opt/ros/humble/lib::/home/martina/.mujoco/mujoco210/bin:/usr/lib/nvidia:~/anaconda3/lib'), ('HOME', '/home/martina'), ('OLDPWD', '/home/martina/rp_project/robot-programming-project/src/simple_robot'), ('CHROME_DESKTOP', 'code.desktop'), ('TERMINFO', '/home/martina/.terminfo'), ('LESS', '-iRFXMx4'), ('CONDA_SHLVL', '1'), ('DESKTOP_SESSION', 'ubuntu'), ('TERM_PROGRAM_VERSION', '1.97.2'), ('GIO_LAUNCHED_DESKTOP_FILE', '/usr/share/applications/code.desktop'), ('LSCOLORS', 'ExGxDxDxCxDxDxFxFxexEx'), ('GTK_MODULES', 'gail:atk-bridge'), ('GNOME_SHELL_SESSION_MODE', 'ubuntu'), ('VSCODE_GIT_ASKPASS_MAIN', '/usr/share/code/resources/app/extensions/git/dist/askpass-main.js'), ('PAGER', 'less'), ('ROS_PYTHON_VERSION', '3'), ('LC_MONETARY', 'it_IT.UTF-8'), ('MANAGERPID', '935'), ('VSCODE_GIT_ASKPASS_NODE', '/usr/share/code/code'), ('SYSTEMD_EXEC_PID', '1150'), ('DBUS_SESSION_BUS_ADDRESS', 'unix:path=/run/user/1000/bus'), ('P9K_TTY', 'old'), ('GIO_LAUNCHED_DESKTOP_FILE_PID', '3888'), ('COLORTERM', 'truecolor'), ('_CE_M', ''), ('WAYLAND_DISPLAY', 'wayland-0'), ('INFOPATH', ''), ('ROS_DISTRO', 'humble'), ('COLCON_PREFIX_PATH', '/home/martina/rp_project/robot-programming-project/install'), ('LOGNAME', 'martina'), ('_', '/usr/bin/colcon'), ('JOURNAL_STREAM', '8:10888'), ('_P9K_SSH_TTY', '/dev/pts/0'), ('XDG_SESSION_CLASS', 'user'), ('USER_ZDOTDIR', '/home/martina'), ('ROS_VERSION', '2'), ('USERNAME', 'martina'), ('TERM', 'xterm-256color'), ('GNOME_DESKTOP_SESSION_ID', 'this-is-deprecated'), ('_CE_CONDA', ''), ('ROS_LOCALHOST_ONLY', '0'), ('PATH', '/opt/ros/humble/bin:/home/martina/.local/bin:/home/martina/.local/bin:/usr/lib/ccache:.:/home/martina/.mujoco/mujoco210/bin:/usr/lib/nvidia:/home/martina/anaconda3/condabin:/home/martina/bin:/home/martina/.local/bin:/usr/local/sbin:/usr/local/bin:/usr/sbin:/usr/bin:/sbin:/bin:/usr/games:/usr/local/games:/snap/bin:/home/martina/.cache/zsh4humans/v5/fzf/bin:/home/martina/other/install/bin'), ('SESSION_MANAGER', 'local/Martina-ThinkPad-X1-Yoga:@/tmp/.ICE-unix/1101,unix/Martina-ThinkPad-X1-Yoga:/tmp/.ICE-unix/1101'), ('INVOCATION_ID', '1c6ef4f92b04498681378ae68fe5b9c7'), ('LC_ADDRESS', 'it_IT.UTF-8'), ('XDG_RUNTIME_DIR', '/run/user/1000'), ('XDG_MENU_PREFIX', 'gnome-'), ('GNOME_SETUP_DISPLAY', ':1'), ('GDK_BACKEND', 'x11'), ('DISPLAY', ':0'), ('LANG', 'en_US.UTF-8'), ('LC_TELEPHONE', 'it_IT.UTF-8'), ('XDG_CURRENT_DESKTOP', 'Unity'), ('VSCODE_INJECTION', '1'), ('LD_PRELOAD', ':/usr/lib/x86_64-linux-gnu/libGLEW.so'), ('XDG_SESSION_DESKTOP', 'ubuntu'), ('XMODIFIERS', '@im=ibus'), ('XAUTHORITY', '/run/user/1000/.mutter-Xwaylandauth.HIED22'), ('TERM_PROGRAM', 'vscode'), ('VSCODE_GIT_IPC_HANDLE', '/run/user/1000/vscode-git-f640f2b3f6.sock'), ('LS_COLORS', 'fi=00:mi=00:mh=00:ln=01;36:or=01;31:di=01;34:ow=04;01;34:st=34:tw=04;34:pi=01;33:so=01;33:do=01;33:bd=01;33:cd=01;33:su=01;35:sg=01;35:ca=01;35:ex=01;32:no=38;5;248'), ('TREE_COLORS', 'fi=00:mi=00:mh=00:ln=01;36:or=01;31:di=01;34:ow=01;34:st=34:tw=34:pi=01;33:so=01;33:do=01;33:bd=01;33:cd=01;33:su=01;35:sg=01;35:ca=01;35:ex=01;32'), ('SSH_AGENT_LAUNCHER', 'gnome-keyring'), ('SSH_AUTH_SOCK', '/run/user/1000/keyring/ssh'), ('ORIGINAL_XDG_CURRENT_DESKTOP', 'ubuntu:GNOME'), ('CONDA_PYTHON_EXE', '/home/martina/anaconda3/bin/python'), ('AMENT_PREFIX_PATH', '/home/martina/rp_project/robot-programming-project/install/simple_robot:/opt/ros/humble'), ('LC_NAME', 'it_IT.UTF-8'), ('SHELL', '/usr/local/bin/zsh'), ('DEST', '/home/martina/other/install'), ('QT_ACCESSIBILITY', '1'), ('GDMSESSION', 'ubuntu'), ('CONDA_DEFAULT_ENV', 'base'), ('LC_MEASUREMENT', 'it_IT.UTF-8'), ('LC_IDENTIFICATION', 'it_IT.UTF-8'), ('GJS_DEBUG_OUTPUT', 'stderr'), ('P9K_SSH', '0'), ('QT_IM_MODULE', 'ibus'), ('VSCODE_GIT_ASKPASS_EXTRA_ARGS', ''), ('VSCODE_NONCE', '54dcb112-afcc-4c20-b10a-51290a02c083'), ('LC_ALL', 'en_US.UTF-8'), ('PWD', '/home/martina/rp_project/robot-programming-project/src/simple_robot/build/simple_robot'), ('GPG_TTY', '/dev/pts/0'), ('XDG_DATA_DIRS', '/usr/local/share/:/usr/share/:/var/lib/snapd/desktop'), ('ZDOTDIR', '/home/martina'), ('_P9K_TTY', '/dev/pts/0'), ('CONDA_EXE', '/home/martina/anaconda3/bin/conda'), ('LC_NUMERIC', 'it_IT.UTF-8'), ('PYTHONPATH', '/opt/ros/humble/lib/python3.10/site-packages:/opt/ros/humble/local/lib/python3.10/dist-packages:/home/martina/other/install/lib/python3.10/site-packages/'), ('LC_PAPER', 'it_IT.UTF-8'), ('CONDA_PREFIX', '/home/martina/anaconda3'), ('COLCON', '1'), ('MANPATH', '/usr/local/share/man:/home/martina/.cache/zsh4humans/v5/fzf/man:'), ('CMAKE_PREFIX_PATH', '/home/martina/rp_project/robot-programming-project/install/simple_robot:/opt/ros/humble')]), 'shell': False}
[284.102752] (simple_robot) StdoutLine: {'line': b'-- Install configuration: ""\n'}
[284.104289] (simple_robot) StdoutLine: {'line': b'-- Installing: /home/martina/rp_project/robot-programming-project/src/simple_robot/install/simple_robot/lib/simple_robot/robot_map_node\n'}
[284.144018] (-) TimerEvent: {}
[284.153543] (simple_robot) StdoutLine: {'line': b'-- Set runtime path of "/home/martina/rp_project/robot-programming-project/src/simple_robot/install/simple_robot/lib/simple_robot/robot_map_node" to ""\n'}
[284.157057] (simple_robot) StdoutLine: {'line': b'-- Up-to-date: /home/martina/rp_project/robot-programming-project/src/simple_robot/install/simple_robot/share/ament_index/resource_index/package_run_dependencies/simple_robot\n'}
[284.160403] (simple_robot) StdoutLine: {'line': b'-- Up-to-date: /home/martina/rp_project/robot-programming-project/src/simple_robot/install/simple_robot/share/ament_index/resource_index/parent_prefix_path/simple_robot\n'}
[284.160990] (simple_robot) StdoutLine: {'line': b'-- Up-to-date: /home/martina/rp_project/robot-programming-project/src/simple_robot/install/simple_robot/share/simple_robot/environment/ament_prefix_path.sh\n'}
[284.161634] (simple_robot) StdoutLine: {'line': b'-- Installing: /home/martina/rp_project/robot-programming-project/src/simple_robot/install/simple_robot/share/simple_robot/environment/ament_prefix_path.dsv\n'}
[284.162184] (simple_robot) StdoutLine: {'line': b'-- Up-to-date: /home/martina/rp_project/robot-programming-project/src/simple_robot/install/simple_robot/share/simple_robot/environment/path.sh\n'}
[284.166075] (simple_robot) StdoutLine: {'line': b'-- Installing: /home/martina/rp_project/robot-programming-project/src/simple_robot/install/simple_robot/share/simple_robot/environment/path.dsv\n'}
[284.166941] (simple_robot) StdoutLine: {'line': b'-- Up-to-date: /home/martina/rp_project/robot-programming-project/src/simple_robot/install/simple_robot/share/simple_robot/local_setup.bash\n'}
[284.167771] (simple_robot) StdoutLine: {'line': b'-- Up-to-date: /home/martina/rp_project/robot-programming-project/src/simple_robot/install/simple_robot/share/simple_robot/local_setup.sh\n'}
[284.173987] (simple_robot) StdoutLine: {'line': b'-- Up-to-date: /home/martina/rp_project/robot-programming-project/src/simple_robot/install/simple_robot/share/simple_robot/local_setup.zsh\n'}
[284.174540] (simple_robot) StdoutLine: {'line': b'-- Installing: /home/martina/rp_project/robot-programming-project/src/simple_robot/install/simple_robot/share/simple_robot/local_setup.dsv\n'}
[284.175020] (simple_robot) StdoutLine: {'line': b'-- Installing: /home/martina/rp_project/robot-programming-project/src/simple_robot/install/simple_robot/share/simple_robot/package.dsv\n'}
[284.175430] (simple_robot) StdoutLine: {'line': b'-- Up-to-date: /home/martina/rp_project/robot-programming-project/src/simple_robot/install/simple_robot/share/ament_index/resource_index/packages/simple_robot\n'}
[284.175958] (simple_robot) StdoutLine: {'line': b'-- Up-to-date: /home/martina/rp_project/robot-programming-project/src/simple_robot/install/simple_robot/share/simple_robot/cmake/simple_robotConfig.cmake\n'}
[284.176467] (simple_robot) StdoutLine: {'line': b'-- Up-to-date: /home/martina/rp_project/robot-programming-project/src/simple_robot/install/simple_robot/share/simple_robot/cmake/simple_robotConfig-version.cmake\n'}
[284.192852] (simple_robot) StdoutLine: {'line': b'-- Up-to-date: /home/martina/rp_project/robot-programming-project/src/simple_robot/install/simple_robot/share/simple_robot/package.xml\n'}
[284.193361] (simple_robot) CommandEnded: {'returncode': 0}
[284.255919] (-) TimerEvent: {}
[284.356529] (-) TimerEvent: {}
[284.425944] (simple_robot) JobEnded: {'identifier': 'simple_robot', 'rc': 0}
[284.432767] (-) EventReactorShutdown: {}
