[0.000000] (-) TimerEvent: {}
[0.000804] (simple_robot) JobQueued: {'identifier': 'simple_robot', 'dependencies': OrderedDict()}
[0.006122] (simple_robot) JobStarted: {'identifier': 'simple_robot'}
[0.095368] (-) TimerEvent: {}
[0.200889] (-) TimerEvent: {}
[0.206106] (simple_robot) JobProgress: {'identifier': 'simple_robot', 'progress': 'cmake'}
[0.207550] (simple_robot) Command: {'cmd': ['/usr/bin/cmake', '/home/martina/rp_project/robot-programming-project/src/simple_robot', '-DCMAKE_INSTALL_PREFIX=/home/martina/rp_project/robot-programming-project/src/simple_robot/install/simple_robot'], 'cwd': '/home/martina/rp_project/robot-programming-project/src/simple_robot/build/simple_robot', 'env': OrderedDict([('GJS_DEBUG_TOPICS', 'JS ERROR;JS LOG'), ('LESSOPEN', '| /usr/bin/env /usr/bin/lesspipe %s 2>/dev/null'), ('CONDA_PROMPT_MODIFIER', '(base)'), ('LC_TIME', 'it_IT.UTF-8'), ('USER', 'martina'), ('XDG_SESSION_TYPE', 'wayland'), ('GIT_ASKPASS', '/usr/share/code/resources/app/extensions/git/dist/askpass.sh'), ('SHLVL', '2'), ('LD_LIBRARY_PATH', '/opt/ros/humble/opt/rviz_ogre_vendor/lib:/opt/ros/humble/lib/x86_64-linux-gnu:/opt/ros/humble/lib::/home/martina/.mujoco/mujoco210/bin:/usr/lib/nvidia:~/anaconda3/lib'), ('HOME', '/home/martina'), ('OLDPWD', '/home/martina/rp_project/robot-programming-project/src/simple_robot'), ('CHROME_DESKTOP', 'code.desktop'), ('TERMINFO', '/home/martina/.terminfo'), ('LESS', '-iRFXMx4'), ('CONDA_SHLVL', '1'), ('DESKTOP_SESSION', 'ubuntu'), ('TERM_PROGRAM_VERSION', '1.97.2'), ('GIO_LAUNCHED_DESKTOP_FILE', '/usr/share/applications/code.desktop'), ('LSCOLORS', 'ExGxDxDxCxDxDxFxFxexEx'), ('GTK_MODULES', 'gail:atk-bridge'), ('GNOME_SHELL_SESSION_MODE', 'ubuntu'), ('VSCODE_GIT_ASKPASS_MAIN', '/usr/share/code/resources/app/extensions/git/dist/askpass-main.js'), ('PAGER', 'less'), ('ROS_PYTHON_VERSION', '3'), ('LC_MONETARY', 'it_IT.UTF-8'), ('MANAGERPID', '935'), ('VSCODE_GIT_ASKPASS_NODE', '/usr/share/code/code'), ('SYSTEMD_EXEC_PID', '1150'), ('DBUS_SESSION_BUS_ADDRESS', 'unix:path=/run/user/1000/bus'), ('P9K_TTY', 'old'), ('GIO_LAUNCHED_DESKTOP_FILE_PID', '3888'), ('COLORTERM', 'truecolor'), ('_CE_M', ''), ('WAYLAND_DISPLAY', 'wayland-0'), ('INFOPATH', ''), ('ROS_DISTRO', 'humble'), ('COLCON_PREFIX_PATH', '/home/martina/rp_project/robot-programming-project/install'), ('LOGNAME', 'martina'), ('_', '/usr/bin/colcon'), ('JOURNAL_STREAM', '8:10888'), ('_P9K_SSH_TTY', '/dev/pts/0'), ('XDG_SESSION_CLASS', 'user'), ('USER_ZDOTDIR', '/home/martina'), ('ROS_VERSION', '2'), ('USERNAME', 'martina'), ('TERM', 'xterm-256color'), ('GNOME_DESKTOP_SESSION_ID', 'this-is-deprecated'), ('_CE_CONDA', ''), ('ROS_LOCALHOST_ONLY', '0'), ('PATH', '/opt/ros/humble/bin:/home/martina/.local/bin:/home/martina/.local/bin:/usr/lib/ccache:.:/home/martina/.mujoco/mujoco210/bin:/usr/lib/nvidia:/home/martina/anaconda3/condabin:/home/martina/bin:/home/martina/.local/bin:/usr/local/sbin:/usr/local/bin:/usr/sbin:/usr/bin:/sbin:/bin:/usr/games:/usr/local/games:/snap/bin:/home/martina/.cache/zsh4humans/v5/fzf/bin:/home/martina/other/install/bin'), ('SESSION_MANAGER', 'local/Martina-ThinkPad-X1-Yoga:@/tmp/.ICE-unix/1101,unix/Martina-ThinkPad-X1-Yoga:/tmp/.ICE-unix/1101'), ('INVOCATION_ID', '1c6ef4f92b04498681378ae68fe5b9c7'), ('LC_ADDRESS', 'it_IT.UTF-8'), ('XDG_RUNTIME_DIR', '/run/user/1000'), ('XDG_MENU_PREFIX', 'gnome-'), ('GNOME_SETUP_DISPLAY', ':1'), ('GDK_BACKEND', 'x11'), ('DISPLAY', ':0'), ('LANG', 'en_US.UTF-8'), ('LC_TELEPHONE', 'it_IT.UTF-8'), ('XDG_CURRENT_DESKTOP', 'Unity'), ('VSCODE_INJECTION', '1'), ('LD_PRELOAD', ':/usr/lib/x86_64-linux-gnu/libGLEW.so'), ('XDG_SESSION_DESKTOP', 'ubuntu'), ('XMODIFIERS', '@im=ibus'), ('XAUTHORITY', '/run/user/1000/.mutter-Xwaylandauth.HIED22'), ('TERM_PROGRAM', 'vscode'), ('VSCODE_GIT_IPC_HANDLE', '/run/user/1000/vscode-git-f640f2b3f6.sock'), ('LS_COLORS', 'fi=00:mi=00:mh=00:ln=01;36:or=01;31:di=01;34:ow=04;01;34:st=34:tw=04;34:pi=01;33:so=01;33:do=01;33:bd=01;33:cd=01;33:su=01;35:sg=01;35:ca=01;35:ex=01;32:no=38;5;248'), ('TREE_COLORS', 'fi=00:mi=00:mh=00:ln=01;36:or=01;31:di=01;34:ow=01;34:st=34:tw=34:pi=01;33:so=01;33:do=01;33:bd=01;33:cd=01;33:su=01;35:sg=01;35:ca=01;35:ex=01;32'), ('SSH_AGENT_LAUNCHER', 'gnome-keyring'), ('SSH_AUTH_SOCK', '/run/user/1000/keyring/ssh'), ('ORIGINAL_XDG_CURRENT_DESKTOP', 'ubuntu:GNOME'), ('CONDA_PYTHON_EXE', '/home/martina/anaconda3/bin/python'), ('AMENT_PREFIX_PATH', '/home/martina/rp_project/robot-programming-project/install/simple_robot:/opt/ros/humble'), ('LC_NAME', 'it_IT.UTF-8'), ('SHELL', '/usr/local/bin/zsh'), ('DEST', '/home/martina/other/install'), ('QT_ACCESSIBILITY', '1'), ('GDMSESSION', 'ubuntu'), ('CONDA_DEFAULT_ENV', 'base'), ('LC_MEASUREMENT', 'it_IT.UTF-8'), ('LC_IDENTIFICATION', 'it_IT.UTF-8'), ('GJS_DEBUG_OUTPUT', 'stderr'), ('P9K_SSH', '0'), ('QT_IM_MODULE', 'ibus'), ('VSCODE_GIT_ASKPASS_EXTRA_ARGS', ''), ('VSCODE_NONCE', '54dcb112-afcc-4c20-b10a-51290a02c083'), ('LC_ALL', 'en_US.UTF-8'), ('PWD', '/home/martina/rp_project/robot-programming-project/src/simple_robot/build/simple_robot'), ('GPG_TTY', '/dev/pts/0'), ('XDG_DATA_DIRS', '/usr/local/share/:/usr/share/:/var/lib/snapd/desktop'), ('ZDOTDIR', '/home/martina'), ('_P9K_TTY', '/dev/pts/0'), ('CONDA_EXE', '/home/martina/anaconda3/bin/conda'), ('LC_NUMERIC', 'it_IT.UTF-8'), ('PYTHONPATH', '/opt/ros/humble/lib/python3.10/site-packages:/opt/ros/humble/local/lib/python3.10/dist-packages:/home/martina/other/install/lib/python3.10/site-packages/'), ('LC_PAPER', 'it_IT.UTF-8'), ('CONDA_PREFIX', '/home/martina/anaconda3'), ('COLCON', '1'), ('MANPATH', '/usr/local/share/man:/home/martina/.cache/zsh4humans/v5/fzf/man:'), ('CMAKE_PREFIX_PATH', '/home/martina/rp_project/robot-programming-project/install/simple_robot:/opt/ros/humble')]), 'shell': False}
[0.301147] (-) TimerEvent: {}
[0.403415] (-) TimerEvent: {}
[0.508547] (-) TimerEvent: {}
[0.613396] (-) TimerEvent: {}
[0.720145] (-) TimerEvent: {}
[0.821072] (-) TimerEvent: {}
[0.925486] (-) TimerEvent: {}
[1.030130] (-) TimerEvent: {}
[1.132377] (-) TimerEvent: {}
[1.233330] (-) TimerEvent: {}
[1.341138] (-) TimerEvent: {}
[1.443790] (-) TimerEvent: {}
[1.555119] (-) TimerEvent: {}
[1.656036] (-) TimerEvent: {}
[1.758563] (-) TimerEvent: {}
[1.859386] (simple_robot) StdoutLine: {'line': b'-- The C compiler identification is GNU 11.4.0\n'}
[1.864299] (-) TimerEvent: {}
[1.968582] (-) TimerEvent: {}
[2.075607] (-) TimerEvent: {}
[2.178218] (-) TimerEvent: {}
[2.282564] (-) TimerEvent: {}
[2.388659] (-) TimerEvent: {}
[2.495247] (-) TimerEvent: {}
[2.596110] (-) TimerEvent: {}
[2.697030] (-) TimerEvent: {}
[2.799278] (-) TimerEvent: {}
[2.879172] (simple_robot) StdoutLine: {'line': b'-- The CXX compiler identification is GNU 11.4.0\n'}
[2.905885] (-) TimerEvent: {}
[3.012179] (-) TimerEvent: {}
[3.119113] (-) TimerEvent: {}
[3.125027] (simple_robot) StdoutLine: {'line': b'-- Detecting C compiler ABI info\n'}
[3.220546] (-) TimerEvent: {}
[3.326260] (-) TimerEvent: {}
[3.429798] (-) TimerEvent: {}
[3.537782] (-) TimerEvent: {}
[3.644328] (-) TimerEvent: {}
[3.749139] (-) TimerEvent: {}
[3.851628] (-) TimerEvent: {}
[3.959616] (-) TimerEvent: {}
[4.064221] (-) TimerEvent: {}
[4.171785] (-) TimerEvent: {}
[4.274075] (-) TimerEvent: {}
[4.389270] (-) TimerEvent: {}
[4.490183] (-) TimerEvent: {}
[4.598371] (-) TimerEvent: {}
[4.700128] (-) TimerEvent: {}
[4.808930] (-) TimerEvent: {}
[4.910880] (-) TimerEvent: {}
[5.026135] (-) TimerEvent: {}
[5.131184] (-) TimerEvent: {}
[5.236301] (-) TimerEvent: {}
[5.268100] (simple_robot) StdoutLine: {'line': b'-- Detecting C compiler ABI info - done\n'}
[5.344939] (-) TimerEvent: {}
[5.446564] (-) TimerEvent: {}
[5.529697] (simple_robot) StdoutLine: {'line': b'-- Check for working C compiler: /usr/lib/ccache/cc - skipped\n'}
[5.541547] (simple_robot) StdoutLine: {'line': b'-- Detecting C compile features\n'}
[5.551780] (simple_robot) StdoutLine: {'line': b'-- Detecting C compile features - done\n'}
[5.553501] (-) TimerEvent: {}
[5.660642] (-) TimerEvent: {}
[5.676454] (simple_robot) StdoutLine: {'line': b'-- Detecting CXX compiler ABI info\n'}
[5.764741] (-) TimerEvent: {}
[5.865583] (-) TimerEvent: {}
[5.966374] (-) TimerEvent: {}
[6.068297] (-) TimerEvent: {}
[6.172114] (-) TimerEvent: {}
[6.272993] (-) TimerEvent: {}
[6.373811] (-) TimerEvent: {}
[6.477227] (-) TimerEvent: {}
[6.578212] (-) TimerEvent: {}
[6.680106] (-) TimerEvent: {}
[6.781559] (-) TimerEvent: {}
[6.883130] (-) TimerEvent: {}
[6.985120] (-) TimerEvent: {}
[7.087154] (-) TimerEvent: {}
[7.188085] (-) TimerEvent: {}
[7.290104] (-) TimerEvent: {}
[7.317096] (simple_robot) StdoutLine: {'line': b'-- Detecting CXX compiler ABI info - done\n'}
[7.391130] (-) TimerEvent: {}
[7.494082] (-) TimerEvent: {}
[7.594866] (-) TimerEvent: {}
[7.681564] (simple_robot) StdoutLine: {'line': b'-- Check for working CXX compiler: /usr/lib/ccache/c++ - skipped\n'}
[7.693102] (simple_robot) StdoutLine: {'line': b'-- Detecting CXX compile features\n'}
[7.697091] (simple_robot) StdoutLine: {'line': b'-- Detecting CXX compile features - done\n'}
[7.697897] (-) TimerEvent: {}
[7.798539] (-) TimerEvent: {}
[7.866090] (simple_robot) StdoutLine: {'line': b'-- Found OpenCV: /usr (found suitable version "4.5.4", minimum required is "4.5.4") \n'}
[7.893071] (simple_robot) StdoutLine: {'line': b'-- Found ament_cmake: 1.3.11 (/opt/ros/humble/share/ament_cmake/cmake)\n'}
[7.900080] (-) TimerEvent: {}
[8.001627] (-) TimerEvent: {}
[8.103110] (-) TimerEvent: {}
[8.204606] (-) TimerEvent: {}
[8.309316] (-) TimerEvent: {}
[8.410110] (-) TimerEvent: {}
[8.513109] (-) TimerEvent: {}
[8.613850] (-) TimerEvent: {}
[8.715876] (-) TimerEvent: {}
[8.816722] (-) TimerEvent: {}
[8.920114] (-) TimerEvent: {}
[9.021174] (-) TimerEvent: {}
[9.122886] (-) TimerEvent: {}
[9.227117] (-) TimerEvent: {}
[9.327853] (-) TimerEvent: {}
[9.428694] (-) TimerEvent: {}
[9.531465] (-) TimerEvent: {}
[9.632252] (-) TimerEvent: {}
[9.734152] (-) TimerEvent: {}
[9.836452] (-) TimerEvent: {}
[9.943199] (-) TimerEvent: {}
[10.044247] (-) TimerEvent: {}
[10.145487] (-) TimerEvent: {}
[10.235542] (simple_robot) StdoutLine: {'line': b'-- Found Python3: /usr/bin/python3 (found version "3.10.12") found components: Interpreter \n'}
[10.245803] (-) TimerEvent: {}
[10.350171] (-) TimerEvent: {}
[10.451113] (-) TimerEvent: {}
[10.551909] (-) TimerEvent: {}
[10.652822] (-) TimerEvent: {}
[10.755271] (-) TimerEvent: {}
[10.856196] (-) TimerEvent: {}
[10.959773] (-) TimerEvent: {}
[11.060687] (-) TimerEvent: {}
[11.161515] (-) TimerEvent: {}
[11.264351] (-) TimerEvent: {}
[11.367241] (-) TimerEvent: {}
[11.468432] (-) TimerEvent: {}
[11.571013] (-) TimerEvent: {}
[11.676106] (-) TimerEvent: {}
[11.779115] (-) TimerEvent: {}
[11.880058] (-) TimerEvent: {}
[11.983451] (-) TimerEvent: {}
[12.084663] (-) TimerEvent: {}
[12.185828] (-) TimerEvent: {}
[12.233112] (simple_robot) StdoutLine: {'line': b'-- Found rclcpp: 16.0.11 (/opt/ros/humble/share/rclcpp/cmake)\n'}
[12.291156] (-) TimerEvent: {}
[12.400110] (-) TimerEvent: {}
[12.502192] (-) TimerEvent: {}
[12.606857] (-) TimerEvent: {}
[12.709397] (-) TimerEvent: {}
[12.815851] (-) TimerEvent: {}
[12.917346] (-) TimerEvent: {}
[13.028304] (-) TimerEvent: {}
[13.131859] (-) TimerEvent: {}
[13.236508] (simple_robot) StdoutLine: {'line': b'-- Found rosidl_generator_c: 3.1.6 (/opt/ros/humble/share/rosidl_generator_c/cmake)\n'}
[13.243717] (-) TimerEvent: {}
[13.351119] (-) TimerEvent: {}
[13.402608] (simple_robot) StdoutLine: {'line': b'-- Found rosidl_adapter: 3.1.6 (/opt/ros/humble/share/rosidl_adapter/cmake)\n'}
[13.458190] (-) TimerEvent: {}
[13.562041] (-) TimerEvent: {}
[13.659057] (simple_robot) StdoutLine: {'line': b'-- Found rosidl_generator_cpp: 3.1.6 (/opt/ros/humble/share/rosidl_generator_cpp/cmake)\n'}
[13.664791] (-) TimerEvent: {}
[13.773128] (-) TimerEvent: {}
[13.880122] (-) TimerEvent: {}
[13.984907] (-) TimerEvent: {}
[14.001119] (simple_robot) StdoutLine: {'line': b'-- Using all available rosidl_typesupport_c: rosidl_typesupport_fastrtps_c;rosidl_typesupport_introspection_c\n'}
[14.095121] (-) TimerEvent: {}
[14.199130] (-) TimerEvent: {}
[14.303491] (-) TimerEvent: {}
[14.345105] (simple_robot) StdoutLine: {'line': b'-- Using all available rosidl_typesupport_cpp: rosidl_typesupport_fastrtps_cpp;rosidl_typesupport_introspection_cpp\n'}
[14.419136] (-) TimerEvent: {}
[14.520293] (-) TimerEvent: {}
[14.626816] (-) TimerEvent: {}
[14.729160] (-) TimerEvent: {}
[14.840491] (-) TimerEvent: {}
[14.946776] (-) TimerEvent: {}
[15.048937] (-) TimerEvent: {}
[15.151093] (-) TimerEvent: {}
[15.256201] (-) TimerEvent: {}
[15.359393] (-) TimerEvent: {}
[15.427457] (simple_robot) StdoutLine: {'line': b'-- Found rmw_implementation_cmake: 6.1.2 (/opt/ros/humble/share/rmw_implementation_cmake/cmake)\n'}
[15.460491] (-) TimerEvent: {}
[15.566385] (-) TimerEvent: {}
[15.641850] (simple_robot) StdoutLine: {'line': b'-- Found rmw_fastrtps_cpp: 6.2.7 (/opt/ros/humble/share/rmw_fastrtps_cpp/cmake)\n'}
[15.668889] (-) TimerEvent: {}
[15.770765] (-) TimerEvent: {}
[15.875528] (-) TimerEvent: {}
[15.977455] (-) TimerEvent: {}
[16.082544] (-) TimerEvent: {}
[16.186693] (-) TimerEvent: {}
[16.296925] (-) TimerEvent: {}
[16.403838] (-) TimerEvent: {}
[16.509914] (-) TimerEvent: {}
[16.618749] (-) TimerEvent: {}
[16.725102] (-) TimerEvent: {}
[16.831534] (-) TimerEvent: {}
[16.932583] (-) TimerEvent: {}
[17.041767] (-) TimerEvent: {}
[17.144124] (-) TimerEvent: {}
[17.237706] (simple_robot) StdoutLine: {'line': b'-- Found OpenSSL: /usr/lib/x86_64-linux-gnu/libcrypto.so (found version "3.0.2")  \n'}
[17.245927] (-) TimerEvent: {}
[17.346679] (-) TimerEvent: {}
[17.457141] (-) TimerEvent: {}
[17.561282] (-) TimerEvent: {}
[17.663939] (-) TimerEvent: {}
[17.777850] (-) TimerEvent: {}
[17.883455] (-) TimerEvent: {}
[17.951511] (simple_robot) StdoutLine: {'line': b'-- Found FastRTPS: /opt/ros/humble/include  \n'}
[17.984146] (-) TimerEvent: {}
[18.090144] (-) TimerEvent: {}
[18.197751] (-) TimerEvent: {}
[18.304214] (-) TimerEvent: {}
[18.409401] (-) TimerEvent: {}
[18.451655] (simple_robot) StdoutLine: {'line': b"-- Using RMW implementation 'rmw_fastrtps_cpp' as default\n"}
[18.517769] (-) TimerEvent: {}
[18.561660] (simple_robot) StdoutLine: {'line': b'-- Looking for pthread.h\n'}
[18.621576] (-) TimerEvent: {}
[18.726131] (-) TimerEvent: {}
[18.836259] (-) TimerEvent: {}
[18.943777] (-) TimerEvent: {}
[19.053075] (-) TimerEvent: {}
[19.159267] (-) TimerEvent: {}
[19.272138] (-) TimerEvent: {}
[19.377946] (-) TimerEvent: {}
[19.482655] (-) TimerEvent: {}
[19.540189] (simple_robot) StdoutLine: {'line': b'-- Looking for pthread.h - found\n'}
[19.545315] (simple_robot) StdoutLine: {'line': b'-- Performing Test CMAKE_HAVE_LIBC_PTHREAD\n'}
[19.584129] (-) TimerEvent: {}
[19.687341] (-) TimerEvent: {}
[19.792465] (-) TimerEvent: {}
[19.896856] (-) TimerEvent: {}
[20.000165] (-) TimerEvent: {}
[20.107284] (-) TimerEvent: {}
[20.211112] (-) TimerEvent: {}
[20.316789] (-) TimerEvent: {}
[20.417646] (-) TimerEvent: {}
[20.524342] (-) TimerEvent: {}
[20.634090] (-) TimerEvent: {}
[20.720165] (simple_robot) StdoutLine: {'line': b'-- Performing Test CMAKE_HAVE_LIBC_PTHREAD - Success\n'}
[20.721387] (simple_robot) StdoutLine: {'line': b'-- Found Threads: TRUE  \n'}
[20.736747] (-) TimerEvent: {}
[20.844701] (-) TimerEvent: {}
[20.950616] (-) TimerEvent: {}
[21.053781] (-) TimerEvent: {}
[21.160878] (-) TimerEvent: {}
[21.267018] (-) TimerEvent: {}
[21.369875] (-) TimerEvent: {}
[21.478620] (-) TimerEvent: {}
[21.586252] (-) TimerEvent: {}
[21.688350] (-) TimerEvent: {}
[21.790229] (-) TimerEvent: {}
[21.894127] (-) TimerEvent: {}
[22.002478] (-) TimerEvent: {}
[22.106456] (-) TimerEvent: {}
[22.192384] (simple_robot) StdoutLine: {'line': b'-- Found geometry_msgs: 4.2.4 (/opt/ros/humble/share/geometry_msgs/cmake)\n'}
[22.209106] (-) TimerEvent: {}
[22.313361] (-) TimerEvent: {}
[22.418609] (-) TimerEvent: {}
[22.525845] (-) TimerEvent: {}
[22.633142] (simple_robot) StdoutLine: {'line': b'-- Found sensor_msgs: 4.2.4 (/opt/ros/humble/share/sensor_msgs/cmake)\n'}
[22.635261] (-) TimerEvent: {}
[22.741158] (-) TimerEvent: {}
[22.847625] (-) TimerEvent: {}
[22.948514] (-) TimerEvent: {}
[23.049418] (-) TimerEvent: {}
[23.151391] (-) TimerEvent: {}
[23.255142] (-) TimerEvent: {}
[23.296006] (simple_robot) StdoutLine: {'line': b'-- Found nav_msgs: 4.2.4 (/opt/ros/humble/share/nav_msgs/cmake)\n'}
[23.357105] (-) TimerEvent: {}
[23.457885] (-) TimerEvent: {}
[23.560300] (-) TimerEvent: {}
[23.663101] (-) TimerEvent: {}
[23.763926] (-) TimerEvent: {}
[23.867434] (-) TimerEvent: {}
[23.969079] (-) TimerEvent: {}
[24.014140] (simple_robot) StdoutLine: {'line': b'-- Found OpenCV: /usr (found version "4.5.4") \n'}
[24.069300] (-) TimerEvent: {}
[24.173131] (-) TimerEvent: {}
[24.274047] (-) TimerEvent: {}
[24.378104] (-) TimerEvent: {}
[24.480115] (-) TimerEvent: {}
[24.580999] (-) TimerEvent: {}
[24.681803] (-) TimerEvent: {}
[24.785115] (-) TimerEvent: {}
[24.886025] (-) TimerEvent: {}
[24.942319] (simple_robot) StdoutLine: {'line': b'-- DATA_DIR: /home/martina/rp_project/robot-programming-project/src/simple_robot/data\n'}
[24.948134] (simple_robot) StdoutLine: {'line': b'-- Configuring done\n'}
[24.987461] (-) TimerEvent: {}
[25.093134] (-) TimerEvent: {}
[25.197140] (-) TimerEvent: {}
[25.303418] (-) TimerEvent: {}
[25.314216] (simple_robot) StdoutLine: {'line': b'-- Generating done\n'}
[25.377603] (simple_robot) StdoutLine: {'line': b'-- Build files have been written to: /home/martina/rp_project/robot-programming-project/src/simple_robot/build/simple_robot\n'}
[25.405673] (-) TimerEvent: {}
[25.440740] (simple_robot) CommandEnded: {'returncode': 0}
[25.451437] (simple_robot) JobProgress: {'identifier': 'simple_robot', 'progress': 'build'}
[25.451717] (simple_robot) Command: {'cmd': ['/usr/bin/cmake', '--build', '/home/martina/rp_project/robot-programming-project/src/simple_robot/build/simple_robot', '--', '-j4', '-l4'], 'cwd': '/home/martina/rp_project/robot-programming-project/src/simple_robot/build/simple_robot', 'env': OrderedDict([('GJS_DEBUG_TOPICS', 'JS ERROR;JS LOG'), ('LESSOPEN', '| /usr/bin/env /usr/bin/lesspipe %s 2>/dev/null'), ('CONDA_PROMPT_MODIFIER', '(base)'), ('LC_TIME', 'it_IT.UTF-8'), ('USER', 'martina'), ('XDG_SESSION_TYPE', 'wayland'), ('GIT_ASKPASS', '/usr/share/code/resources/app/extensions/git/dist/askpass.sh'), ('SHLVL', '2'), ('LD_LIBRARY_PATH', '/opt/ros/humble/opt/rviz_ogre_vendor/lib:/opt/ros/humble/lib/x86_64-linux-gnu:/opt/ros/humble/lib::/home/martina/.mujoco/mujoco210/bin:/usr/lib/nvidia:~/anaconda3/lib'), ('HOME', '/home/martina'), ('OLDPWD', '/home/martina/rp_project/robot-programming-project/src/simple_robot'), ('CHROME_DESKTOP', 'code.desktop'), ('TERMINFO', '/home/martina/.terminfo'), ('LESS', '-iRFXMx4'), ('CONDA_SHLVL', '1'), ('DESKTOP_SESSION', 'ubuntu'), ('TERM_PROGRAM_VERSION', '1.97.2'), ('GIO_LAUNCHED_DESKTOP_FILE', '/usr/share/applications/code.desktop'), ('LSCOLORS', 'ExGxDxDxCxDxDxFxFxexEx'), ('GTK_MODULES', 'gail:atk-bridge'), ('GNOME_SHELL_SESSION_MODE', 'ubuntu'), ('VSCODE_GIT_ASKPASS_MAIN', '/usr/share/code/resources/app/extensions/git/dist/askpass-main.js'), ('PAGER', 'less'), ('ROS_PYTHON_VERSION', '3'), ('LC_MONETARY', 'it_IT.UTF-8'), ('MANAGERPID', '935'), ('VSCODE_GIT_ASKPASS_NODE', '/usr/share/code/code'), ('SYSTEMD_EXEC_PID', '1150'), ('DBUS_SESSION_BUS_ADDRESS', 'unix:path=/run/user/1000/bus'), ('P9K_TTY', 'old'), ('GIO_LAUNCHED_DESKTOP_FILE_PID', '3888'), ('COLORTERM', 'truecolor'), ('_CE_M', ''), ('WAYLAND_DISPLAY', 'wayland-0'), ('INFOPATH', ''), ('ROS_DISTRO', 'humble'), ('COLCON_PREFIX_PATH', '/home/martina/rp_project/robot-programming-project/install'), ('LOGNAME', 'martina'), ('_', '/usr/bin/colcon'), ('JOURNAL_STREAM', '8:10888'), ('_P9K_SSH_TTY', '/dev/pts/0'), ('XDG_SESSION_CLASS', 'user'), ('USER_ZDOTDIR', '/home/martina'), ('ROS_VERSION', '2'), ('USERNAME', 'martina'), ('TERM', 'xterm-256color'), ('GNOME_DESKTOP_SESSION_ID', 'this-is-deprecated'), ('_CE_CONDA', ''), ('ROS_LOCALHOST_ONLY', '0'), ('PATH', '/opt/ros/humble/bin:/home/martina/.local/bin:/home/martina/.local/bin:/usr/lib/ccache:.:/home/martina/.mujoco/mujoco210/bin:/usr/lib/nvidia:/home/martina/anaconda3/condabin:/home/martina/bin:/home/martina/.local/bin:/usr/local/sbin:/usr/local/bin:/usr/sbin:/usr/bin:/sbin:/bin:/usr/games:/usr/local/games:/snap/bin:/home/martina/.cache/zsh4humans/v5/fzf/bin:/home/martina/other/install/bin'), ('SESSION_MANAGER', 'local/Martina-ThinkPad-X1-Yoga:@/tmp/.ICE-unix/1101,unix/Martina-ThinkPad-X1-Yoga:/tmp/.ICE-unix/1101'), ('INVOCATION_ID', '1c6ef4f92b04498681378ae68fe5b9c7'), ('LC_ADDRESS', 'it_IT.UTF-8'), ('XDG_RUNTIME_DIR', '/run/user/1000'), ('XDG_MENU_PREFIX', 'gnome-'), ('GNOME_SETUP_DISPLAY', ':1'), ('GDK_BACKEND', 'x11'), ('DISPLAY', ':0'), ('LANG', 'en_US.UTF-8'), ('LC_TELEPHONE', 'it_IT.UTF-8'), ('XDG_CURRENT_DESKTOP', 'Unity'), ('VSCODE_INJECTION', '1'), ('LD_PRELOAD', ':/usr/lib/x86_64-linux-gnu/libGLEW.so'), ('XDG_SESSION_DESKTOP', 'ubuntu'), ('XMODIFIERS', '@im=ibus'), ('XAUTHORITY', '/run/user/1000/.mutter-Xwaylandauth.HIED22'), ('TERM_PROGRAM', 'vscode'), ('VSCODE_GIT_IPC_HANDLE', '/run/user/1000/vscode-git-f640f2b3f6.sock'), ('LS_COLORS', 'fi=00:mi=00:mh=00:ln=01;36:or=01;31:di=01;34:ow=04;01;34:st=34:tw=04;34:pi=01;33:so=01;33:do=01;33:bd=01;33:cd=01;33:su=01;35:sg=01;35:ca=01;35:ex=01;32:no=38;5;248'), ('TREE_COLORS', 'fi=00:mi=00:mh=00:ln=01;36:or=01;31:di=01;34:ow=01;34:st=34:tw=34:pi=01;33:so=01;33:do=01;33:bd=01;33:cd=01;33:su=01;35:sg=01;35:ca=01;35:ex=01;32'), ('SSH_AGENT_LAUNCHER', 'gnome-keyring'), ('SSH_AUTH_SOCK', '/run/user/1000/keyring/ssh'), ('ORIGINAL_XDG_CURRENT_DESKTOP', 'ubuntu:GNOME'), ('CONDA_PYTHON_EXE', '/home/martina/anaconda3/bin/python'), ('AMENT_PREFIX_PATH', '/home/martina/rp_project/robot-programming-project/install/simple_robot:/opt/ros/humble'), ('LC_NAME', 'it_IT.UTF-8'), ('SHELL', '/usr/local/bin/zsh'), ('DEST', '/home/martina/other/install'), ('QT_ACCESSIBILITY', '1'), ('GDMSESSION', 'ubuntu'), ('CONDA_DEFAULT_ENV', 'base'), ('LC_MEASUREMENT', 'it_IT.UTF-8'), ('LC_IDENTIFICATION', 'it_IT.UTF-8'), ('GJS_DEBUG_OUTPUT', 'stderr'), ('P9K_SSH', '0'), ('QT_IM_MODULE', 'ibus'), ('VSCODE_GIT_ASKPASS_EXTRA_ARGS', ''), ('VSCODE_NONCE', '54dcb112-afcc-4c20-b10a-51290a02c083'), ('LC_ALL', 'en_US.UTF-8'), ('PWD', '/home/martina/rp_project/robot-programming-project/src/simple_robot/build/simple_robot'), ('GPG_TTY', '/dev/pts/0'), ('XDG_DATA_DIRS', '/usr/local/share/:/usr/share/:/var/lib/snapd/desktop'), ('ZDOTDIR', '/home/martina'), ('_P9K_TTY', '/dev/pts/0'), ('CONDA_EXE', '/home/martina/anaconda3/bin/conda'), ('LC_NUMERIC', 'it_IT.UTF-8'), ('PYTHONPATH', '/opt/ros/humble/lib/python3.10/site-packages:/opt/ros/humble/local/lib/python3.10/dist-packages:/home/martina/other/install/lib/python3.10/site-packages/'), ('LC_PAPER', 'it_IT.UTF-8'), ('CONDA_PREFIX', '/home/martina/anaconda3'), ('COLCON', '1'), ('MANPATH', '/usr/local/share/man:/home/martina/.cache/zsh4humans/v5/fzf/man:'), ('CMAKE_PREFIX_PATH', '/home/martina/rp_project/robot-programming-project/install/simple_robot:/opt/ros/humble')]), 'shell': False}
[25.505863] (-) TimerEvent: {}
[25.607916] (-) TimerEvent: {}
[25.719296] (-) TimerEvent: {}
[25.820868] (-) TimerEvent: {}
[25.929302] (-) TimerEvent: {}
[26.038134] (-) TimerEvent: {}
[26.139147] (-) TimerEvent: {}
[26.241187] (-) TimerEvent: {}
[26.350149] (-) TimerEvent: {}
[26.451152] (-) TimerEvent: {}
[26.553896] (-) TimerEvent: {}
[26.569759] (simple_robot) StdoutLine: {'line': b'\x1b[35m\x1b[1mConsolidate compiler generated dependencies of target robot_map_node\x1b[0m\n'}
[26.656879] (-) TimerEvent: {}
[26.761235] (-) TimerEvent: {}
[26.871593] (-) TimerEvent: {}
[26.880640] (simple_robot) StdoutLine: {'line': b'[  8%] \x1b[32mBuilding CXX object CMakeFiles/robot_map_node.dir/src/main.cpp.o\x1b[0m\n'}
[26.982429] (-) TimerEvent: {}
[27.089609] (-) TimerEvent: {}
[27.192929] (-) TimerEvent: {}
[27.301017] (-) TimerEvent: {}
[27.404565] (-) TimerEvent: {}
[27.505627] (-) TimerEvent: {}
[27.608540] (-) TimerEvent: {}
[27.711456] (-) TimerEvent: {}
[27.812406] (-) TimerEvent: {}
[27.916512] (-) TimerEvent: {}
[28.017471] (-) TimerEvent: {}
[28.120445] (-) TimerEvent: {}
[28.221448] (-) TimerEvent: {}
[28.325532] (-) TimerEvent: {}
[28.427274] (-) TimerEvent: {}
[28.528252] (-) TimerEvent: {}
[28.632254] (-) TimerEvent: {}
[28.734283] (-) TimerEvent: {}
[28.838310] (-) TimerEvent: {}
[28.941486] (-) TimerEvent: {}
[29.047841] (-) TimerEvent: {}
[29.153081] (-) TimerEvent: {}
[29.254223] (-) TimerEvent: {}
[29.357742] (-) TimerEvent: {}
[29.460742] (-) TimerEvent: {}
[29.563791] (-) TimerEvent: {}
[29.669386] (-) TimerEvent: {}
[29.773211] (-) TimerEvent: {}
[29.874477] (-) TimerEvent: {}
[29.976128] (-) TimerEvent: {}
[30.078163] (-) TimerEvent: {}
[30.180308] (-) TimerEvent: {}
[30.282850] (-) TimerEvent: {}
[30.386142] (-) TimerEvent: {}
[30.488151] (-) TimerEvent: {}
[30.591193] (-) TimerEvent: {}
[30.693333] (-) TimerEvent: {}
[30.802190] (-) TimerEvent: {}
[30.906569] (-) TimerEvent: {}
[31.011304] (-) TimerEvent: {}
[31.119205] (-) TimerEvent: {}
[31.222992] (-) TimerEvent: {}
[31.332095] (-) TimerEvent: {}
[31.433931] (-) TimerEvent: {}
[31.538602] (-) TimerEvent: {}
[31.639589] (-) TimerEvent: {}
[31.745112] (-) TimerEvent: {}
[31.848352] (-) TimerEvent: {}
[31.949239] (-) TimerEvent: {}
[32.056037] (-) TimerEvent: {}
[32.163164] (-) TimerEvent: {}
[32.264140] (-) TimerEvent: {}
[32.372261] (-) TimerEvent: {}
[32.474169] (-) TimerEvent: {}
[32.575014] (-) TimerEvent: {}
[32.678743] (-) TimerEvent: {}
[32.779655] (-) TimerEvent: {}
[32.880479] (-) TimerEvent: {}
[32.983260] (-) TimerEvent: {}
[33.084126] (-) TimerEvent: {}
[33.186148] (-) TimerEvent: {}
[33.288301] (-) TimerEvent: {}
[33.390115] (-) TimerEvent: {}
[33.491373] (-) TimerEvent: {}
[33.593128] (-) TimerEvent: {}
[33.697147] (-) TimerEvent: {}
[33.798010] (-) TimerEvent: {}
[33.903137] (-) TimerEvent: {}
[34.004035] (-) TimerEvent: {}
[34.109945] (-) TimerEvent: {}
[34.220197] (-) TimerEvent: {}
[34.329179] (-) TimerEvent: {}
[34.432663] (-) TimerEvent: {}
[34.539804] (-) TimerEvent: {}
[34.646121] (-) TimerEvent: {}
[34.747648] (-) TimerEvent: {}
[34.856174] (-) TimerEvent: {}
[34.957263] (-) TimerEvent: {}
[35.071044] (-) TimerEvent: {}
[35.176298] (-) TimerEvent: {}
[35.277399] (-) TimerEvent: {}
[35.385126] (-) TimerEvent: {}
[35.488105] (-) TimerEvent: {}
[35.596361] (-) TimerEvent: {}
[35.700148] (-) TimerEvent: {}
[35.812134] (-) TimerEvent: {}
[35.913053] (-) TimerEvent: {}
[36.016523] (-) TimerEvent: {}
[36.119189] (-) TimerEvent: {}
[36.225114] (-) TimerEvent: {}
[36.330652] (-) TimerEvent: {}
[36.436136] (-) TimerEvent: {}
[36.545019] (-) TimerEvent: {}
[36.649125] (-) TimerEvent: {}
[36.755367] (-) TimerEvent: {}
[36.859655] (-) TimerEvent: {}
[36.967099] (-) TimerEvent: {}
[37.068258] (-) TimerEvent: {}
[37.171478] (-) TimerEvent: {}
[37.276440] (-) TimerEvent: {}
[37.377300] (-) TimerEvent: {}
[37.486295] (-) TimerEvent: {}
[37.591753] (-) TimerEvent: {}
[37.695149] (-) TimerEvent: {}
[37.805303] (-) TimerEvent: {}
[37.913402] (-) TimerEvent: {}
[38.015152] (-) TimerEvent: {}
[38.120131] (-) TimerEvent: {}
[38.224721] (-) TimerEvent: {}
[38.332108] (-) TimerEvent: {}
[38.433306] (-) TimerEvent: {}
[38.538857] (-) TimerEvent: {}
[38.647126] (-) TimerEvent: {}
[38.752872] (-) TimerEvent: {}
[38.853800] (-) TimerEvent: {}
[38.961116] (-) TimerEvent: {}
[39.062286] (-) TimerEvent: {}
[39.164354] (-) TimerEvent: {}
[39.267519] (-) TimerEvent: {}
[39.368561] (-) TimerEvent: {}
[39.471157] (-) TimerEvent: {}
[39.575255] (-) TimerEvent: {}
[39.678473] (-) TimerEvent: {}
[39.779460] (-) TimerEvent: {}
[39.883452] (-) TimerEvent: {}
[39.995251] (-) TimerEvent: {}
[40.096217] (-) TimerEvent: {}
[40.197152] (-) TimerEvent: {}
[40.299279] (-) TimerEvent: {}
[40.402170] (-) TimerEvent: {}
[40.503070] (-) TimerEvent: {}
[40.606269] (-) TimerEvent: {}
[40.715478] (-) TimerEvent: {}
[40.819269] (-) TimerEvent: {}
[40.920347] (-) TimerEvent: {}
[41.029272] (-) TimerEvent: {}
[41.133127] (-) TimerEvent: {}
[41.234003] (-) TimerEvent: {}
[41.335657] (-) TimerEvent: {}
[41.440182] (-) TimerEvent: {}
[41.541219] (-) TimerEvent: {}
[41.650274] (-) TimerEvent: {}
[41.751372] (-) TimerEvent: {}
[41.853698] (-) TimerEvent: {}
[41.957178] (-) TimerEvent: {}
[42.063093] (-) TimerEvent: {}
[42.163893] (-) TimerEvent: {}
[42.265105] (-) TimerEvent: {}
[42.367706] (-) TimerEvent: {}
[42.472117] (-) TimerEvent: {}
[42.574112] (-) TimerEvent: {}
[42.676166] (-) TimerEvent: {}
[42.777133] (-) TimerEvent: {}
[42.879915] (-) TimerEvent: {}
[42.981951] (-) TimerEvent: {}
[43.085907] (-) TimerEvent: {}
[43.189133] (-) TimerEvent: {}
[43.292095] (-) TimerEvent: {}
[43.395588] (-) TimerEvent: {}
[43.498609] (-) TimerEvent: {}
[43.600857] (-) TimerEvent: {}
[43.702239] (-) TimerEvent: {}
[43.804583] (-) TimerEvent: {}
[43.907333] (-) TimerEvent: {}
[44.010286] (-) TimerEvent: {}
[44.111522] (-) TimerEvent: {}
[44.214482] (-) TimerEvent: {}
[44.318353] (-) TimerEvent: {}
[44.423807] (-) TimerEvent: {}
[44.527902] (-) TimerEvent: {}
[44.629888] (-) TimerEvent: {}
[44.732120] (-) TimerEvent: {}
[44.835467] (-) TimerEvent: {}
[44.940379] (-) TimerEvent: {}
[45.041731] (-) TimerEvent: {}
[45.144646] (-) TimerEvent: {}
[45.254145] (-) TimerEvent: {}
[45.355114] (-) TimerEvent: {}
[45.463113] (-) TimerEvent: {}
[45.564066] (-) TimerEvent: {}
[45.664923] (-) TimerEvent: {}
[45.773196] (-) TimerEvent: {}
[45.876115] (-) TimerEvent: {}
[45.978582] (-) TimerEvent: {}
[46.085264] (-) TimerEvent: {}
[46.186100] (-) TimerEvent: {}
[46.287075] (-) TimerEvent: {}
[46.389373] (-) TimerEvent: {}
[46.491275] (-) TimerEvent: {}
[46.593270] (-) TimerEvent: {}
[46.708684] (-) TimerEvent: {}
[46.812186] (-) TimerEvent: {}
[46.913122] (-) TimerEvent: {}
[47.019536] (-) TimerEvent: {}
[47.120590] (-) TimerEvent: {}
[47.225562] (-) TimerEvent: {}
[47.326520] (-) TimerEvent: {}
[47.433085] (-) TimerEvent: {}
[47.536423] (-) TimerEvent: {}
[47.642161] (-) TimerEvent: {}
[47.743746] (-) TimerEvent: {}
[47.849091] (-) TimerEvent: {}
[47.959157] (-) TimerEvent: {}
[48.068120] (-) TimerEvent: {}
[48.172768] (-) TimerEvent: {}
[48.276113] (-) TimerEvent: {}
[48.376932] (-) TimerEvent: {}
[48.481204] (-) TimerEvent: {}
[48.587354] (-) TimerEvent: {}
[48.690461] (-) TimerEvent: {}
[48.793827] (-) TimerEvent: {}
[48.895086] (-) TimerEvent: {}
[48.996742] (-) TimerEvent: {}
[49.100452] (-) TimerEvent: {}
[49.203807] (-) TimerEvent: {}
[49.304731] (-) TimerEvent: {}
[49.407653] (-) TimerEvent: {}
[49.510783] (-) TimerEvent: {}
[49.612676] (-) TimerEvent: {}
[49.714681] (-) TimerEvent: {}
[49.817317] (-) TimerEvent: {}
[49.920458] (-) TimerEvent: {}
[50.021923] (-) TimerEvent: {}
[50.125086] (-) TimerEvent: {}
[50.227761] (-) TimerEvent: {}
[50.330621] (-) TimerEvent: {}
[50.431598] (-) TimerEvent: {}
[50.538017] (-) TimerEvent: {}
[50.640108] (-) TimerEvent: {}
[50.742487] (-) TimerEvent: {}
[50.843507] (-) TimerEvent: {}
[50.946694] (-) TimerEvent: {}
[51.047579] (-) TimerEvent: {}
[51.150488] (-) TimerEvent: {}
[51.251504] (-) TimerEvent: {}
[51.353468] (-) TimerEvent: {}
[51.455578] (-) TimerEvent: {}
[51.557316] (-) TimerEvent: {}
[51.659140] (-) TimerEvent: {}
[51.760112] (-) TimerEvent: {}
[51.862642] (-) TimerEvent: {}
[51.966522] (-) TimerEvent: {}
[52.069743] (-) TimerEvent: {}
[52.174314] (-) TimerEvent: {}
[52.278073] (-) TimerEvent: {}
[52.378892] (-) TimerEvent: {}
[52.479761] (-) TimerEvent: {}
[52.581745] (-) TimerEvent: {}
[52.684195] (-) TimerEvent: {}
[52.787450] (-) TimerEvent: {}
[52.891136] (-) TimerEvent: {}
[52.992077] (-) TimerEvent: {}
[53.095181] (-) TimerEvent: {}
[53.197983] (-) TimerEvent: {}
[53.302341] (-) TimerEvent: {}
[53.408569] (-) TimerEvent: {}
[53.510398] (-) TimerEvent: {}
[53.621183] (-) TimerEvent: {}
[53.728165] (-) TimerEvent: {}
[53.835122] (-) TimerEvent: {}
[53.937133] (-) TimerEvent: {}
[54.043213] (-) TimerEvent: {}
[54.150191] (-) TimerEvent: {}
[54.251133] (-) TimerEvent: {}
[54.362151] (-) TimerEvent: {}
[54.463387] (-) TimerEvent: {}
[54.571535] (-) TimerEvent: {}
[54.672454] (-) TimerEvent: {}
[54.775144] (-) TimerEvent: {}
[54.880147] (-) TimerEvent: {}
[54.981114] (-) TimerEvent: {}
[55.087128] (-) TimerEvent: {}
[55.188042] (-) TimerEvent: {}
[55.289217] (-) TimerEvent: {}
[55.390779] (-) TimerEvent: {}
[55.493574] (-) TimerEvent: {}
[55.595243] (-) TimerEvent: {}
[55.699842] (-) TimerEvent: {}
[55.804248] (-) TimerEvent: {}
[55.909377] (-) TimerEvent: {}
[56.011720] (-) TimerEvent: {}
[56.114885] (-) TimerEvent: {}
[56.216600] (-) TimerEvent: {}
[56.319113] (-) TimerEvent: {}
[56.420132] (-) TimerEvent: {}
[56.522470] (-) TimerEvent: {}
[56.626415] (-) TimerEvent: {}
[56.730042] (-) TimerEvent: {}
[56.836273] (-) TimerEvent: {}
[56.938268] (-) TimerEvent: {}
[57.043590] (-) TimerEvent: {}
[57.144626] (-) TimerEvent: {}
[57.246224] (-) TimerEvent: {}
[57.347583] (-) TimerEvent: {}
[57.451849] (-) TimerEvent: {}
[57.555399] (-) TimerEvent: {}
[57.659593] (-) TimerEvent: {}
[57.763716] (-) TimerEvent: {}
[57.866196] (-) TimerEvent: {}
[57.967049] (-) TimerEvent: {}
[58.074340] (-) TimerEvent: {}
[58.179751] (-) TimerEvent: {}
[58.283735] (-) TimerEvent: {}
[58.387316] (-) TimerEvent: {}
[58.492382] (-) TimerEvent: {}
[58.595725] (-) TimerEvent: {}
[58.698063] (-) TimerEvent: {}
[58.801132] (-) TimerEvent: {}
[58.905528] (-) TimerEvent: {}
[59.009116] (-) TimerEvent: {}
[59.114989] (-) TimerEvent: {}
[59.218170] (-) TimerEvent: {}
[59.322763] (-) TimerEvent: {}
[59.426132] (-) TimerEvent: {}
[59.529112] (-) TimerEvent: {}
[59.630108] (-) TimerEvent: {}
[59.734166] (-) TimerEvent: {}
[59.836744] (-) TimerEvent: {}
[59.943131] (-) TimerEvent: {}
[60.045209] (-) TimerEvent: {}
[60.147527] (-) TimerEvent: {}
[60.253507] (-) TimerEvent: {}
[60.357462] (-) TimerEvent: {}
[60.462150] (-) TimerEvent: {}
[60.565137] (-) TimerEvent: {}
[60.668441] (-) TimerEvent: {}
[60.769376] (-) TimerEvent: {}
[60.873156] (-) TimerEvent: {}
[60.974263] (-) TimerEvent: {}
[61.085181] (-) TimerEvent: {}
[61.188306] (-) TimerEvent: {}
[61.293207] (-) TimerEvent: {}
[61.394312] (-) TimerEvent: {}
[61.496320] (-) TimerEvent: {}
[61.601047] (-) TimerEvent: {}
[61.702452] (-) TimerEvent: {}
[61.807152] (-) TimerEvent: {}
[61.909659] (-) TimerEvent: {}
[62.012129] (-) TimerEvent: {}
[62.113030] (-) TimerEvent: {}
[62.216111] (-) TimerEvent: {}
[62.318112] (-) TimerEvent: {}
[62.424475] (-) TimerEvent: {}
[62.526702] (-) TimerEvent: {}
[62.629163] (-) TimerEvent: {}
[62.730067] (-) TimerEvent: {}
[62.831248] (-) TimerEvent: {}
[62.934442] (-) TimerEvent: {}
[63.035495] (-) TimerEvent: {}
[63.140151] (-) TimerEvent: {}
[63.241418] (-) TimerEvent: {}
[63.346675] (-) TimerEvent: {}
[63.447699] (-) TimerEvent: {}
[63.548605] (-) TimerEvent: {}
[63.649602] (-) TimerEvent: {}
[63.750562] (-) TimerEvent: {}
[63.851535] (-) TimerEvent: {}
[63.952366] (-) TimerEvent: {}
[64.056542] (-) TimerEvent: {}
[64.158294] (-) TimerEvent: {}
[64.259873] (-) TimerEvent: {}
[64.364001] (-) TimerEvent: {}
[64.470136] (-) TimerEvent: {}
[64.574938] (-) TimerEvent: {}
[64.678190] (-) TimerEvent: {}
[64.788455] (-) TimerEvent: {}
[64.895149] (-) TimerEvent: {}
[64.996110] (-) TimerEvent: {}
[65.097923] (-) TimerEvent: {}
[65.202825] (-) TimerEvent: {}
[65.305459] (-) TimerEvent: {}
[65.411136] (-) TimerEvent: {}
[65.512194] (-) TimerEvent: {}
[65.618344] (-) TimerEvent: {}
[65.719354] (-) TimerEvent: {}
[65.822123] (-) TimerEvent: {}
[65.923030] (-) TimerEvent: {}
[66.027348] (-) TimerEvent: {}
[66.131288] (-) TimerEvent: {}
[66.232217] (-) TimerEvent: {}
[66.333184] (-) TimerEvent: {}
[66.436223] (-) TimerEvent: {}
[66.537610] (-) TimerEvent: {}
[66.640159] (-) TimerEvent: {}
[66.743492] (-) TimerEvent: {}
[66.844518] (-) TimerEvent: {}
[66.945500] (-) TimerEvent: {}
[67.050353] (-) TimerEvent: {}
[67.152144] (-) TimerEvent: {}
[67.256447] (-) TimerEvent: {}
[67.363847] (-) TimerEvent: {}
[67.469852] (-) TimerEvent: {}
[67.570777] (-) TimerEvent: {}
[67.675468] (-) TimerEvent: {}
[67.779659] (-) TimerEvent: {}
[67.884455] (-) TimerEvent: {}
[67.987511] (-) TimerEvent: {}
[68.089202] (-) TimerEvent: {}
[68.192769] (-) TimerEvent: {}
[68.294164] (-) TimerEvent: {}
[68.395733] (-) TimerEvent: {}
[68.496629] (-) TimerEvent: {}
[68.597467] (-) TimerEvent: {}
[68.698256] (-) TimerEvent: {}
[68.799440] (-) TimerEvent: {}
[68.901176] (-) TimerEvent: {}
[69.002290] (-) TimerEvent: {}
[69.105056] (-) TimerEvent: {}
[69.208768] (-) TimerEvent: {}
[69.310870] (-) TimerEvent: {}
[69.411726] (-) TimerEvent: {}
[69.512777] (-) TimerEvent: {}
[69.614223] (-) TimerEvent: {}
[69.715308] (-) TimerEvent: {}
[69.816492] (-) TimerEvent: {}
[69.920219] (-) TimerEvent: {}
[70.024698] (-) TimerEvent: {}
[70.129036] (-) TimerEvent: {}
[70.237073] (-) TimerEvent: {}
[70.342136] (-) TimerEvent: {}
[70.444335] (-) TimerEvent: {}
[70.545524] (-) TimerEvent: {}
[70.651352] (-) TimerEvent: {}
[70.753630] (-) TimerEvent: {}
[70.855361] (-) TimerEvent: {}
[70.956863] (-) TimerEvent: {}
[71.059177] (-) TimerEvent: {}
[71.161132] (-) TimerEvent: {}
[71.265231] (-) TimerEvent: {}
[71.366159] (-) TimerEvent: {}
[71.467085] (-) TimerEvent: {}
[71.569123] (-) TimerEvent: {}
[71.671063] (-) TimerEvent: {}
[71.771947] (-) TimerEvent: {}
[71.873048] (-) TimerEvent: {}
[71.974160] (-) TimerEvent: {}
[72.075145] (-) TimerEvent: {}
[72.176085] (-) TimerEvent: {}
[72.277112] (-) TimerEvent: {}
[72.379868] (-) TimerEvent: {}
[72.481509] (-) TimerEvent: {}
[72.584010] (-) TimerEvent: {}
[72.684815] (-) TimerEvent: {}
[72.786213] (-) TimerEvent: {}
[72.889392] (-) TimerEvent: {}
[72.992398] (-) TimerEvent: {}
[73.093457] (-) TimerEvent: {}
[73.194895] (-) TimerEvent: {}
[73.299143] (-) TimerEvent: {}
[73.401142] (-) TimerEvent: {}
[73.505624] (-) TimerEvent: {}
[73.607576] (-) TimerEvent: {}
[73.708544] (-) TimerEvent: {}
[73.810334] (-) TimerEvent: {}
[73.911568] (-) TimerEvent: {}
[74.012645] (-) TimerEvent: {}
[74.114139] (-) TimerEvent: {}
[74.216597] (-) TimerEvent: {}
[74.317512] (-) TimerEvent: {}
[74.418546] (-) TimerEvent: {}
[74.519533] (-) TimerEvent: {}
[74.620575] (-) TimerEvent: {}
[74.721351] (-) TimerEvent: {}
[74.822640] (-) TimerEvent: {}
[74.923837] (-) TimerEvent: {}
[75.024676] (-) TimerEvent: {}
[75.125555] (-) TimerEvent: {}
[75.231132] (-) TimerEvent: {}
[75.332042] (-) TimerEvent: {}
[75.433151] (-) TimerEvent: {}
[75.534056] (-) TimerEvent: {}
[75.634886] (-) TimerEvent: {}
[75.735935] (-) TimerEvent: {}
[75.836801] (-) TimerEvent: {}
[75.937990] (-) TimerEvent: {}
[76.039145] (-) TimerEvent: {}
[76.140285] (-) TimerEvent: {}
[76.243351] (-) TimerEvent: {}
[76.347861] (-) TimerEvent: {}
[76.450436] (-) TimerEvent: {}
[76.552681] (-) TimerEvent: {}
[76.662233] (-) TimerEvent: {}
[76.766708] (-) TimerEvent: {}
[76.868620] (-) TimerEvent: {}
[76.970246] (-) TimerEvent: {}
[77.071546] (-) TimerEvent: {}
[77.172540] (-) TimerEvent: {}
[77.274890] (-) TimerEvent: {}
[77.377581] (-) TimerEvent: {}
[77.484292] (-) TimerEvent: {}
[77.586474] (-) TimerEvent: {}
[77.688521] (-) TimerEvent: {}
[77.791150] (-) TimerEvent: {}
[77.892109] (-) TimerEvent: {}
[77.995656] (-) TimerEvent: {}
[78.100854] (-) TimerEvent: {}
[78.206405] (-) TimerEvent: {}
[78.308541] (-) TimerEvent: {}
[78.410948] (-) TimerEvent: {}
[78.514141] (-) TimerEvent: {}
[78.616454] (-) TimerEvent: {}
[78.717994] (-) TimerEvent: {}
[78.819920] (-) TimerEvent: {}
[78.921806] (-) TimerEvent: {}
[79.023510] (-) TimerEvent: {}
[79.124438] (-) TimerEvent: {}
[79.225413] (-) TimerEvent: {}
[79.326552] (-) TimerEvent: {}
[79.429151] (-) TimerEvent: {}
[79.531202] (-) TimerEvent: {}
[79.632177] (-) TimerEvent: {}
[79.733257] (-) TimerEvent: {}
[79.834434] (-) TimerEvent: {}
[79.936867] (-) TimerEvent: {}
[80.037857] (-) TimerEvent: {}
[80.138824] (-) TimerEvent: {}
[80.241597] (-) TimerEvent: {}
[80.343519] (-) TimerEvent: {}
[80.447098] (-) TimerEvent: {}
[80.551479] (-) TimerEvent: {}
[80.653228] (-) TimerEvent: {}
[80.758215] (-) TimerEvent: {}
[80.860871] (-) TimerEvent: {}
[80.963199] (-) TimerEvent: {}
[81.064868] (-) TimerEvent: {}
[81.169736] (-) TimerEvent: {}
[81.274384] (-) TimerEvent: {}
[81.381421] (-) TimerEvent: {}
[81.488324] (-) TimerEvent: {}
[81.589625] (-) TimerEvent: {}
[81.691876] (-) TimerEvent: {}
[81.795167] (-) TimerEvent: {}
[81.896360] (-) TimerEvent: {}
[81.997522] (-) TimerEvent: {}
[82.098699] (-) TimerEvent: {}
[82.200006] (-) TimerEvent: {}
[82.302489] (-) TimerEvent: {}
[82.405184] (-) TimerEvent: {}
[82.507226] (-) TimerEvent: {}
[82.611034] (-) TimerEvent: {}
[82.713641] (-) TimerEvent: {}
[82.817544] (-) TimerEvent: {}
[82.921475] (-) TimerEvent: {}
[83.022455] (-) TimerEvent: {}
[83.126723] (-) TimerEvent: {}
[83.231390] (-) TimerEvent: {}
[83.332427] (-) TimerEvent: {}
[83.435538] (-) TimerEvent: {}
[83.537147] (-) TimerEvent: {}
[83.638163] (-) TimerEvent: {}
[83.740045] (-) TimerEvent: {}
[83.842464] (-) TimerEvent: {}
[83.944370] (-) TimerEvent: {}
[84.045170] (-) TimerEvent: {}
[84.147018] (-) TimerEvent: {}
[84.247873] (-) TimerEvent: {}
[84.348825] (-) TimerEvent: {}
[84.450280] (-) TimerEvent: {}
[84.551660] (-) TimerEvent: {}
[84.652535] (-) TimerEvent: {}
[84.754137] (-) TimerEvent: {}
[84.855300] (-) TimerEvent: {}
[84.956199] (-) TimerEvent: {}
[85.057446] (-) TimerEvent: {}
[85.158709] (-) TimerEvent: {}
[85.259605] (-) TimerEvent: {}
[85.362146] (-) TimerEvent: {}
[85.463163] (-) TimerEvent: {}
[85.565713] (-) TimerEvent: {}
[85.667432] (-) TimerEvent: {}
[85.772154] (-) TimerEvent: {}
[85.873162] (-) TimerEvent: {}
[85.977667] (-) TimerEvent: {}
[86.080170] (-) TimerEvent: {}
[86.182450] (-) TimerEvent: {}
[86.287097] (-) TimerEvent: {}
[86.388255] (-) TimerEvent: {}
[86.489421] (-) TimerEvent: {}
[86.591672] (-) TimerEvent: {}
[86.692622] (-) TimerEvent: {}
[86.793668] (-) TimerEvent: {}
[86.894653] (-) TimerEvent: {}
[86.996854] (-) TimerEvent: {}
[87.097836] (-) TimerEvent: {}
[87.198801] (-) TimerEvent: {}
[87.299788] (-) TimerEvent: {}
[87.401172] (-) TimerEvent: {}
[87.506666] (-) TimerEvent: {}
[87.608045] (-) TimerEvent: {}
[87.708839] (-) TimerEvent: {}
[87.810819] (-) TimerEvent: {}
[87.913207] (-) TimerEvent: {}
[88.016172] (-) TimerEvent: {}
[88.124127] (-) TimerEvent: {}
[88.225153] (-) TimerEvent: {}
[88.329590] (-) TimerEvent: {}
[88.433589] (-) TimerEvent: {}
[88.537223] (-) TimerEvent: {}
[88.638491] (-) TimerEvent: {}
[88.741081] (-) TimerEvent: {}
[88.842441] (-) TimerEvent: {}
[88.943737] (-) TimerEvent: {}
[89.046881] (-) TimerEvent: {}
[89.150302] (-) TimerEvent: {}
[89.253153] (-) TimerEvent: {}
[89.357221] (-) TimerEvent: {}
[89.461622] (-) TimerEvent: {}
[89.562626] (-) TimerEvent: {}
[89.663672] (-) TimerEvent: {}
[89.764615] (-) TimerEvent: {}
[89.865708] (-) TimerEvent: {}
[89.966702] (-) TimerEvent: {}
[90.067877] (-) TimerEvent: {}
[90.169330] (-) TimerEvent: {}
[90.270352] (-) TimerEvent: {}
[90.371353] (-) TimerEvent: {}
[90.473728] (-) TimerEvent: {}
[90.580135] (-) TimerEvent: {}
[90.682491] (-) TimerEvent: {}
[90.784277] (-) TimerEvent: {}
[90.885865] (-) TimerEvent: {}
[90.990174] (-) TimerEvent: {}
[91.092030] (-) TimerEvent: {}
[91.195549] (-) TimerEvent: {}
[91.304238] (-) TimerEvent: {}
[91.408582] (-) TimerEvent: {}
[91.512507] (-) TimerEvent: {}
[91.613747] (-) TimerEvent: {}
[91.717507] (-) TimerEvent: {}
[91.818894] (-) TimerEvent: {}
[91.919942] (-) TimerEvent: {}
[92.021081] (-) TimerEvent: {}
[92.122617] (-) TimerEvent: {}
[92.223638] (-) TimerEvent: {}
[92.324825] (-) TimerEvent: {}
[92.427118] (-) TimerEvent: {}
[92.528244] (-) TimerEvent: {}
[92.632601] (-) TimerEvent: {}
[92.734619] (-) TimerEvent: {}
[92.838427] (-) TimerEvent: {}
[92.941122] (-) TimerEvent: {}
[93.044135] (-) TimerEvent: {}
[93.146242] (-) TimerEvent: {}
[93.252890] (-) TimerEvent: {}
[93.366001] (-) TimerEvent: {}
[93.469129] (-) TimerEvent: {}
[93.572284] (-) TimerEvent: {}
[93.676569] (-) TimerEvent: {}
[93.777748] (-) TimerEvent: {}
[93.878892] (-) TimerEvent: {}
[93.980246] (-) TimerEvent: {}
[94.084143] (-) TimerEvent: {}
[94.188294] (-) TimerEvent: {}
[94.291134] (-) TimerEvent: {}
[94.392309] (-) TimerEvent: {}
[94.493342] (-) TimerEvent: {}
[94.594372] (-) TimerEvent: {}
[94.696381] (-) TimerEvent: {}
[94.798460] (-) TimerEvent: {}
[94.902461] (-) TimerEvent: {}
[95.006009] (-) TimerEvent: {}
[95.107111] (-) TimerEvent: {}
[95.208570] (-) TimerEvent: {}
[95.309613] (-) TimerEvent: {}
[95.410652] (-) TimerEvent: {}
[95.511680] (-) TimerEvent: {}
[95.617133] (-) TimerEvent: {}
[95.720752] (-) TimerEvent: {}
[95.827902] (-) TimerEvent: {}
[95.932169] (-) TimerEvent: {}
[96.034118] (-) TimerEvent: {}
[96.135117] (-) TimerEvent: {}
[96.236770] (-) TimerEvent: {}
[96.339686] (-) TimerEvent: {}
[96.442132] (-) TimerEvent: {}
[96.544429] (-) TimerEvent: {}
[96.645659] (-) TimerEvent: {}
[96.746659] (-) TimerEvent: {}
[96.848271] (-) TimerEvent: {}
[96.950555] (-) TimerEvent: {}
[97.051751] (-) TimerEvent: {}
[97.153136] (-) TimerEvent: {}
[97.254143] (-) TimerEvent: {}
[97.355818] (-) TimerEvent: {}
[97.457941] (-) TimerEvent: {}
[97.564234] (-) TimerEvent: {}
[97.666313] (-) TimerEvent: {}
[97.768814] (-) TimerEvent: {}
[97.870753] (-) TimerEvent: {}
[97.973837] (-) TimerEvent: {}
[98.074844] (-) TimerEvent: {}
[98.179478] (-) TimerEvent: {}
[98.289052] (-) TimerEvent: {}
[98.394341] (-) TimerEvent: {}
[98.500517] (-) TimerEvent: {}
[98.601759] (-) TimerEvent: {}
[98.706184] (-) TimerEvent: {}
[98.813156] (-) TimerEvent: {}
[98.914397] (-) TimerEvent: {}
[99.015517] (-) TimerEvent: {}
[99.116606] (-) TimerEvent: {}
[99.217563] (-) TimerEvent: {}
[99.318453] (-) TimerEvent: {}
[99.419480] (-) TimerEvent: {}
[99.520532] (-) TimerEvent: {}
[99.621565] (-) TimerEvent: {}
[99.722764] (-) TimerEvent: {}
[99.824195] (-) TimerEvent: {}
[99.930779] (-) TimerEvent: {}
[100.032240] (-) TimerEvent: {}
[100.134257] (-) TimerEvent: {}
[100.239431] (-) TimerEvent: {}
[100.340402] (-) TimerEvent: {}
[100.442416] (-) TimerEvent: {}
[100.546126] (-) TimerEvent: {}
[100.647027] (-) TimerEvent: {}
[100.748085] (-) TimerEvent: {}
[100.850169] (-) TimerEvent: {}
[100.952333] (-) TimerEvent: {}
[101.055143] (-) TimerEvent: {}
[101.156066] (-) TimerEvent: {}
[101.257420] (-) TimerEvent: {}
[101.360149] (-) TimerEvent: {}
[101.464241] (-) TimerEvent: {}
[101.566125] (-) TimerEvent: {}
[101.668578] (-) TimerEvent: {}
[101.769677] (-) TimerEvent: {}
[101.871873] (-) TimerEvent: {}
[101.972727] (-) TimerEvent: {}
[102.074423] (-) TimerEvent: {}
[102.176730] (-) TimerEvent: {}
[102.277582] (-) TimerEvent: {}
[102.378439] (-) TimerEvent: {}
[102.479465] (-) TimerEvent: {}
[102.580355] (-) TimerEvent: {}
[102.682563] (-) TimerEvent: {}
[102.784035] (-) TimerEvent: {}
[102.884839] (-) TimerEvent: {}
[102.986454] (-) TimerEvent: {}
[103.087633] (-) TimerEvent: {}
[103.189262] (-) TimerEvent: {}
[103.290691] (-) TimerEvent: {}
[103.393721] (-) TimerEvent: {}
[103.497457] (-) TimerEvent: {}
[103.599811] (-) TimerEvent: {}
[103.701644] (-) TimerEvent: {}
[103.802564] (-) TimerEvent: {}
[103.906716] (-) TimerEvent: {}
[104.009479] (-) TimerEvent: {}
[104.111165] (-) TimerEvent: {}
[104.212414] (-) TimerEvent: {}
[104.314775] (-) TimerEvent: {}
[104.417826] (-) TimerEvent: {}
[104.519214] (-) TimerEvent: {}
[104.620307] (-) TimerEvent: {}
[104.723574] (-) TimerEvent: {}
[104.825437] (-) TimerEvent: {}
[104.926899] (-) TimerEvent: {}
[105.029491] (-) TimerEvent: {}
[105.132068] (-) TimerEvent: {}
[105.234349] (-) TimerEvent: {}
[105.335855] (-) TimerEvent: {}
[105.438396] (-) TimerEvent: {}
[105.542234] (-) TimerEvent: {}
[105.643558] (-) TimerEvent: {}
[105.746381] (-) TimerEvent: {}
[105.847775] (-) TimerEvent: {}
[105.949231] (-) TimerEvent: {}
[106.051930] (-) TimerEvent: {}
[106.160898] (-) TimerEvent: {}
[106.263788] (-) TimerEvent: {}
[106.368088] (-) TimerEvent: {}
[106.470386] (-) TimerEvent: {}
[106.575165] (-) TimerEvent: {}
[106.679391] (-) TimerEvent: {}
[106.783213] (-) TimerEvent: {}
[106.886533] (-) TimerEvent: {}
[106.988076] (-) TimerEvent: {}
[107.089429] (-) TimerEvent: {}
[107.190874] (-) TimerEvent: {}
[107.292497] (-) TimerEvent: {}
[107.395114] (-) TimerEvent: {}
[107.497123] (-) TimerEvent: {}
[107.600433] (-) TimerEvent: {}
[107.701472] (-) TimerEvent: {}
[107.803523] (-) TimerEvent: {}
[107.904690] (-) TimerEvent: {}
[108.009386] (-) TimerEvent: {}
[108.110498] (-) TimerEvent: {}
[108.212641] (-) TimerEvent: {}
[108.313732] (-) TimerEvent: {}
[108.414815] (-) TimerEvent: {}
[108.516160] (-) TimerEvent: {}
[108.617232] (-) TimerEvent: {}
[108.719490] (-) TimerEvent: {}
[108.822469] (-) TimerEvent: {}
[108.924602] (-) TimerEvent: {}
[109.027761] (-) TimerEvent: {}
[109.131529] (-) TimerEvent: {}
[109.239046] (-) TimerEvent: {}
[109.339848] (-) TimerEvent: {}
[109.440819] (-) TimerEvent: {}
[109.541701] (-) TimerEvent: {}
[109.642558] (-) TimerEvent: {}
[109.743495] (-) TimerEvent: {}
[109.844243] (-) TimerEvent: {}
[109.945081] (-) TimerEvent: {}
[110.046021] (-) TimerEvent: {}
[110.146920] (-) TimerEvent: {}
[110.248134] (-) TimerEvent: {}
[110.348889] (-) TimerEvent: {}
[110.450890] (-) TimerEvent: {}
[110.552822] (-) TimerEvent: {}
[110.654719] (-) TimerEvent: {}
[110.755666] (-) TimerEvent: {}
[110.856799] (-) TimerEvent: {}
[110.957716] (-) TimerEvent: {}
[111.062934] (-) TimerEvent: {}
[111.163831] (-) TimerEvent: {}
[111.268807] (-) TimerEvent: {}
[111.372506] (-) TimerEvent: {}
[111.473465] (-) TimerEvent: {}
[111.577113] (-) TimerEvent: {}
[111.681160] (-) TimerEvent: {}
[111.788340] (-) TimerEvent: {}
[111.889229] (-) TimerEvent: {}
[111.990135] (-) TimerEvent: {}
[112.091714] (-) TimerEvent: {}
[112.192683] (-) TimerEvent: {}
[112.293517] (-) TimerEvent: {}
[112.395149] (-) TimerEvent: {}
[112.499258] (-) TimerEvent: {}
[112.601490] (-) TimerEvent: {}
[112.702248] (-) TimerEvent: {}
[112.803166] (-) TimerEvent: {}
[112.904930] (-) TimerEvent: {}
[113.009850] (-) TimerEvent: {}
[113.111481] (-) TimerEvent: {}
[113.212753] (-) TimerEvent: {}
[113.315061] (-) TimerEvent: {}
[113.418901] (-) TimerEvent: {}
[113.519791] (-) TimerEvent: {}
[113.621716] (-) TimerEvent: {}
[113.723258] (-) TimerEvent: {}
[113.824444] (-) TimerEvent: {}
[113.926490] (-) TimerEvent: {}
[114.029452] (-) TimerEvent: {}
[114.132285] (-) TimerEvent: {}
[114.236220] (-) TimerEvent: {}
[114.340216] (-) TimerEvent: {}
[114.441465] (-) TimerEvent: {}
[114.544395] (-) TimerEvent: {}
[114.648027] (-) TimerEvent: {}
[114.749052] (-) TimerEvent: {}
[114.850148] (-) TimerEvent: {}
[114.952158] (-) TimerEvent: {}
[115.057861] (-) TimerEvent: {}
[115.166078] (-) TimerEvent: {}
[115.269247] (-) TimerEvent: {}
[115.372312] (-) TimerEvent: {}
[115.473189] (-) TimerEvent: {}
[115.576590] (-) TimerEvent: {}
[115.678568] (-) TimerEvent: {}
[115.779640] (-) TimerEvent: {}
[115.883391] (-) TimerEvent: {}
[115.985277] (-) TimerEvent: {}
[116.088115] (-) TimerEvent: {}
[116.190521] (-) TimerEvent: {}
[116.296491] (-) TimerEvent: {}
[116.399909] (-) TimerEvent: {}
[116.504234] (-) TimerEvent: {}
[116.605590] (-) TimerEvent: {}
[116.709090] (-) TimerEvent: {}
[116.812211] (-) TimerEvent: {}
[116.916729] (-) TimerEvent: {}
[117.021502] (-) TimerEvent: {}
[117.126628] (-) TimerEvent: {}
[117.233688] (-) TimerEvent: {}
[117.336141] (-) TimerEvent: {}
[117.437211] (-) TimerEvent: {}
[117.539154] (-) TimerEvent: {}
[117.640512] (-) TimerEvent: {}
[117.741380] (-) TimerEvent: {}
[117.843113] (-) TimerEvent: {}
[117.945801] (-) TimerEvent: {}
[118.047804] (-) TimerEvent: {}
[118.149316] (-) TimerEvent: {}
[118.250345] (-) TimerEvent: {}
[118.351131] (-) TimerEvent: {}
[118.452055] (-) TimerEvent: {}
[118.552991] (-) TimerEvent: {}
[118.653707] (-) TimerEvent: {}
[118.754525] (-) TimerEvent: {}
[118.855284] (-) TimerEvent: {}
[118.957773] (-) TimerEvent: {}
[119.060397] (-) TimerEvent: {}
[119.161328] (-) TimerEvent: {}
[119.265159] (-) TimerEvent: {}
[119.366531] (-) TimerEvent: {}
[119.470674] (-) TimerEvent: {}
[119.572508] (-) TimerEvent: {}
[119.676308] (-) TimerEvent: {}
[119.779606] (-) TimerEvent: {}
[119.881788] (-) TimerEvent: {}
[119.983834] (-) TimerEvent: {}
[120.085862] (-) TimerEvent: {}
[120.186679] (-) TimerEvent: {}
[120.288529] (-) TimerEvent: {}
[120.391070] (-) TimerEvent: {}
[120.492019] (-) TimerEvent: {}
[120.595749] (-) TimerEvent: {}
[120.696761] (-) TimerEvent: {}
[120.798437] (-) TimerEvent: {}
[120.899588] (-) TimerEvent: {}
[121.001178] (-) TimerEvent: {}
[121.103926] (-) TimerEvent: {}
[121.208133] (-) TimerEvent: {}
[121.309042] (-) TimerEvent: {}
[121.410166] (-) TimerEvent: {}
[121.513723] (-) TimerEvent: {}
[121.614694] (-) TimerEvent: {}
[121.715619] (-) TimerEvent: {}
[121.818017] (-) TimerEvent: {}
[121.921081] (-) TimerEvent: {}
[122.024430] (-) TimerEvent: {}
[122.142909] (-) TimerEvent: {}
[122.245333] (-) TimerEvent: {}
[122.353133] (-) TimerEvent: {}
[122.461156] (-) TimerEvent: {}
[122.562204] (-) TimerEvent: {}
[122.668167] (-) TimerEvent: {}
[122.769102] (-) TimerEvent: {}
[122.871046] (-) TimerEvent: {}
[122.973291] (-) TimerEvent: {}
[123.074608] (-) TimerEvent: {}
[123.176799] (-) TimerEvent: {}
[123.277672] (-) TimerEvent: {}
[123.378519] (-) TimerEvent: {}
[123.479528] (-) TimerEvent: {}
[123.580405] (-) TimerEvent: {}
[123.681200] (-) TimerEvent: {}
[123.782764] (-) TimerEvent: {}
[123.883918] (-) TimerEvent: {}
[123.984682] (-) TimerEvent: {}
[124.085480] (-) TimerEvent: {}
[124.186216] (-) TimerEvent: {}
[124.287020] (-) TimerEvent: {}
[124.387875] (-) TimerEvent: {}
[124.488780] (-) TimerEvent: {}
[124.590216] (-) TimerEvent: {}
[124.695161] (-) TimerEvent: {}
[124.799129] (-) TimerEvent: {}
[124.899944] (-) TimerEvent: {}
[125.001410] (-) TimerEvent: {}
[125.102322] (-) TimerEvent: {}
[125.204774] (-) TimerEvent: {}
[125.306085] (-) TimerEvent: {}
[125.409190] (-) TimerEvent: {}
[125.515001] (-) TimerEvent: {}
[125.618714] (-) TimerEvent: {}
[125.719819] (-) TimerEvent: {}
[125.820833] (-) TimerEvent: {}
[125.921882] (-) TimerEvent: {}
[126.022746] (-) TimerEvent: {}
[126.124790] (-) TimerEvent: {}
[126.226999] (-) TimerEvent: {}
[126.328047] (-) TimerEvent: {}
[126.429059] (-) TimerEvent: {}
[126.529941] (-) TimerEvent: {}
[126.630909] (-) TimerEvent: {}
[126.731796] (-) TimerEvent: {}
[126.832709] (-) TimerEvent: {}
[126.938138] (-) TimerEvent: {}
[127.040557] (-) TimerEvent: {}
[127.141647] (-) TimerEvent: {}
[127.247372] (-) TimerEvent: {}
[127.349629] (-) TimerEvent: {}
[127.451824] (-) TimerEvent: {}
[127.553071] (-) TimerEvent: {}
[127.656178] (-) TimerEvent: {}
[127.758857] (-) TimerEvent: {}
[127.860643] (-) TimerEvent: {}
[127.961931] (-) TimerEvent: {}
[128.062741] (-) TimerEvent: {}
[128.163580] (-) TimerEvent: {}
[128.264454] (-) TimerEvent: {}
[128.365433] (-) TimerEvent: {}
[128.467497] (-) TimerEvent: {}
[128.572179] (-) TimerEvent: {}
[128.673151] (-) TimerEvent: {}
[128.775465] (-) TimerEvent: {}
[128.880867] (-) TimerEvent: {}
[128.981763] (-) TimerEvent: {}
[129.083179] (-) TimerEvent: {}
[129.185709] (-) TimerEvent: {}
[129.288135] (-) TimerEvent: {}
[129.389131] (-) TimerEvent: {}
[129.490004] (-) TimerEvent: {}
[129.591007] (-) TimerEvent: {}
[129.693432] (-) TimerEvent: {}
[129.794424] (-) TimerEvent: {}
[129.897663] (-) TimerEvent: {}
[129.999013] (-) TimerEvent: {}
[130.101490] (-) TimerEvent: {}
[130.203619] (-) TimerEvent: {}
[130.305808] (-) TimerEvent: {}
[130.406670] (-) TimerEvent: {}
[130.509117] (-) TimerEvent: {}
[130.610808] (-) TimerEvent: {}
[130.711597] (-) TimerEvent: {}
[130.812490] (-) TimerEvent: {}
[130.913487] (-) TimerEvent: {}
[131.014610] (-) TimerEvent: {}
[131.118152] (-) TimerEvent: {}
[131.219319] (-) TimerEvent: {}
[131.320337] (-) TimerEvent: {}
[131.422657] (-) TimerEvent: {}
[131.523599] (-) TimerEvent: {}
[131.624794] (-) TimerEvent: {}
[131.726397] (-) TimerEvent: {}
[131.827937] (-) TimerEvent: {}
[131.932100] (-) TimerEvent: {}
[132.034688] (-) TimerEvent: {}
[132.136818] (-) TimerEvent: {}
[132.240135] (-) TimerEvent: {}
[132.344648] (-) TimerEvent: {}
[132.445889] (-) TimerEvent: {}
[132.550524] (-) TimerEvent: {}
[132.651374] (-) TimerEvent: {}
[132.752172] (-) TimerEvent: {}
[132.854010] (-) TimerEvent: {}
[132.955399] (-) TimerEvent: {}
[133.056223] (-) TimerEvent: {}
[133.157236] (-) TimerEvent: {}
[133.258085] (-) TimerEvent: {}
[133.358909] (-) TimerEvent: {}
[133.459854] (-) TimerEvent: {}
[133.561396] (-) TimerEvent: {}
[133.662273] (-) TimerEvent: {}
[133.763123] (-) TimerEvent: {}
[133.863929] (-) TimerEvent: {}
[133.964912] (-) TimerEvent: {}
[134.066552] (-) TimerEvent: {}
[134.167863] (-) TimerEvent: {}
[134.268834] (-) TimerEvent: {}
[134.371628] (-) TimerEvent: {}
[134.474111] (-) TimerEvent: {}
[134.574909] (-) TimerEvent: {}
[134.677993] (-) TimerEvent: {}
[134.781006] (-) TimerEvent: {}
[134.882877] (-) TimerEvent: {}
[134.987405] (-) TimerEvent: {}
[135.089160] (-) TimerEvent: {}
[135.191159] (-) TimerEvent: {}
[135.294171] (-) TimerEvent: {}
[135.399123] (-) TimerEvent: {}
[135.501123] (-) TimerEvent: {}
[135.605116] (-) TimerEvent: {}
[135.706131] (-) TimerEvent: {}
[135.815198] (-) TimerEvent: {}
[135.917094] (-) TimerEvent: {}
[136.019118] (-) TimerEvent: {}
[136.121314] (-) TimerEvent: {}
[136.222895] (-) TimerEvent: {}
[136.324409] (-) TimerEvent: {}
[136.425351] (-) TimerEvent: {}
[136.526401] (-) TimerEvent: {}
[136.627350] (-) TimerEvent: {}
[136.728098] (-) TimerEvent: {}
[136.828916] (-) TimerEvent: {}
[136.930132] (-) TimerEvent: {}
[137.033134] (-) TimerEvent: {}
[137.134702] (-) TimerEvent: {}
[137.237687] (-) TimerEvent: {}
[137.341140] (-) TimerEvent: {}
[137.442266] (-) TimerEvent: {}
[137.545226] (-) TimerEvent: {}
[137.651155] (-) TimerEvent: {}
[137.751915] (-) TimerEvent: {}
[137.852860] (-) TimerEvent: {}
[137.954036] (-) TimerEvent: {}
[138.054848] (-) TimerEvent: {}
[138.156303] (-) TimerEvent: {}
[138.257311] (-) TimerEvent: {}
[138.358742] (-) TimerEvent: {}
[138.462150] (-) TimerEvent: {}
[138.563103] (-) TimerEvent: {}
[138.665159] (-) TimerEvent: {}
[138.766646] (-) TimerEvent: {}
[138.868192] (-) TimerEvent: {}
[138.970095] (-) TimerEvent: {}
[139.071077] (-) TimerEvent: {}
[139.171812] (-) TimerEvent: {}
[139.272800] (-) TimerEvent: {}
[139.373561] (-) TimerEvent: {}
[139.474824] (-) TimerEvent: {}
[139.575718] (-) TimerEvent: {}
[139.677002] (-) TimerEvent: {}
[139.779277] (-) TimerEvent: {}
[139.881861] (-) TimerEvent: {}
[139.985517] (-) TimerEvent: {}
[140.090342] (-) TimerEvent: {}
[140.191343] (-) TimerEvent: {}
[140.292170] (-) TimerEvent: {}
[140.393020] (-) TimerEvent: {}
[140.496244] (-) TimerEvent: {}
[140.597313] (-) TimerEvent: {}
[140.698303] (-) TimerEvent: {}
[140.800272] (-) TimerEvent: {}
[140.901869] (-) TimerEvent: {}
[141.002871] (-) TimerEvent: {}
[141.103887] (-) TimerEvent: {}
[141.208446] (-) TimerEvent: {}
[141.309401] (-) TimerEvent: {}
[141.410152] (-) TimerEvent: {}
[141.511675] (-) TimerEvent: {}
[141.612535] (-) TimerEvent: {}
[141.714120] (-) TimerEvent: {}
[141.820010] (-) TimerEvent: {}
[141.920882] (-) TimerEvent: {}
[142.024647] (-) TimerEvent: {}
[142.126938] (-) TimerEvent: {}
[142.230385] (-) TimerEvent: {}
[142.331549] (-) TimerEvent: {}
[142.434620] (-) TimerEvent: {}
[142.536739] (-) TimerEvent: {}
[142.640140] (-) TimerEvent: {}
[142.741066] (-) TimerEvent: {}
[142.842021] (-) TimerEvent: {}
[142.944421] (-) TimerEvent: {}
[143.045900] (-) TimerEvent: {}
[143.146849] (-) TimerEvent: {}
[143.247747] (-) TimerEvent: {}
[143.348684] (-) TimerEvent: {}
[143.449536] (-) TimerEvent: {}
[143.550454] (-) TimerEvent: {}
[143.651294] (-) TimerEvent: {}
[143.752665] (-) TimerEvent: {}
[143.854140] (-) TimerEvent: {}
[143.955023] (-) TimerEvent: {}
[144.056504] (-) TimerEvent: {}
[144.159422] (-) TimerEvent: {}
[144.260448] (-) TimerEvent: {}
[144.362916] (-) TimerEvent: {}
[144.464458] (-) TimerEvent: {}
[144.565787] (-) TimerEvent: {}
[144.669152] (-) TimerEvent: {}
[144.770171] (-) TimerEvent: {}
[144.872419] (-) TimerEvent: {}
[144.973549] (-) TimerEvent: {}
[145.076350] (-) TimerEvent: {}
[145.177273] (-) TimerEvent: {}
[145.279436] (-) TimerEvent: {}
[145.381607] (-) TimerEvent: {}
[145.482632] (-) TimerEvent: {}
[145.583933] (-) TimerEvent: {}
[145.684832] (-) TimerEvent: {}
[145.785697] (-) TimerEvent: {}
[145.886564] (-) TimerEvent: {}
[145.987565] (-) TimerEvent: {}
[146.092139] (-) TimerEvent: {}
[146.193560] (-) TimerEvent: {}
[146.301299] (-) TimerEvent: {}
[146.403594] (-) TimerEvent: {}
[146.506996] (-) TimerEvent: {}
[146.607842] (-) TimerEvent: {}
[146.709617] (-) TimerEvent: {}
[146.810588] (-) TimerEvent: {}
[146.912096] (-) TimerEvent: {}
[147.013501] (-) TimerEvent: {}
[147.114481] (-) TimerEvent: {}
[147.215853] (-) TimerEvent: {}
[147.318127] (-) TimerEvent: {}
[147.420103] (-) TimerEvent: {}
[147.524456] (-) TimerEvent: {}
[147.628268] (-) TimerEvent: {}
[147.732828] (-) TimerEvent: {}
[147.836025] (-) TimerEvent: {}
[147.937074] (-) TimerEvent: {}
[148.038044] (-) TimerEvent: {}
[148.140040] (-) TimerEvent: {}
[148.241813] (-) TimerEvent: {}
[148.342781] (-) TimerEvent: {}
[148.444628] (-) TimerEvent: {}
[148.546025] (-) TimerEvent: {}
[148.647477] (-) TimerEvent: {}
[148.749060] (-) TimerEvent: {}
[148.853173] (-) TimerEvent: {}
[148.954212] (-) TimerEvent: {}
[149.056215] (-) TimerEvent: {}
[149.160469] (-) TimerEvent: {}
[149.261453] (-) TimerEvent: {}
[149.362420] (-) TimerEvent: {}
[149.464851] (-) TimerEvent: {}
[149.565742] (-) TimerEvent: {}
[149.666498] (-) TimerEvent: {}
[149.767990] (-) TimerEvent: {}
[149.868761] (-) TimerEvent: {}
[149.973110] (-) TimerEvent: {}
[150.074041] (-) TimerEvent: {}
[150.175007] (-) TimerEvent: {}
[150.282354] (-) TimerEvent: {}
[150.385782] (-) TimerEvent: {}
[150.489016] (-) TimerEvent: {}
[150.590403] (-) TimerEvent: {}
[150.691140] (-) TimerEvent: {}
[150.791950] (-) TimerEvent: {}
[150.892883] (-) TimerEvent: {}
[150.993719] (-) TimerEvent: {}
[151.094745] (-) TimerEvent: {}
[151.196061] (-) TimerEvent: {}
[151.297152] (-) TimerEvent: {}
[151.398126] (-) TimerEvent: {}
[151.499298] (-) TimerEvent: {}
[151.600333] (-) TimerEvent: {}
[151.701248] (-) TimerEvent: {}
[151.803309] (-) TimerEvent: {}
[151.904176] (-) TimerEvent: {}
[152.006055] (-) TimerEvent: {}
[152.106858] (-) TimerEvent: {}
[152.207818] (-) TimerEvent: {}
[152.308812] (-) TimerEvent: {}
[152.410536] (-) TimerEvent: {}
[152.513834] (-) TimerEvent: {}
[152.623388] (-) TimerEvent: {}
[152.726223] (-) TimerEvent: {}
[152.827206] (-) TimerEvent: {}
[152.929615] (-) TimerEvent: {}
[153.031505] (-) TimerEvent: {}
[153.133644] (-) TimerEvent: {}
[153.234860] (-) TimerEvent: {}
[153.336177] (-) TimerEvent: {}
[153.437409] (-) TimerEvent: {}
[153.538425] (-) TimerEvent: {}
[153.639378] (-) TimerEvent: {}
[153.741371] (-) TimerEvent: {}
[153.842127] (-) TimerEvent: {}
[153.943522] (-) TimerEvent: {}
[154.044944] (-) TimerEvent: {}
[154.145771] (-) TimerEvent: {}
[154.246609] (-) TimerEvent: {}
[154.348790] (-) TimerEvent: {}
[154.449785] (-) TimerEvent: {}
[154.554368] (-) TimerEvent: {}
[154.655716] (-) TimerEvent: {}
[154.756611] (-) TimerEvent: {}
[154.859192] (-) TimerEvent: {}
[154.960142] (-) TimerEvent: {}
[155.061824] (-) TimerEvent: {}
[155.165147] (-) TimerEvent: {}
[155.266788] (-) TimerEvent: {}
[155.372135] (-) TimerEvent: {}
[155.474146] (-) TimerEvent: {}
[155.577877] (-) TimerEvent: {}
[155.681541] (-) TimerEvent: {}
[155.785347] (-) TimerEvent: {}
[155.886197] (-) TimerEvent: {}
[155.990485] (-) TimerEvent: {}
[156.091332] (-) TimerEvent: {}
[156.194794] (-) TimerEvent: {}
[156.297126] (-) TimerEvent: {}
[156.400635] (-) TimerEvent: {}
[156.501419] (-) TimerEvent: {}
[156.602116] (-) TimerEvent: {}
[156.702895] (-) TimerEvent: {}
[156.803819] (-) TimerEvent: {}
[156.904720] (-) TimerEvent: {}
[157.005537] (-) TimerEvent: {}
[157.106439] (-) TimerEvent: {}
[157.207316] (-) TimerEvent: {}
[157.308078] (-) TimerEvent: {}
[157.408986] (-) TimerEvent: {}
[157.514563] (-) TimerEvent: {}
[157.616724] (-) TimerEvent: {}
[157.719066] (-) TimerEvent: {}
[157.824083] (-) TimerEvent: {}
[157.925772] (-) TimerEvent: {}
[158.027678] (-) TimerEvent: {}
[158.128710] (-) TimerEvent: {}
[158.229863] (-) TimerEvent: {}
[158.330669] (-) TimerEvent: {}
[158.433129] (-) TimerEvent: {}
[158.534009] (-) TimerEvent: {}
[158.634779] (-) TimerEvent: {}
[158.736105] (-) TimerEvent: {}
[158.838310] (-) TimerEvent: {}
[158.939125] (-) TimerEvent: {}
[159.039904] (-) TimerEvent: {}
[159.140723] (-) TimerEvent: {}
[159.241535] (-) TimerEvent: {}
[159.342356] (-) TimerEvent: {}
[159.443245] (-) TimerEvent: {}
[159.546392] (-) TimerEvent: {}
[159.647862] (-) TimerEvent: {}
[159.748758] (-) TimerEvent: {}
[159.849752] (-) TimerEvent: {}
[159.952219] (-) TimerEvent: {}
[160.053641] (-) TimerEvent: {}
[160.155435] (-) TimerEvent: {}
[160.258263] (-) TimerEvent: {}
[160.361133] (-) TimerEvent: {}
[160.467117] (-) TimerEvent: {}
[160.568372] (-) TimerEvent: {}
[160.670405] (-) TimerEvent: {}
[160.771263] (-) TimerEvent: {}
[160.872422] (-) TimerEvent: {}
[160.974619] (-) TimerEvent: {}
[161.082097] (-) TimerEvent: {}
[161.182931] (-) TimerEvent: {}
[161.288542] (-) TimerEvent: {}
[161.390378] (-) TimerEvent: {}
[161.491413] (-) TimerEvent: {}
[161.592397] (-) TimerEvent: {}
[161.693893] (-) TimerEvent: {}
[161.794765] (-) TimerEvent: {}
[161.897701] (-) TimerEvent: {}
[161.999403] (-) TimerEvent: {}
[162.100507] (-) TimerEvent: {}
[162.201736] (-) TimerEvent: {}
[162.308547] (-) TimerEvent: {}
[162.410578] (-) TimerEvent: {}
[162.515538] (-) TimerEvent: {}
[162.619979] (-) TimerEvent: {}
[162.721831] (-) TimerEvent: {}
[162.824164] (-) TimerEvent: {}
[162.927818] (-) TimerEvent: {}
[163.029750] (-) TimerEvent: {}
[163.132116] (-) TimerEvent: {}
[163.234131] (-) TimerEvent: {}
[163.336189] (-) TimerEvent: {}
[163.438261] (-) TimerEvent: {}
[163.541103] (-) TimerEvent: {}
[163.643263] (-) TimerEvent: {}
[163.746602] (-) TimerEvent: {}
[163.848301] (-) TimerEvent: {}
[163.949484] (-) TimerEvent: {}
[164.050526] (-) TimerEvent: {}
[164.152695] (-) TimerEvent: {}
[164.253871] (-) TimerEvent: {}
[164.355208] (-) TimerEvent: {}
[164.462346] (-) TimerEvent: {}
[164.565095] (-) TimerEvent: {}
[164.669136] (-) TimerEvent: {}
[164.770764] (-) TimerEvent: {}
[164.871646] (-) TimerEvent: {}
[164.973936] (-) TimerEvent: {}
[165.074849] (-) TimerEvent: {}
[165.175710] (-) TimerEvent: {}
[165.276748] (-) TimerEvent: {}
[165.297116] (simple_robot) StdoutLine: {'line': b'[ 16%] \x1b[32m\x1b[1mLinking CXX executable robot_map_node\x1b[0m\n'}
[165.378111] (-) TimerEvent: {}
[165.478925] (-) TimerEvent: {}
[165.582181] (-) TimerEvent: {}
[165.683475] (-) TimerEvent: {}
[165.785427] (-) TimerEvent: {}
[165.887185] (-) TimerEvent: {}
[165.989129] (-) TimerEvent: {}
[166.090069] (-) TimerEvent: {}
[166.195432] (-) TimerEvent: {}
[166.296440] (-) TimerEvent: {}
[166.400243] (-) TimerEvent: {}
[166.503219] (-) TimerEvent: {}
[166.608266] (-) TimerEvent: {}
[166.711655] (-) TimerEvent: {}
[166.820746] (-) TimerEvent: {}
[166.922111] (-) TimerEvent: {}
[167.026210] (-) TimerEvent: {}
[167.128153] (-) TimerEvent: {}
[167.232402] (-) TimerEvent: {}
[167.335212] (-) TimerEvent: {}
[167.439118] (-) TimerEvent: {}
[167.546338] (-) TimerEvent: {}
[167.653202] (-) TimerEvent: {}
[167.754951] (-) TimerEvent: {}
[167.858804] (-) TimerEvent: {}
[167.963141] (-) TimerEvent: {}
[168.070191] (-) TimerEvent: {}
[168.171379] (-) TimerEvent: {}
[168.276093] (-) TimerEvent: {}
[168.381181] (-) TimerEvent: {}
[168.489943] (-) TimerEvent: {}
[168.601123] (-) TimerEvent: {}
[168.702209] (-) TimerEvent: {}
[168.813138] (-) TimerEvent: {}
[168.914139] (-) TimerEvent: {}
[169.015982] (-) TimerEvent: {}
[169.119473] (-) TimerEvent: {}
[169.225185] (-) TimerEvent: {}
[169.327145] (-) TimerEvent: {}
[169.429911] (-) TimerEvent: {}
[169.536948] (-) TimerEvent: {}
[169.640145] (-) TimerEvent: {}
[169.740992] (-) TimerEvent: {}
[169.841945] (-) TimerEvent: {}
[169.943059] (-) TimerEvent: {}
[170.045881] (-) TimerEvent: {}
[170.149488] (-) TimerEvent: {}
[170.251824] (-) TimerEvent: {}
[170.353940] (-) TimerEvent: {}
[170.459121] (-) TimerEvent: {}
[170.560243] (-) TimerEvent: {}
[170.661623] (-) TimerEvent: {}
[170.762493] (-) TimerEvent: {}
[170.863875] (-) TimerEvent: {}
[170.969735] (-) TimerEvent: {}
[171.071215] (-) TimerEvent: {}
[171.174126] (-) TimerEvent: {}
[171.275129] (-) TimerEvent: {}
[171.380132] (-) TimerEvent: {}
[171.481268] (-) TimerEvent: {}
[171.582449] (-) TimerEvent: {}
[171.684559] (-) TimerEvent: {}
[171.786456] (-) TimerEvent: {}
[171.888842] (-) TimerEvent: {}
[171.989841] (-) TimerEvent: {}
[172.090666] (-) TimerEvent: {}
[172.191518] (-) TimerEvent: {}
[172.292331] (-) TimerEvent: {}
[172.394590] (-) TimerEvent: {}
[172.496479] (-) TimerEvent: {}
[172.600121] (-) TimerEvent: {}
[172.702431] (-) TimerEvent: {}
[172.804932] (-) TimerEvent: {}
[172.906085] (-) TimerEvent: {}
[173.007547] (-) TimerEvent: {}
[173.108555] (-) TimerEvent: {}
[173.209901] (-) TimerEvent: {}
[173.310867] (-) TimerEvent: {}
[173.412262] (-) TimerEvent: {}
[173.513113] (-) TimerEvent: {}
[173.614611] (-) TimerEvent: {}
[173.718050] (-) TimerEvent: {}
[173.819066] (-) TimerEvent: {}
[173.921124] (-) TimerEvent: {}
[174.023241] (-) TimerEvent: {}
[174.124039] (-) TimerEvent: {}
[174.225424] (-) TimerEvent: {}
[174.328382] (-) TimerEvent: {}
[174.429710] (-) TimerEvent: {}
[174.530707] (-) TimerEvent: {}
[174.631543] (-) TimerEvent: {}
[174.732602] (-) TimerEvent: {}
[174.836944] (-) TimerEvent: {}
[174.938118] (-) TimerEvent: {}
[175.039002] (-) TimerEvent: {}
[175.139829] (-) TimerEvent: {}
[175.242109] (-) TimerEvent: {}
[175.343027] (-) TimerEvent: {}
[175.445087] (-) TimerEvent: {}
[175.549014] (-) TimerEvent: {}
[175.649951] (-) TimerEvent: {}
[175.750825] (-) TimerEvent: {}
[175.853135] (-) TimerEvent: {}
[175.954050] (-) TimerEvent: {}
[176.057109] (-) TimerEvent: {}
[176.150437] (simple_robot) StdoutLine: {'line': b'[ 50%] Built target robot_map_node\n'}
[176.157302] (-) TimerEvent: {}
[176.258158] (-) TimerEvent: {}
[176.367126] (-) TimerEvent: {}
[176.387114] (simple_robot) StdoutLine: {'line': b'\x1b[35m\x1b[1mConsolidate compiler generated dependencies of target grid_map\x1b[0m\n'}
[176.469138] (-) TimerEvent: {}
[176.576038] (-) TimerEvent: {}
[176.677487] (-) TimerEvent: {}
[176.779598] (-) TimerEvent: {}
[176.884135] (-) TimerEvent: {}
[176.985079] (-) TimerEvent: {}
[176.986267] (simple_robot) StdoutLine: {'line': b'[ 58%] \x1b[32mBuilding CXX object src/CMakeFiles/grid_map.dir/main.cpp.o\x1b[0m\n'}
[177.085253] (-) TimerEvent: {}
[177.189102] (-) TimerEvent: {}
[177.289998] (-) TimerEvent: {}
[177.391126] (-) TimerEvent: {}
[177.493650] (-) TimerEvent: {}
[177.596774] (-) TimerEvent: {}
[177.698023] (-) TimerEvent: {}
[177.801498] (-) TimerEvent: {}
[177.908466] (-) TimerEvent: {}
[178.012459] (-) TimerEvent: {}
[178.113514] (-) TimerEvent: {}
[178.218134] (-) TimerEvent: {}
[178.320347] (-) TimerEvent: {}
[178.423107] (-) TimerEvent: {}
[178.523933] (-) TimerEvent: {}
[178.624737] (-) TimerEvent: {}
[178.727726] (-) TimerEvent: {}
[178.828698] (-) TimerEvent: {}
[178.930197] (-) TimerEvent: {}
[179.033601] (-) TimerEvent: {}
[179.144323] (-) TimerEvent: {}
[179.245311] (-) TimerEvent: {}
[179.349107] (-) TimerEvent: {}
[179.451287] (-) TimerEvent: {}
[179.554999] (-) TimerEvent: {}
[179.656218] (-) TimerEvent: {}
[179.768911] (-) TimerEvent: {}
[179.869764] (-) TimerEvent: {}
[179.975150] (-) TimerEvent: {}
[180.076098] (-) TimerEvent: {}
[180.179463] (-) TimerEvent: {}
[180.281505] (-) TimerEvent: {}
[180.385406] (-) TimerEvent: {}
[180.487392] (-) TimerEvent: {}
[180.589518] (-) TimerEvent: {}
[180.691127] (-) TimerEvent: {}
[180.800486] (-) TimerEvent: {}
[180.902340] (-) TimerEvent: {}
[181.009775] (-) TimerEvent: {}
[181.114410] (-) TimerEvent: {}
[181.216769] (-) TimerEvent: {}
[181.319518] (-) TimerEvent: {}
[181.422117] (-) TimerEvent: {}
[181.523523] (-) TimerEvent: {}
[181.624421] (-) TimerEvent: {}
[181.725443] (-) TimerEvent: {}
[181.828735] (-) TimerEvent: {}
[181.930054] (-) TimerEvent: {}
[182.033470] (-) TimerEvent: {}
[182.136436] (-) TimerEvent: {}
[182.246354] (-) TimerEvent: {}
[182.347342] (-) TimerEvent: {}
[182.448404] (-) TimerEvent: {}
[182.549210] (-) TimerEvent: {}
[182.650402] (-) TimerEvent: {}
[182.753211] (-) TimerEvent: {}
[182.856126] (-) TimerEvent: {}
[182.957691] (-) TimerEvent: {}
[183.060493] (-) TimerEvent: {}
[183.162470] (-) TimerEvent: {}
[183.264408] (-) TimerEvent: {}
[183.365406] (-) TimerEvent: {}
[183.466512] (-) TimerEvent: {}
[183.568132] (-) TimerEvent: {}
[183.670040] (-) TimerEvent: {}
[183.771444] (-) TimerEvent: {}
[183.872836] (-) TimerEvent: {}
[183.973708] (-) TimerEvent: {}
[184.075312] (-) TimerEvent: {}
[184.178983] (-) TimerEvent: {}
[184.282389] (-) TimerEvent: {}
[184.384458] (-) TimerEvent: {}
[184.485474] (-) TimerEvent: {}
[184.590213] (-) TimerEvent: {}
[184.691142] (-) TimerEvent: {}
[184.795357] (-) TimerEvent: {}
[184.896886] (-) TimerEvent: {}
[184.998529] (-) TimerEvent: {}
[185.099530] (-) TimerEvent: {}
[185.202136] (-) TimerEvent: {}
[185.303102] (-) TimerEvent: {}
[185.405486] (-) TimerEvent: {}
[185.507787] (-) TimerEvent: {}
[185.608717] (-) TimerEvent: {}
[185.709838] (-) TimerEvent: {}
[185.810793] (-) TimerEvent: {}
[185.913040] (-) TimerEvent: {}
[186.013995] (-) TimerEvent: {}
[186.116540] (-) TimerEvent: {}
[186.217392] (-) TimerEvent: {}
[186.318350] (-) TimerEvent: {}
[186.421534] (-) TimerEvent: {}
[186.522683] (-) TimerEvent: {}
[186.623531] (-) TimerEvent: {}
[186.726101] (-) TimerEvent: {}
[186.828777] (-) TimerEvent: {}
[186.934555] (-) TimerEvent: {}
[187.039358] (-) TimerEvent: {}
[187.144387] (-) TimerEvent: {}
[187.245383] (-) TimerEvent: {}
[187.349648] (-) TimerEvent: {}
[187.452566] (-) TimerEvent: {}
[187.553688] (-) TimerEvent: {}
[187.655818] (-) TimerEvent: {}
[187.757738] (-) TimerEvent: {}
[187.858637] (-) TimerEvent: {}
[187.960439] (-) TimerEvent: {}
[188.061917] (-) TimerEvent: {}
[188.163691] (-) TimerEvent: {}
[188.264910] (-) TimerEvent: {}
[188.365647] (-) TimerEvent: {}
[188.467129] (-) TimerEvent: {}
[188.568144] (-) TimerEvent: {}
[188.671109] (-) TimerEvent: {}
[188.772909] (-) TimerEvent: {}
[188.874564] (-) TimerEvent: {}
[188.975730] (-) TimerEvent: {}
[189.077678] (-) TimerEvent: {}
[189.179052] (-) TimerEvent: {}
[189.281232] (-) TimerEvent: {}
[189.382172] (-) TimerEvent: {}
[189.488113] (-) TimerEvent: {}
[189.590441] (-) TimerEvent: {}
[189.695140] (-) TimerEvent: {}
[189.796107] (-) TimerEvent: {}
[189.898914] (-) TimerEvent: {}
[190.002461] (-) TimerEvent: {}
[190.105295] (-) TimerEvent: {}
[190.209715] (-) TimerEvent: {}
[190.311534] (-) TimerEvent: {}
[190.416350] (-) TimerEvent: {}
[190.517677] (-) TimerEvent: {}
[190.618839] (-) TimerEvent: {}
[190.722233] (-) TimerEvent: {}
[190.827020] (-) TimerEvent: {}
[190.928847] (-) TimerEvent: {}
[191.030555] (-) TimerEvent: {}
[191.132255] (-) TimerEvent: {}
[191.237331] (-) TimerEvent: {}
[191.339120] (-) TimerEvent: {}
[191.441854] (-) TimerEvent: {}
[191.544354] (-) TimerEvent: {}
[191.645292] (-) TimerEvent: {}
[191.748859] (-) TimerEvent: {}
[191.850009] (-) TimerEvent: {}
[191.958040] (-) TimerEvent: {}
[192.059080] (-) TimerEvent: {}
[192.164134] (-) TimerEvent: {}
[192.265212] (-) TimerEvent: {}
[192.367126] (-) TimerEvent: {}
[192.470529] (-) TimerEvent: {}
[192.573446] (-) TimerEvent: {}
[192.674681] (-) TimerEvent: {}
[192.777399] (-) TimerEvent: {}
[192.878836] (-) TimerEvent: {}
[192.982061] (-) TimerEvent: {}
[193.083189] (-) TimerEvent: {}
[193.186460] (-) TimerEvent: {}
[193.292574] (-) TimerEvent: {}
[193.394002] (-) TimerEvent: {}
[193.496160] (-) TimerEvent: {}
[193.597195] (-) TimerEvent: {}
[193.700563] (-) TimerEvent: {}
[193.801715] (-) TimerEvent: {}
[193.902797] (-) TimerEvent: {}
[194.005277] (-) TimerEvent: {}
[194.107139] (-) TimerEvent: {}
[194.209723] (-) TimerEvent: {}
[194.312148] (-) TimerEvent: {}
[194.414811] (-) TimerEvent: {}
[194.516467] (-) TimerEvent: {}
[194.621511] (-) TimerEvent: {}
[194.727190] (-) TimerEvent: {}
[194.828296] (-) TimerEvent: {}
[194.929239] (-) TimerEvent: {}
[195.032117] (-) TimerEvent: {}
[195.135826] (-) TimerEvent: {}
[195.238061] (-) TimerEvent: {}
[195.339305] (-) TimerEvent: {}
[195.442591] (-) TimerEvent: {}
[195.545523] (-) TimerEvent: {}
[195.648849] (-) TimerEvent: {}
[195.750039] (-) TimerEvent: {}
[195.851277] (-) TimerEvent: {}
[195.954024] (-) TimerEvent: {}
[196.056334] (-) TimerEvent: {}
[196.159014] (-) TimerEvent: {}
[196.263234] (-) TimerEvent: {}
[196.365875] (-) TimerEvent: {}
[196.469128] (-) TimerEvent: {}
[196.576176] (-) TimerEvent: {}
[196.678887] (-) TimerEvent: {}
[196.788589] (-) TimerEvent: {}
[196.895114] (-) TimerEvent: {}
[196.998710] (-) TimerEvent: {}
[197.110148] (-) TimerEvent: {}
[197.215880] (-) TimerEvent: {}
[197.320315] (-) TimerEvent: {}
[197.424696] (-) TimerEvent: {}
[197.525692] (-) TimerEvent: {}
[197.630197] (-) TimerEvent: {}
[197.731187] (-) TimerEvent: {}
[197.832121] (-) TimerEvent: {}
[197.932946] (-) TimerEvent: {}
[198.034880] (-) TimerEvent: {}
[198.136101] (-) TimerEvent: {}
[198.237698] (-) TimerEvent: {}
[198.338487] (-) TimerEvent: {}
[198.439752] (-) TimerEvent: {}
[198.542085] (-) TimerEvent: {}
[198.643572] (-) TimerEvent: {}
[198.745897] (-) TimerEvent: {}
[198.848330] (-) TimerEvent: {}
[198.951431] (-) TimerEvent: {}
[199.055118] (-) TimerEvent: {}
[199.156520] (-) TimerEvent: {}
[199.257653] (-) TimerEvent: {}
[199.359551] (-) TimerEvent: {}
[199.461618] (-) TimerEvent: {}
[199.564659] (-) TimerEvent: {}
[199.665528] (-) TimerEvent: {}
[199.766813] (-) TimerEvent: {}
[199.870522] (-) TimerEvent: {}
[199.971607] (-) TimerEvent: {}
[200.077140] (-) TimerEvent: {}
[200.181090] (-) TimerEvent: {}
[200.283373] (-) TimerEvent: {}
[200.384621] (-) TimerEvent: {}
[200.485600] (-) TimerEvent: {}
[200.587063] (-) TimerEvent: {}
[200.689391] (-) TimerEvent: {}
[200.790979] (-) TimerEvent: {}
[200.894372] (-) TimerEvent: {}
[200.998573] (-) TimerEvent: {}
[201.102892] (-) TimerEvent: {}
[201.204386] (-) TimerEvent: {}
[201.305326] (-) TimerEvent: {}
[201.406318] (-) TimerEvent: {}
[201.508285] (-) TimerEvent: {}
[201.609163] (-) TimerEvent: {}
[201.710687] (-) TimerEvent: {}
[201.813277] (-) TimerEvent: {}
[201.914237] (-) TimerEvent: {}
[202.016164] (-) TimerEvent: {}
[202.121119] (-) TimerEvent: {}
[202.228885] (-) TimerEvent: {}
[202.332700] (-) TimerEvent: {}
[202.436114] (-) TimerEvent: {}
[202.541136] (-) TimerEvent: {}
[202.642131] (-) TimerEvent: {}
[202.744426] (-) TimerEvent: {}
[202.848232] (-) TimerEvent: {}
[202.949152] (-) TimerEvent: {}
[203.050827] (-) TimerEvent: {}
[203.153055] (-) TimerEvent: {}
[203.253914] (-) TimerEvent: {}
[203.354750] (-) TimerEvent: {}
[203.456204] (-) TimerEvent: {}
[203.558150] (-) TimerEvent: {}
[203.659045] (-) TimerEvent: {}
[203.763121] (-) TimerEvent: {}
[203.866119] (-) TimerEvent: {}
[203.966943] (-) TimerEvent: {}
[204.070936] (-) TimerEvent: {}
[204.172428] (-) TimerEvent: {}
[204.275262] (-) TimerEvent: {}
[204.376149] (-) TimerEvent: {}
[204.477550] (-) TimerEvent: {}
[204.578575] (-) TimerEvent: {}
[204.681429] (-) TimerEvent: {}
[204.784632] (-) TimerEvent: {}
[204.886026] (-) TimerEvent: {}
[204.988152] (-) TimerEvent: {}
[205.090908] (-) TimerEvent: {}
[205.193195] (-) TimerEvent: {}
[205.295134] (-) TimerEvent: {}
[205.396001] (-) TimerEvent: {}
[205.496899] (-) TimerEvent: {}
[205.597796] (-) TimerEvent: {}
[205.698749] (-) TimerEvent: {}
[205.799590] (-) TimerEvent: {}
[205.900418] (-) TimerEvent: {}
[206.001706] (-) TimerEvent: {}
[206.103018] (-) TimerEvent: {}
[206.206447] (-) TimerEvent: {}
[206.310170] (-) TimerEvent: {}
[206.411139] (-) TimerEvent: {}
[206.512542] (-) TimerEvent: {}
[206.614257] (-) TimerEvent: {}
[206.716118] (-) TimerEvent: {}
[206.816942] (-) TimerEvent: {}
[206.917811] (-) TimerEvent: {}
[207.018766] (-) TimerEvent: {}
[207.119605] (-) TimerEvent: {}
[207.223829] (-) TimerEvent: {}
[207.324834] (-) TimerEvent: {}
[207.430480] (-) TimerEvent: {}
[207.531409] (-) TimerEvent: {}
[207.634485] (-) TimerEvent: {}
[207.737693] (-) TimerEvent: {}
[207.838825] (-) TimerEvent: {}
[207.941786] (-) TimerEvent: {}
[208.042736] (-) TimerEvent: {}
[208.145521] (-) TimerEvent: {}
[208.246694] (-) TimerEvent: {}
[208.350690] (-) TimerEvent: {}
[208.454409] (-) TimerEvent: {}
[208.555759] (-) TimerEvent: {}
[208.656755] (-) TimerEvent: {}
[208.758103] (-) TimerEvent: {}
[208.859103] (-) TimerEvent: {}
[208.960227] (-) TimerEvent: {}
[209.062415] (-) TimerEvent: {}
[209.164258] (-) TimerEvent: {}
[209.265338] (-) TimerEvent: {}
[209.366470] (-) TimerEvent: {}
[209.468172] (-) TimerEvent: {}
[209.569741] (-) TimerEvent: {}
[209.671392] (-) TimerEvent: {}
[209.776513] (-) TimerEvent: {}
[209.884144] (-) TimerEvent: {}
[209.985117] (-) TimerEvent: {}
[210.086094] (-) TimerEvent: {}
[210.187186] (-) TimerEvent: {}
[210.289237] (-) TimerEvent: {}
[210.390385] (-) TimerEvent: {}
[210.492425] (-) TimerEvent: {}
[210.599365] (-) TimerEvent: {}
[210.705136] (-) TimerEvent: {}
[210.811491] (-) TimerEvent: {}
[210.912857] (-) TimerEvent: {}
[211.018160] (-) TimerEvent: {}
[211.120166] (-) TimerEvent: {}
[211.227747] (-) TimerEvent: {}
[211.328739] (-) TimerEvent: {}
[211.435412] (-) TimerEvent: {}
[211.537721] (-) TimerEvent: {}
[211.640246] (-) TimerEvent: {}
[211.743083] (-) TimerEvent: {}
[211.843983] (-) TimerEvent: {}
[211.945243] (-) TimerEvent: {}
[212.047459] (-) TimerEvent: {}
[212.148488] (-) TimerEvent: {}
[212.250580] (-) TimerEvent: {}
[212.356609] (-) TimerEvent: {}
[212.463801] (-) TimerEvent: {}
[212.571531] (-) TimerEvent: {}
[212.677601] (-) TimerEvent: {}
[212.778451] (-) TimerEvent: {}
[212.879326] (-) TimerEvent: {}
[212.980279] (-) TimerEvent: {}
[213.081332] (-) TimerEvent: {}
[213.182317] (-) TimerEvent: {}
[213.283343] (-) TimerEvent: {}
[213.385831] (-) TimerEvent: {}
[213.487940] (-) TimerEvent: {}
[213.590181] (-) TimerEvent: {}
[213.692024] (-) TimerEvent: {}
[213.792991] (-) TimerEvent: {}
[213.893873] (-) TimerEvent: {}
[213.994715] (-) TimerEvent: {}
[214.095506] (-) TimerEvent: {}
[214.196299] (-) TimerEvent: {}
[214.297148] (-) TimerEvent: {}
[214.398652] (-) TimerEvent: {}
[214.499729] (-) TimerEvent: {}
[214.602539] (-) TimerEvent: {}
[214.703811] (-) TimerEvent: {}
[214.807918] (-) TimerEvent: {}
[214.910427] (-) TimerEvent: {}
[215.013362] (-) TimerEvent: {}
[215.117157] (-) TimerEvent: {}
[215.219218] (-) TimerEvent: {}
[215.325172] (-) TimerEvent: {}
[215.431589] (-) TimerEvent: {}
[215.533005] (-) TimerEvent: {}
[215.635205] (-) TimerEvent: {}
[215.737646] (-) TimerEvent: {}
[215.839178] (-) TimerEvent: {}
[215.942091] (-) TimerEvent: {}
[216.043425] (-) TimerEvent: {}
[216.148391] (-) TimerEvent: {}
[216.255628] (-) TimerEvent: {}
[216.369475] (-) TimerEvent: {}
[216.470839] (-) TimerEvent: {}
[216.571759] (-) TimerEvent: {}
[216.672859] (-) TimerEvent: {}
[216.774281] (-) TimerEvent: {}
[216.876065] (-) TimerEvent: {}
[216.976937] (-) TimerEvent: {}
[217.078042] (-) TimerEvent: {}
[217.179488] (-) TimerEvent: {}
[217.285449] (-) TimerEvent: {}
[217.389423] (-) TimerEvent: {}
[217.494265] (-) TimerEvent: {}
[217.595311] (-) TimerEvent: {}
[217.696981] (-) TimerEvent: {}
[217.800126] (-) TimerEvent: {}
[217.901141] (-) TimerEvent: {}
[218.005786] (-) TimerEvent: {}
[218.106704] (-) TimerEvent: {}
[218.207631] (-) TimerEvent: {}
[218.308883] (-) TimerEvent: {}
[218.409744] (-) TimerEvent: {}
[218.510569] (-) TimerEvent: {}
[218.611402] (-) TimerEvent: {}
[218.712307] (-) TimerEvent: {}
[218.813136] (-) TimerEvent: {}
[218.914040] (-) TimerEvent: {}
[219.016373] (-) TimerEvent: {}
[219.117640] (-) TimerEvent: {}
[219.220153] (-) TimerEvent: {}
[219.321143] (-) TimerEvent: {}
[219.422085] (-) TimerEvent: {}
[219.525087] (-) TimerEvent: {}
[219.628284] (-) TimerEvent: {}
[219.729132] (-) TimerEvent: {}
[219.831279] (-) TimerEvent: {}
[219.935126] (-) TimerEvent: {}
[220.036038] (-) TimerEvent: {}
[220.139478] (-) TimerEvent: {}
[220.242152] (-) TimerEvent: {}
[220.343075] (-) TimerEvent: {}
[220.446857] (-) TimerEvent: {}
[220.552142] (-) TimerEvent: {}
[220.653035] (-) TimerEvent: {}
[220.760157] (-) TimerEvent: {}
[220.861066] (-) TimerEvent: {}
[220.964007] (-) TimerEvent: {}
[221.070210] (-) TimerEvent: {}
[221.172590] (-) TimerEvent: {}
[221.280147] (-) TimerEvent: {}
[221.381487] (-) TimerEvent: {}
[221.482417] (-) TimerEvent: {}
[221.584416] (-) TimerEvent: {}
[221.688417] (-) TimerEvent: {}
[221.789296] (-) TimerEvent: {}
[221.890145] (-) TimerEvent: {}
[221.991858] (-) TimerEvent: {}
[222.094783] (-) TimerEvent: {}
[222.201087] (-) TimerEvent: {}
[222.303122] (-) TimerEvent: {}
[222.411121] (-) TimerEvent: {}
[222.513148] (-) TimerEvent: {}
[222.618386] (-) TimerEvent: {}
[222.723866] (-) TimerEvent: {}
[222.830689] (-) TimerEvent: {}
[222.933269] (-) TimerEvent: {}
[223.037142] (-) TimerEvent: {}
[223.140507] (-) TimerEvent: {}
[223.243709] (-) TimerEvent: {}
[223.345361] (-) TimerEvent: {}
[223.449698] (-) TimerEvent: {}
[223.556477] (-) TimerEvent: {}
[223.661578] (-) TimerEvent: {}
[223.764888] (-) TimerEvent: {}
[223.870805] (-) TimerEvent: {}
[223.978504] (-) TimerEvent: {}
[224.081084] (-) TimerEvent: {}
[224.185058] (-) TimerEvent: {}
[224.290868] (-) TimerEvent: {}
[224.395417] (-) TimerEvent: {}
[224.498219] (-) TimerEvent: {}
[224.602167] (-) TimerEvent: {}
[224.712500] (-) TimerEvent: {}
[224.813655] (-) TimerEvent: {}
[224.919460] (-) TimerEvent: {}
[225.021745] (-) TimerEvent: {}
[225.126421] (-) TimerEvent: {}
[225.229383] (-) TimerEvent: {}
[225.336119] (-) TimerEvent: {}
[225.440580] (-) TimerEvent: {}
[225.541578] (-) TimerEvent: {}
[225.642717] (-) TimerEvent: {}
[225.751261] (-) TimerEvent: {}
[225.853467] (-) TimerEvent: {}
[225.954847] (-) TimerEvent: {}
[226.065219] (-) TimerEvent: {}
[226.167643] (-) TimerEvent: {}
[226.268533] (-) TimerEvent: {}
[226.372934] (-) TimerEvent: {}
[226.491291] (-) TimerEvent: {}
[226.598413] (-) TimerEvent: {}
[226.707275] (-) TimerEvent: {}
[226.808272] (-) TimerEvent: {}
[226.912156] (-) TimerEvent: {}
[227.014140] (-) TimerEvent: {}
[227.116146] (-) TimerEvent: {}
[227.221171] (-) TimerEvent: {}
[227.322238] (-) TimerEvent: {}
[227.425451] (-) TimerEvent: {}
[227.530922] (-) TimerEvent: {}
[227.633169] (-) TimerEvent: {}
[227.740233] (-) TimerEvent: {}
[227.844523] (-) TimerEvent: {}
[227.951422] (-) TimerEvent: {}
[228.057263] (-) TimerEvent: {}
[228.165164] (-) TimerEvent: {}
[228.266274] (-) TimerEvent: {}
[228.367428] (-) TimerEvent: {}
[228.469226] (-) TimerEvent: {}
[228.573456] (-) TimerEvent: {}
[228.681177] (-) TimerEvent: {}
[228.782324] (-) TimerEvent: {}
[228.888395] (-) TimerEvent: {}
[228.990869] (-) TimerEvent: {}
[229.094332] (-) TimerEvent: {}
[229.199263] (-) TimerEvent: {}
[229.303588] (-) TimerEvent: {}
[229.406201] (-) TimerEvent: {}
[229.509282] (-) TimerEvent: {}
[229.612135] (-) TimerEvent: {}
[229.713138] (-) TimerEvent: {}
[229.814149] (-) TimerEvent: {}
[229.918032] (-) TimerEvent: {}
[230.025469] (-) TimerEvent: {}
[230.131235] (-) TimerEvent: {}
[230.238889] (-) TimerEvent: {}
[230.343518] (-) TimerEvent: {}
[230.448503] (-) TimerEvent: {}
[230.550545] (-) TimerEvent: {}
[230.654610] (-) TimerEvent: {}
[230.760738] (-) TimerEvent: {}
[230.869390] (-) TimerEvent: {}
[230.978042] (-) TimerEvent: {}
[231.089429] (-) TimerEvent: {}
[231.197103] (-) TimerEvent: {}
[231.304468] (-) TimerEvent: {}
[231.412425] (-) TimerEvent: {}
[231.514979] (-) TimerEvent: {}
[231.619796] (-) TimerEvent: {}
[231.726113] (-) TimerEvent: {}
[231.827107] (-) TimerEvent: {}
[231.936514] (-) TimerEvent: {}
[232.041163] (-) TimerEvent: {}
[232.151736] (-) TimerEvent: {}
[232.253101] (-) TimerEvent: {}
[232.360630] (-) TimerEvent: {}
[232.465885] (-) TimerEvent: {}
[232.570123] (-) TimerEvent: {}
[232.671111] (-) TimerEvent: {}
[232.774876] (-) TimerEvent: {}
[232.877695] (-) TimerEvent: {}
[232.984494] (-) TimerEvent: {}
[233.086045] (-) TimerEvent: {}
[233.189497] (-) TimerEvent: {}
[233.293432] (-) TimerEvent: {}
[233.395527] (-) TimerEvent: {}
[233.497413] (-) TimerEvent: {}
[233.600618] (-) TimerEvent: {}
[233.702815] (-) TimerEvent: {}
[233.805650] (-) TimerEvent: {}
[233.908400] (-) TimerEvent: {}
[234.013150] (-) TimerEvent: {}
[234.114086] (-) TimerEvent: {}
[234.215165] (-) TimerEvent: {}
[234.319227] (-) TimerEvent: {}
[234.423162] (-) TimerEvent: {}
[234.532210] (-) TimerEvent: {}
[234.634227] (-) TimerEvent: {}
[234.741253] (-) TimerEvent: {}
[234.844916] (-) TimerEvent: {}
[234.950917] (-) TimerEvent: {}
[235.057790] (-) TimerEvent: {}
[235.159457] (-) TimerEvent: {}
[235.264118] (-) TimerEvent: {}
[235.373735] (-) TimerEvent: {}
[235.475449] (-) TimerEvent: {}
[235.578949] (-) TimerEvent: {}
[235.681506] (-) TimerEvent: {}
[235.782477] (-) TimerEvent: {}
[235.886500] (-) TimerEvent: {}
[235.987508] (-) TimerEvent: {}
[236.091125] (-) TimerEvent: {}
[236.192062] (-) TimerEvent: {}
[236.296051] (-) TimerEvent: {}
[236.403128] (-) TimerEvent: {}
[236.504879] (-) TimerEvent: {}
[236.606388] (-) TimerEvent: {}
[236.708459] (-) TimerEvent: {}
[236.809489] (-) TimerEvent: {}
[236.914114] (-) TimerEvent: {}
[237.018171] (-) TimerEvent: {}
[237.121180] (-) TimerEvent: {}
[237.222332] (-) TimerEvent: {}
[237.325035] (-) TimerEvent: {}
[237.428496] (-) TimerEvent: {}
[237.536820] (-) TimerEvent: {}
[237.643421] (-) TimerEvent: {}
[237.744438] (-) TimerEvent: {}
[237.848001] (-) TimerEvent: {}
[237.954135] (-) TimerEvent: {}
[238.062891] (-) TimerEvent: {}
[238.173154] (-) TimerEvent: {}
[238.281264] (-) TimerEvent: {}
[238.387200] (-) TimerEvent: {}
[238.490157] (-) TimerEvent: {}
[238.595313] (-) TimerEvent: {}
[238.701756] (-) TimerEvent: {}
[238.809083] (-) TimerEvent: {}
[238.920045] (-) TimerEvent: {}
[239.025281] (-) TimerEvent: {}
[239.126424] (-) TimerEvent: {}
[239.229474] (-) TimerEvent: {}
[239.332816] (-) TimerEvent: {}
[239.436390] (-) TimerEvent: {}
[239.542156] (-) TimerEvent: {}
[239.646880] (-) TimerEvent: {}
[239.750311] (-) TimerEvent: {}
[239.854123] (-) TimerEvent: {}
[239.960176] (-) TimerEvent: {}
[240.061124] (-) TimerEvent: {}
[240.165208] (-) TimerEvent: {}
[240.266854] (-) TimerEvent: {}
[240.370327] (-) TimerEvent: {}
[240.473159] (-) TimerEvent: {}
[240.577457] (-) TimerEvent: {}
[240.680310] (-) TimerEvent: {}
[240.781575] (-) TimerEvent: {}
[240.884996] (-) TimerEvent: {}
[240.985949] (-) TimerEvent: {}
[241.086777] (-) TimerEvent: {}
[241.189407] (-) TimerEvent: {}
[241.292629] (-) TimerEvent: {}
[241.393516] (-) TimerEvent: {}
[241.494333] (-) TimerEvent: {}
[241.597529] (-) TimerEvent: {}
[241.698502] (-) TimerEvent: {}
[241.799390] (-) TimerEvent: {}
[241.901127] (-) TimerEvent: {}
[242.004156] (-) TimerEvent: {}
[242.105148] (-) TimerEvent: {}
[242.208139] (-) TimerEvent: {}
[242.309066] (-) TimerEvent: {}
[242.410097] (-) TimerEvent: {}
[242.513357] (-) TimerEvent: {}
[242.614441] (-) TimerEvent: {}
[242.718148] (-) TimerEvent: {}
[242.819262] (-) TimerEvent: {}
[242.923200] (-) TimerEvent: {}
[243.024493] (-) TimerEvent: {}
[243.127197] (-) TimerEvent: {}
[243.229594] (-) TimerEvent: {}
[243.330811] (-) TimerEvent: {}
[243.432822] (-) TimerEvent: {}
[243.541372] (-) TimerEvent: {}
[243.642740] (-) TimerEvent: {}
[243.747209] (-) TimerEvent: {}
[243.855213] (-) TimerEvent: {}
[243.958766] (-) TimerEvent: {}
[244.060478] (-) TimerEvent: {}
[244.169517] (-) TimerEvent: {}
[244.275524] (-) TimerEvent: {}
[244.377353] (-) TimerEvent: {}
[244.481110] (-) TimerEvent: {}
[244.581987] (-) TimerEvent: {}
[244.682894] (-) TimerEvent: {}
[244.786142] (-) TimerEvent: {}
[244.887019] (-) TimerEvent: {}
[244.989139] (-) TimerEvent: {}
[245.090076] (-) TimerEvent: {}
[245.194154] (-) TimerEvent: {}
[245.295313] (-) TimerEvent: {}
[245.396347] (-) TimerEvent: {}
[245.499152] (-) TimerEvent: {}
[245.600040] (-) TimerEvent: {}
[245.703043] (-) TimerEvent: {}
[245.804106] (-) TimerEvent: {}
[245.906186] (-) TimerEvent: {}
[246.009154] (-) TimerEvent: {}
[246.110101] (-) TimerEvent: {}
[246.210993] (-) TimerEvent: {}
[246.314148] (-) TimerEvent: {}
[246.415036] (-) TimerEvent: {}
[246.517028] (-) TimerEvent: {}
[246.619139] (-) TimerEvent: {}
[246.720026] (-) TimerEvent: {}
[246.823146] (-) TimerEvent: {}
[246.924027] (-) TimerEvent: {}
[247.024886] (-) TimerEvent: {}
[247.128159] (-) TimerEvent: {}
[247.229319] (-) TimerEvent: {}
[247.332137] (-) TimerEvent: {}
[247.433173] (-) TimerEvent: {}
[247.535877] (-) TimerEvent: {}
[247.640124] (-) TimerEvent: {}
[247.744132] (-) TimerEvent: {}
[247.845010] (-) TimerEvent: {}
[247.945935] (-) TimerEvent: {}
[248.046870] (-) TimerEvent: {}
[248.149340] (-) TimerEvent: {}
[248.252945] (-) TimerEvent: {}
[248.353937] (-) TimerEvent: {}
[248.456813] (-) TimerEvent: {}
[248.557772] (-) TimerEvent: {}
[248.661126] (-) TimerEvent: {}
[248.762001] (-) TimerEvent: {}
[248.862778] (-) TimerEvent: {}
[248.965080] (-) TimerEvent: {}
[249.065859] (-) TimerEvent: {}
[249.168116] (-) TimerEvent: {}
[249.268889] (-) TimerEvent: {}
[249.370117] (-) TimerEvent: {}
[249.473107] (-) TimerEvent: {}
[249.573914] (-) TimerEvent: {}
[249.675920] (-) TimerEvent: {}
[249.782193] (-) TimerEvent: {}
[249.888642] (-) TimerEvent: {}
[249.999704] (-) TimerEvent: {}
[250.113824] (-) TimerEvent: {}
[250.218156] (-) TimerEvent: {}
[250.319128] (-) TimerEvent: {}
[250.426311] (-) TimerEvent: {}
[250.530122] (-) TimerEvent: {}
[250.636134] (-) TimerEvent: {}
[250.737068] (-) TimerEvent: {}
[250.838648] (-) TimerEvent: {}
[250.945433] (-) TimerEvent: {}
[251.050131] (-) TimerEvent: {}
[251.152185] (-) TimerEvent: {}
[251.257524] (-) TimerEvent: {}
[251.359399] (-) TimerEvent: {}
[251.462182] (-) TimerEvent: {}
[251.567409] (-) TimerEvent: {}
[251.671407] (-) TimerEvent: {}
[251.775527] (-) TimerEvent: {}
[251.885157] (-) TimerEvent: {}
[251.986458] (-) TimerEvent: {}
[252.093101] (-) TimerEvent: {}
[252.196150] (-) TimerEvent: {}
[252.300109] (-) TimerEvent: {}
[252.400922] (-) TimerEvent: {}
[252.504652] (-) TimerEvent: {}
[252.608108] (-) TimerEvent: {}
[252.708869] (-) TimerEvent: {}
[252.819638] (-) TimerEvent: {}
[252.922335] (-) TimerEvent: {}
[253.023104] (-) TimerEvent: {}
[253.127121] (-) TimerEvent: {}
[253.228272] (-) TimerEvent: {}
[253.331377] (-) TimerEvent: {}
[253.435536] (-) TimerEvent: {}
[253.536479] (-) TimerEvent: {}
[253.640763] (-) TimerEvent: {}
[253.744719] (-) TimerEvent: {}
[253.848283] (-) TimerEvent: {}
[253.950862] (-) TimerEvent: {}
[254.055592] (-) TimerEvent: {}
[254.157472] (-) TimerEvent: {}
[254.258763] (-) TimerEvent: {}
[254.361362] (-) TimerEvent: {}
[254.462456] (-) TimerEvent: {}
[254.565086] (-) TimerEvent: {}
[254.667279] (-) TimerEvent: {}
[254.770410] (-) TimerEvent: {}
[254.871525] (-) TimerEvent: {}
[254.972654] (-) TimerEvent: {}
[255.075391] (-) TimerEvent: {}
[255.176376] (-) TimerEvent: {}
[255.278254] (-) TimerEvent: {}
[255.382164] (-) TimerEvent: {}
[255.483039] (-) TimerEvent: {}
[255.585507] (-) TimerEvent: {}
[255.687742] (-) TimerEvent: {}
[255.788718] (-) TimerEvent: {}
[255.894270] (-) TimerEvent: {}
[256.001563] (-) TimerEvent: {}
[256.104278] (-) TimerEvent: {}
[256.211071] (-) TimerEvent: {}
[256.317166] (-) TimerEvent: {}
[256.421364] (-) TimerEvent: {}
[256.522426] (-) TimerEvent: {}
[256.625527] (-) TimerEvent: {}
[256.730162] (-) TimerEvent: {}
[256.831143] (-) TimerEvent: {}
[256.936127] (-) TimerEvent: {}
[257.037166] (-) TimerEvent: {}
[257.139920] (-) TimerEvent: {}
[257.246496] (-) TimerEvent: {}
[257.347427] (-) TimerEvent: {}
[257.450168] (-) TimerEvent: {}
[257.556110] (-) TimerEvent: {}
[257.658216] (-) TimerEvent: {}
[257.762124] (-) TimerEvent: {}
[257.865814] (-) TimerEvent: {}
[257.968271] (-) TimerEvent: {}
[258.072337] (-) TimerEvent: {}
[258.175141] (-) TimerEvent: {}
[258.279483] (-) TimerEvent: {}
[258.381304] (-) TimerEvent: {}
[258.484110] (-) TimerEvent: {}
[258.585085] (-) TimerEvent: {}
[258.690118] (-) TimerEvent: {}
[258.794142] (-) TimerEvent: {}
[258.896856] (-) TimerEvent: {}
[259.000631] (-) TimerEvent: {}
[259.101569] (-) TimerEvent: {}
[259.202942] (-) TimerEvent: {}
[259.305554] (-) TimerEvent: {}
[259.408371] (-) TimerEvent: {}
[259.512197] (-) TimerEvent: {}
[259.616265] (-) TimerEvent: {}
[259.719187] (-) TimerEvent: {}
[259.824210] (-) TimerEvent: {}
[259.928588] (-) TimerEvent: {}
[260.033217] (-) TimerEvent: {}
[260.138170] (-) TimerEvent: {}
[260.239120] (-) TimerEvent: {}
[260.343525] (-) TimerEvent: {}
[260.444505] (-) TimerEvent: {}
[260.546773] (-) TimerEvent: {}
[260.647625] (-) TimerEvent: {}
[260.749587] (-) TimerEvent: {}
[260.852295] (-) TimerEvent: {}
[260.954104] (-) TimerEvent: {}
[261.057205] (-) TimerEvent: {}
[261.161124] (-) TimerEvent: {}
[261.262011] (-) TimerEvent: {}
[261.368115] (-) TimerEvent: {}
[261.472146] (-) TimerEvent: {}
[261.573088] (-) TimerEvent: {}
[261.674071] (-) TimerEvent: {}
[261.774949] (-) TimerEvent: {}
[261.876117] (-) TimerEvent: {}
[261.981411] (-) TimerEvent: {}
[262.083021] (-) TimerEvent: {}
[262.188304] (-) TimerEvent: {}
[262.289469] (-) TimerEvent: {}
[262.390820] (-) TimerEvent: {}
[262.494285] (-) TimerEvent: {}
[262.596354] (-) TimerEvent: {}
[262.701312] (-) TimerEvent: {}
[262.809139] (-) TimerEvent: {}
[262.910091] (-) TimerEvent: {}
[263.010919] (-) TimerEvent: {}
[263.112135] (-) TimerEvent: {}
[263.213136] (-) TimerEvent: {}
[263.317113] (-) TimerEvent: {}
[263.419120] (-) TimerEvent: {}
[263.521173] (-) TimerEvent: {}
[263.624657] (-) TimerEvent: {}
[263.728165] (-) TimerEvent: {}
[263.829073] (-) TimerEvent: {}
[263.929951] (-) TimerEvent: {}
[264.032631] (-) TimerEvent: {}
[264.136424] (-) TimerEvent: {}
[264.237353] (-) TimerEvent: {}
[264.339539] (-) TimerEvent: {}
[264.442044] (-) TimerEvent: {}
[264.543603] (-) TimerEvent: {}
[264.644668] (-) TimerEvent: {}
[264.747023] (-) TimerEvent: {}
[264.849220] (-) TimerEvent: {}
[264.951157] (-) TimerEvent: {}
[265.052289] (-) TimerEvent: {}
[265.154248] (-) TimerEvent: {}
[265.255097] (-) TimerEvent: {}
[265.356653] (-) TimerEvent: {}
[265.457654] (-) TimerEvent: {}
[265.558712] (-) TimerEvent: {}
[265.659632] (-) TimerEvent: {}
[265.760506] (-) TimerEvent: {}
[265.864209] (-) TimerEvent: {}
[265.967497] (-) TimerEvent: {}
[266.075133] (-) TimerEvent: {}
[266.178602] (-) TimerEvent: {}
[266.280134] (-) TimerEvent: {}
[266.383856] (-) TimerEvent: {}
[266.487695] (-) TimerEvent: {}
[266.591218] (-) TimerEvent: {}
[266.693123] (-) TimerEvent: {}
[266.794894] (-) TimerEvent: {}
[266.896941] (-) TimerEvent: {}
[266.997877] (-) TimerEvent: {}
[267.099079] (-) TimerEvent: {}
[267.201494] (-) TimerEvent: {}
[267.302366] (-) TimerEvent: {}
[267.405504] (-) TimerEvent: {}
[267.510938] (-) TimerEvent: {}
[267.615034] (-) TimerEvent: {}
[267.719112] (-) TimerEvent: {}
[267.821700] (-) TimerEvent: {}
[267.924194] (-) TimerEvent: {}
[268.026236] (-) TimerEvent: {}
[268.128039] (-) TimerEvent: {}
[268.230660] (-) TimerEvent: {}
[268.334394] (-) TimerEvent: {}
[268.435501] (-) TimerEvent: {}
[268.536440] (-) TimerEvent: {}
[268.638137] (-) TimerEvent: {}
[268.744796] (-) TimerEvent: {}
[268.846120] (-) TimerEvent: {}
[268.953797] (-) TimerEvent: {}
[269.060137] (-) TimerEvent: {}
[269.161207] (-) TimerEvent: {}
[269.264517] (-) TimerEvent: {}
[269.369865] (-) TimerEvent: {}
[269.472726] (-) TimerEvent: {}
[269.573638] (-) TimerEvent: {}
[269.679144] (-) TimerEvent: {}
[269.780203] (-) TimerEvent: {}
[269.883123] (-) TimerEvent: {}
[269.984212] (-) TimerEvent: {}
[270.088203] (-) TimerEvent: {}
[270.191841] (-) TimerEvent: {}
[270.294361] (-) TimerEvent: {}
[270.398846] (-) TimerEvent: {}
[270.500369] (-) TimerEvent: {}
[270.601419] (-) TimerEvent: {}
[270.703436] (-) TimerEvent: {}
[270.807298] (-) TimerEvent: {}
[270.910522] (-) TimerEvent: {}
[271.012423] (-) TimerEvent: {}
[271.116129] (-) TimerEvent: {}
[271.217049] (-) TimerEvent: {}
[271.320874] (-) TimerEvent: {}
[271.425273] (-) TimerEvent: {}
[271.528129] (-) TimerEvent: {}
[271.628979] (-) TimerEvent: {}
[271.729834] (-) TimerEvent: {}
[271.832412] (-) TimerEvent: {}
[271.933367] (-) TimerEvent: {}
[272.039198] (-) TimerEvent: {}
[272.140089] (-) TimerEvent: {}
[272.243618] (-) TimerEvent: {}
[272.346184] (-) TimerEvent: {}
[272.448257] (-) TimerEvent: {}
[272.551659] (-) TimerEvent: {}
[272.653088] (-) TimerEvent: {}
[272.755232] (-) TimerEvent: {}
[272.856679] (-) TimerEvent: {}
[272.957550] (-) TimerEvent: {}
[273.061172] (-) TimerEvent: {}
[273.162987] (-) TimerEvent: {}
[273.263770] (-) TimerEvent: {}
[273.365479] (-) TimerEvent: {}
[273.467227] (-) TimerEvent: {}
[273.568644] (-) TimerEvent: {}
[273.669547] (-) TimerEvent: {}
[273.770396] (-) TimerEvent: {}
[273.871208] (-) TimerEvent: {}
[273.972096] (-) TimerEvent: {}
[274.079233] (-) TimerEvent: {}
[274.181175] (-) TimerEvent: {}
[274.285174] (-) TimerEvent: {}
[274.386946] (-) TimerEvent: {}
[274.490462] (-) TimerEvent: {}
[274.591474] (-) TimerEvent: {}
[274.692992] (-) TimerEvent: {}
[274.793819] (-) TimerEvent: {}
[274.894927] (-) TimerEvent: {}
[274.995834] (-) TimerEvent: {}
[275.097666] (-) TimerEvent: {}
[275.198799] (-) TimerEvent: {}
[275.300242] (-) TimerEvent: {}
[275.402120] (-) TimerEvent: {}
[275.503075] (-) TimerEvent: {}
[275.603904] (-) TimerEvent: {}
[275.704741] (-) TimerEvent: {}
[275.805663] (-) TimerEvent: {}
[275.908142] (-) TimerEvent: {}
[276.009575] (-) TimerEvent: {}
[276.113331] (-) TimerEvent: {}
[276.219506] (-) TimerEvent: {}
[276.322198] (-) TimerEvent: {}
[276.423106] (-) TimerEvent: {}
[276.524073] (-) TimerEvent: {}
[276.625035] (-) TimerEvent: {}
[276.727125] (-) TimerEvent: {}
[276.828064] (-) TimerEvent: {}
[276.930299] (-) TimerEvent: {}
[277.031469] (-) TimerEvent: {}
[277.132818] (-) TimerEvent: {}
[277.233635] (-) TimerEvent: {}
[277.334601] (-) TimerEvent: {}
[277.437582] (-) TimerEvent: {}
[277.545640] (-) TimerEvent: {}
[277.653189] (-) TimerEvent: {}
[277.755107] (-) TimerEvent: {}
[277.856782] (-) TimerEvent: {}
[277.957749] (-) TimerEvent: {}
[278.058833] (-) TimerEvent: {}
[278.159694] (-) TimerEvent: {}
[278.260669] (-) TimerEvent: {}
[278.361642] (-) TimerEvent: {}
[278.462567] (-) TimerEvent: {}
[278.563384] (-) TimerEvent: {}
[278.664354] (-) TimerEvent: {}
[278.765462] (-) TimerEvent: {}
[278.866327] (-) TimerEvent: {}
[278.968073] (-) TimerEvent: {}
[279.071469] (-) TimerEvent: {}
[279.172535] (-) TimerEvent: {}
[279.274736] (-) TimerEvent: {}
[279.379515] (-) TimerEvent: {}
[279.480442] (-) TimerEvent: {}
[279.581556] (-) TimerEvent: {}
[279.682819] (-) TimerEvent: {}
[279.783609] (-) TimerEvent: {}
[279.884455] (-) TimerEvent: {}
[279.986367] (-) TimerEvent: {}
[280.089203] (-) TimerEvent: {}
[280.190135] (-) TimerEvent: {}
[280.293878] (-) TimerEvent: {}
[280.395674] (-) TimerEvent: {}
[280.497075] (-) TimerEvent: {}
[280.598140] (-) TimerEvent: {}
[280.699175] (-) TimerEvent: {}
[280.800129] (-) TimerEvent: {}
[280.901545] (-) TimerEvent: {}
[281.002490] (-) TimerEvent: {}
[281.106883] (-) TimerEvent: {}
[281.208990] (-) TimerEvent: {}
[281.310901] (-) TimerEvent: {}
[281.413082] (-) TimerEvent: {}
[281.517472] (-) TimerEvent: {}
[281.618587] (-) TimerEvent: {}
[281.721411] (-) TimerEvent: {}
[281.824179] (-) TimerEvent: {}
[281.925218] (-) TimerEvent: {}
[282.026428] (-) TimerEvent: {}
[282.128372] (-) TimerEvent: {}
[282.230426] (-) TimerEvent: {}
[282.332143] (-) TimerEvent: {}
[282.435677] (-) TimerEvent: {}
[282.536565] (-) TimerEvent: {}
[282.637475] (-) TimerEvent: {}
[282.738397] (-) TimerEvent: {}
[282.840155] (-) TimerEvent: {}
[282.943491] (-) TimerEvent: {}
[283.045229] (-) TimerEvent: {}
[283.147117] (-) TimerEvent: {}
[283.248073] (-) TimerEvent: {}
[283.349825] (-) TimerEvent: {}
[283.451808] (-) TimerEvent: {}
[283.552755] (-) TimerEvent: {}
[283.653648] (-) TimerEvent: {}
[283.754597] (-) TimerEvent: {}
[283.855535] (-) TimerEvent: {}
[283.959143] (-) TimerEvent: {}
[284.060166] (-) TimerEvent: {}
[284.163144] (-) TimerEvent: {}
[284.265491] (-) TimerEvent: {}
[284.367193] (-) TimerEvent: {}
[284.468047] (-) TimerEvent: {}
[284.570135] (-) TimerEvent: {}
[284.671102] (-) TimerEvent: {}
[284.775001] (-) TimerEvent: {}
[284.882150] (-) TimerEvent: {}
[284.983039] (-) TimerEvent: {}
[285.087875] (-) TimerEvent: {}
[285.192183] (-) TimerEvent: {}
[285.295665] (-) TimerEvent: {}
[285.396685] (-) TimerEvent: {}
[285.500372] (-) TimerEvent: {}
[285.603048] (-) TimerEvent: {}
[285.705945] (-) TimerEvent: {}
[285.807560] (-) TimerEvent: {}
[285.908409] (-) TimerEvent: {}
[286.009257] (-) TimerEvent: {}
[286.111173] (-) TimerEvent: {}
[286.212036] (-) TimerEvent: {}
[286.312846] (-) TimerEvent: {}
[286.414140] (-) TimerEvent: {}
[286.515060] (-) TimerEvent: {}
[286.619380] (-) TimerEvent: {}
[286.727388] (-) TimerEvent: {}
[286.831291] (-) TimerEvent: {}
[286.935194] (-) TimerEvent: {}
[287.036144] (-) TimerEvent: {}
[287.137126] (-) TimerEvent: {}
[287.238088] (-) TimerEvent: {}
[287.338874] (-) TimerEvent: {}
[287.443107] (-) TimerEvent: {}
[287.545056] (-) TimerEvent: {}
[287.646116] (-) TimerEvent: {}
[287.747112] (-) TimerEvent: {}
[287.848204] (-) TimerEvent: {}
[287.951589] (-) TimerEvent: {}
[288.052536] (-) TimerEvent: {}
[288.154902] (-) TimerEvent: {}
[288.256796] (-) TimerEvent: {}
[288.358229] (-) TimerEvent: {}
[288.459674] (-) TimerEvent: {}
[288.560540] (-) TimerEvent: {}
[288.663925] (-) TimerEvent: {}
[288.766413] (-) TimerEvent: {}
[288.870132] (-) TimerEvent: {}
[288.971194] (-) TimerEvent: {}
[289.073512] (-) TimerEvent: {}
[289.175843] (-) TimerEvent: {}
[289.280079] (-) TimerEvent: {}
[289.381337] (-) TimerEvent: {}
[289.484814] (-) TimerEvent: {}
[289.585683] (-) TimerEvent: {}
[289.687487] (-) TimerEvent: {}
[289.788462] (-) TimerEvent: {}
[289.890614] (-) TimerEvent: {}
[289.992913] (-) TimerEvent: {}
[290.093870] (-) TimerEvent: {}
[290.196798] (-) TimerEvent: {}
[290.299190] (-) TimerEvent: {}
[290.400410] (-) TimerEvent: {}
[290.503303] (-) TimerEvent: {}
[290.604225] (-) TimerEvent: {}
[290.705737] (-) TimerEvent: {}
[290.806720] (-) TimerEvent: {}
[290.910438] (-) TimerEvent: {}
[291.011449] (-) TimerEvent: {}
[291.113192] (-) TimerEvent: {}
[291.215617] (-) TimerEvent: {}
[291.318002] (-) TimerEvent: {}
[291.419884] (-) TimerEvent: {}
[291.520903] (-) TimerEvent: {}
[291.621802] (-) TimerEvent: {}
[291.725439] (-) TimerEvent: {}
[291.831434] (-) TimerEvent: {}
[291.932290] (-) TimerEvent: {}
[292.034142] (-) TimerEvent: {}
[292.135027] (-) TimerEvent: {}
[292.236027] (-) TimerEvent: {}
[292.337717] (-) TimerEvent: {}
[292.440377] (-) TimerEvent: {}
[292.541376] (-) TimerEvent: {}
[292.642887] (-) TimerEvent: {}
[292.743729] (-) TimerEvent: {}
[292.844648] (-) TimerEvent: {}
[292.945723] (-) TimerEvent: {}
[293.049085] (-) TimerEvent: {}
[293.150317] (-) TimerEvent: {}
[293.251418] (-) TimerEvent: {}
[293.352737] (-) TimerEvent: {}
[293.455587] (-) TimerEvent: {}
[293.556871] (-) TimerEvent: {}
[293.658058] (-) TimerEvent: {}
[293.759090] (-) TimerEvent: {}
[293.859937] (-) TimerEvent: {}
[293.961534] (-) TimerEvent: {}
[294.063315] (-) TimerEvent: {}
[294.167323] (-) TimerEvent: {}
[294.268215] (-) TimerEvent: {}
[294.369197] (-) TimerEvent: {}
[294.470543] (-) TimerEvent: {}
[294.571623] (-) TimerEvent: {}
[294.672817] (-) TimerEvent: {}
[294.775717] (-) TimerEvent: {}
[294.880150] (-) TimerEvent: {}
[294.981100] (-) TimerEvent: {}
[295.082053] (-) TimerEvent: {}
[295.182859] (-) TimerEvent: {}
[295.284041] (-) TimerEvent: {}
[295.386056] (-) TimerEvent: {}
[295.487095] (-) TimerEvent: {}
[295.588561] (-) TimerEvent: {}
[295.690794] (-) TimerEvent: {}
[295.791689] (-) TimerEvent: {}
[295.896748] (-) TimerEvent: {}
[295.997753] (-) TimerEvent: {}
[296.098927] (-) TimerEvent: {}
[296.201206] (-) TimerEvent: {}
[296.305639] (-) TimerEvent: {}
[296.407878] (-) TimerEvent: {}
[296.508807] (-) TimerEvent: {}
[296.613133] (-) TimerEvent: {}
[296.714000] (-) TimerEvent: {}
[296.814824] (-) TimerEvent: {}
[296.918137] (-) TimerEvent: {}
[297.019013] (-) TimerEvent: {}
[297.122142] (-) TimerEvent: {}
[297.222948] (-) TimerEvent: {}
[297.323900] (-) TimerEvent: {}
[297.425192] (-) TimerEvent: {}
[297.526067] (-) TimerEvent: {}
[297.628245] (-) TimerEvent: {}
[297.731910] (-) TimerEvent: {}
[297.833007] (-) TimerEvent: {}
[297.933920] (-) TimerEvent: {}
[298.034800] (-) TimerEvent: {}
[298.135701] (-) TimerEvent: {}
[298.236549] (-) TimerEvent: {}
[298.338502] (-) TimerEvent: {}
[298.441146] (-) TimerEvent: {}
[298.542833] (-) TimerEvent: {}
[298.643891] (-) TimerEvent: {}
[298.745909] (-) TimerEvent: {}
[298.847257] (-) TimerEvent: {}
[298.948093] (-) TimerEvent: {}
[299.048883] (-) TimerEvent: {}
[299.149731] (-) TimerEvent: {}
[299.250566] (-) TimerEvent: {}
[299.351364] (-) TimerEvent: {}
[299.452133] (-) TimerEvent: {}
[299.552875] (-) TimerEvent: {}
[299.653701] (-) TimerEvent: {}
[299.757133] (-) TimerEvent: {}
[299.858105] (-) TimerEvent: {}
[299.961888] (-) TimerEvent: {}
[300.063638] (-) TimerEvent: {}
[300.167136] (-) TimerEvent: {}
[300.269129] (-) TimerEvent: {}
[300.370042] (-) TimerEvent: {}
[300.471679] (-) TimerEvent: {}
[300.572991] (-) TimerEvent: {}
[300.673800] (-) TimerEvent: {}
[300.774725] (-) TimerEvent: {}
[300.876238] (-) TimerEvent: {}
[300.978288] (-) TimerEvent: {}
[301.079317] (-) TimerEvent: {}
[301.180854] (-) TimerEvent: {}
[301.282690] (-) TimerEvent: {}
[301.386597] (-) TimerEvent: {}
[301.488725] (-) TimerEvent: {}
[301.589860] (-) TimerEvent: {}
[301.691269] (-) TimerEvent: {}
[301.793599] (-) TimerEvent: {}
[301.894442] (-) TimerEvent: {}
[301.995328] (-) TimerEvent: {}
[302.097140] (-) TimerEvent: {}
[302.201288] (-) TimerEvent: {}
[302.306159] (-) TimerEvent: {}
[302.407198] (-) TimerEvent: {}
[302.510331] (-) TimerEvent: {}
[302.612175] (-) TimerEvent: {}
[302.715919] (-) TimerEvent: {}
[302.818122] (-) TimerEvent: {}
[302.919091] (-) TimerEvent: {}
[303.022382] (-) TimerEvent: {}
[303.127215] (-) TimerEvent: {}
[303.230464] (-) TimerEvent: {}
[303.335499] (-) TimerEvent: {}
[303.436383] (-) TimerEvent: {}
[303.538824] (-) TimerEvent: {}
[303.642295] (-) TimerEvent: {}
[303.744112] (-) TimerEvent: {}
[303.848629] (-) TimerEvent: {}
[303.949816] (-) TimerEvent: {}
[304.054608] (-) TimerEvent: {}
[304.155474] (-) TimerEvent: {}
[304.256802] (-) TimerEvent: {}
[304.357575] (-) TimerEvent: {}
[304.458489] (-) TimerEvent: {}
[304.559471] (-) TimerEvent: {}
[304.661503] (-) TimerEvent: {}
[304.762541] (-) TimerEvent: {}
[304.863578] (-) TimerEvent: {}
[304.969137] (-) TimerEvent: {}
[305.070047] (-) TimerEvent: {}
[305.171018] (-) TimerEvent: {}
[305.271863] (-) TimerEvent: {}
[305.373585] (-) TimerEvent: {}
[305.474406] (-) TimerEvent: {}
[305.575390] (-) TimerEvent: {}
[305.676144] (-) TimerEvent: {}
[305.776988] (-) TimerEvent: {}
[305.878401] (-) TimerEvent: {}
[305.979559] (-) TimerEvent: {}
[306.080428] (-) TimerEvent: {}
[306.182110] (-) TimerEvent: {}
[306.285589] (-) TimerEvent: {}
[306.387595] (-) TimerEvent: {}
[306.492733] (-) TimerEvent: {}
[306.593641] (-) TimerEvent: {}
[306.694492] (-) TimerEvent: {}
[306.795310] (-) TimerEvent: {}
[306.896124] (-) TimerEvent: {}
[306.996919] (-) TimerEvent: {}
[307.100123] (-) TimerEvent: {}
[307.201102] (-) TimerEvent: {}
[307.302016] (-) TimerEvent: {}
[307.404614] (-) TimerEvent: {}
[307.505574] (-) TimerEvent: {}
[307.607448] (-) TimerEvent: {}
[307.710114] (-) TimerEvent: {}
[307.812350] (-) TimerEvent: {}
[307.913350] (-) TimerEvent: {}
[308.015498] (-) TimerEvent: {}
[308.117681] (-) TimerEvent: {}
[308.219555] (-) TimerEvent: {}
[308.320617] (-) TimerEvent: {}
[308.421612] (-) TimerEvent: {}
[308.522702] (-) TimerEvent: {}
[308.625311] (-) TimerEvent: {}
[308.726656] (-) TimerEvent: {}
[308.827842] (-) TimerEvent: {}
[308.928795] (-) TimerEvent: {}
[309.032147] (-) TimerEvent: {}
[309.133098] (-) TimerEvent: {}
[309.236493] (-) TimerEvent: {}
[309.338469] (-) TimerEvent: {}
[309.441778] (-) TimerEvent: {}
[309.542652] (-) TimerEvent: {}
[309.649202] (-) TimerEvent: {}
[309.757133] (-) TimerEvent: {}
[309.858057] (-) TimerEvent: {}
[309.963132] (-) TimerEvent: {}
[310.069999] (-) TimerEvent: {}
[310.176109] (-) TimerEvent: {}
[310.280619] (-) TimerEvent: {}
[310.385294] (-) TimerEvent: {}
[310.491133] (-) TimerEvent: {}
[310.595133] (-) TimerEvent: {}
[310.696069] (-) TimerEvent: {}
[310.796828] (-) TimerEvent: {}
[310.897825] (-) TimerEvent: {}
[310.999279] (-) TimerEvent: {}
[311.101037] (-) TimerEvent: {}
[311.203663] (-) TimerEvent: {}
[311.305910] (-) TimerEvent: {}
[311.408577] (-) TimerEvent: {}
[311.511033] (-) TimerEvent: {}
[311.611874] (-) TimerEvent: {}
[311.713725] (-) TimerEvent: {}
[311.816194] (-) TimerEvent: {}
[311.918410] (-) TimerEvent: {}
[312.020194] (-) TimerEvent: {}
[312.122919] (-) TimerEvent: {}
[312.223755] (-) TimerEvent: {}
[312.324912] (-) TimerEvent: {}
[312.429213] (-) TimerEvent: {}
[312.530714] (-) TimerEvent: {}
[312.633947] (-) TimerEvent: {}
[312.735510] (-) TimerEvent: {}
[312.837522] (-) TimerEvent: {}
[312.939398] (-) TimerEvent: {}
[313.048485] (-) TimerEvent: {}
[313.149894] (-) TimerEvent: {}
[313.251208] (simple_robot) StdoutLine: {'line': b'[ 66%] \x1b[32m\x1b[1mLinking CXX shared library libgrid_map.so\x1b[0m\n'}
[313.252328] (-) TimerEvent: {}
[313.353062] (-) TimerEvent: {}
[313.455522] (-) TimerEvent: {}
[313.557220] (-) TimerEvent: {}
[313.660214] (-) TimerEvent: {}
[313.765069] (-) TimerEvent: {}
[313.873231] (-) TimerEvent: {}
[313.978057] (-) TimerEvent: {}
[314.085328] (-) TimerEvent: {}
[314.193219] (-) TimerEvent: {}
[314.294484] (-) TimerEvent: {}
[314.396243] (-) TimerEvent: {}
[314.501759] (-) TimerEvent: {}
[314.607189] (-) TimerEvent: {}
[314.712547] (-) TimerEvent: {}
[314.821596] (-) TimerEvent: {}
[314.923089] (-) TimerEvent: {}
[315.030146] (-) TimerEvent: {}
[315.132323] (-) TimerEvent: {}
[315.236849] (-) TimerEvent: {}
[315.345921] (-) TimerEvent: {}
[315.449169] (-) TimerEvent: {}
[315.559236] (-) TimerEvent: {}
[315.665329] (-) TimerEvent: {}
[315.768664] (-) TimerEvent: {}
[315.873785] (-) TimerEvent: {}
[315.980608] (-) TimerEvent: {}
[316.086201] (-) TimerEvent: {}
[316.194821] (-) TimerEvent: {}
[316.297549] (-) TimerEvent: {}
[316.404149] (-) TimerEvent: {}
[316.506448] (-) TimerEvent: {}
[316.608414] (-) TimerEvent: {}
[316.714598] (-) TimerEvent: {}
[316.816159] (-) TimerEvent: {}
[316.921161] (-) TimerEvent: {}
[317.022012] (-) TimerEvent: {}
[317.123396] (-) TimerEvent: {}
[317.229129] (-) TimerEvent: {}
[317.330549] (-) TimerEvent: {}
[317.435304] (-) TimerEvent: {}
[317.536230] (-) TimerEvent: {}
[317.638845] (-) TimerEvent: {}
[317.742908] (-) TimerEvent: {}
[317.848165] (-) TimerEvent: {}
[317.949289] (-) TimerEvent: {}
[318.050196] (-) TimerEvent: {}
[318.152433] (-) TimerEvent: {}
[318.253674] (-) TimerEvent: {}
[318.356728] (-) TimerEvent: {}
[318.461886] (-) TimerEvent: {}
[318.564159] (-) TimerEvent: {}
[318.666414] (-) TimerEvent: {}
[318.768370] (-) TimerEvent: {}
[318.869423] (-) TimerEvent: {}
[318.970751] (-) TimerEvent: {}
[319.072066] (-) TimerEvent: {}
[319.172864] (-) TimerEvent: {}
[319.274428] (-) TimerEvent: {}
[319.377041] (-) TimerEvent: {}
[319.478322] (-) TimerEvent: {}
[319.579258] (-) TimerEvent: {}
[319.680416] (-) TimerEvent: {}
[319.783117] (-) TimerEvent: {}
[319.884008] (-) TimerEvent: {}
[319.986986] (-) TimerEvent: {}
[320.090475] (-) TimerEvent: {}
[320.193116] (-) TimerEvent: {}
[320.294085] (-) TimerEvent: {}
[320.396327] (-) TimerEvent: {}
[320.501442] (-) TimerEvent: {}
[320.602778] (-) TimerEvent: {}
[320.605675] (simple_robot) StdoutLine: {'line': b'[100%] Built target grid_map\n'}
[320.700522] (simple_robot) CommandEnded: {'returncode': 0}
[320.714664] (-) TimerEvent: {}
[320.715660] (simple_robot) JobProgress: {'identifier': 'simple_robot', 'progress': 'install'}
[320.797400] (simple_robot) Command: {'cmd': ['/usr/bin/cmake', '--install', '/home/martina/rp_project/robot-programming-project/src/simple_robot/build/simple_robot'], 'cwd': '/home/martina/rp_project/robot-programming-project/src/simple_robot/build/simple_robot', 'env': OrderedDict([('GJS_DEBUG_TOPICS', 'JS ERROR;JS LOG'), ('LESSOPEN', '| /usr/bin/env /usr/bin/lesspipe %s 2>/dev/null'), ('CONDA_PROMPT_MODIFIER', '(base)'), ('LC_TIME', 'it_IT.UTF-8'), ('USER', 'martina'), ('XDG_SESSION_TYPE', 'wayland'), ('GIT_ASKPASS', '/usr/share/code/resources/app/extensions/git/dist/askpass.sh'), ('SHLVL', '2'), ('LD_LIBRARY_PATH', '/opt/ros/humble/opt/rviz_ogre_vendor/lib:/opt/ros/humble/lib/x86_64-linux-gnu:/opt/ros/humble/lib::/home/martina/.mujoco/mujoco210/bin:/usr/lib/nvidia:~/anaconda3/lib'), ('HOME', '/home/martina'), ('OLDPWD', '/home/martina/rp_project/robot-programming-project/src/simple_robot'), ('CHROME_DESKTOP', 'code.desktop'), ('TERMINFO', '/home/martina/.terminfo'), ('LESS', '-iRFXMx4'), ('CONDA_SHLVL', '1'), ('DESKTOP_SESSION', 'ubuntu'), ('TERM_PROGRAM_VERSION', '1.97.2'), ('GIO_LAUNCHED_DESKTOP_FILE', '/usr/share/applications/code.desktop'), ('LSCOLORS', 'ExGxDxDxCxDxDxFxFxexEx'), ('GTK_MODULES', 'gail:atk-bridge'), ('GNOME_SHELL_SESSION_MODE', 'ubuntu'), ('VSCODE_GIT_ASKPASS_MAIN', '/usr/share/code/resources/app/extensions/git/dist/askpass-main.js'), ('PAGER', 'less'), ('ROS_PYTHON_VERSION', '3'), ('LC_MONETARY', 'it_IT.UTF-8'), ('MANAGERPID', '935'), ('VSCODE_GIT_ASKPASS_NODE', '/usr/share/code/code'), ('SYSTEMD_EXEC_PID', '1150'), ('DBUS_SESSION_BUS_ADDRESS', 'unix:path=/run/user/1000/bus'), ('P9K_TTY', 'old'), ('GIO_LAUNCHED_DESKTOP_FILE_PID', '3888'), ('COLORTERM', 'truecolor'), ('_CE_M', ''), ('WAYLAND_DISPLAY', 'wayland-0'), ('INFOPATH', ''), ('ROS_DISTRO', 'humble'), ('COLCON_PREFIX_PATH', '/home/martina/rp_project/robot-programming-project/install'), ('LOGNAME', 'martina'), ('_', '/usr/bin/colcon'), ('JOURNAL_STREAM', '8:10888'), ('_P9K_SSH_TTY', '/dev/pts/0'), ('XDG_SESSION_CLASS', 'user'), ('USER_ZDOTDIR', '/home/martina'), ('ROS_VERSION', '2'), ('USERNAME', 'martina'), ('TERM', 'xterm-256color'), ('GNOME_DESKTOP_SESSION_ID', 'this-is-deprecated'), ('_CE_CONDA', ''), ('ROS_LOCALHOST_ONLY', '0'), ('PATH', '/opt/ros/humble/bin:/home/martina/.local/bin:/home/martina/.local/bin:/usr/lib/ccache:.:/home/martina/.mujoco/mujoco210/bin:/usr/lib/nvidia:/home/martina/anaconda3/condabin:/home/martina/bin:/home/martina/.local/bin:/usr/local/sbin:/usr/local/bin:/usr/sbin:/usr/bin:/sbin:/bin:/usr/games:/usr/local/games:/snap/bin:/home/martina/.cache/zsh4humans/v5/fzf/bin:/home/martina/other/install/bin'), ('SESSION_MANAGER', 'local/Martina-ThinkPad-X1-Yoga:@/tmp/.ICE-unix/1101,unix/Martina-ThinkPad-X1-Yoga:/tmp/.ICE-unix/1101'), ('INVOCATION_ID', '1c6ef4f92b04498681378ae68fe5b9c7'), ('LC_ADDRESS', 'it_IT.UTF-8'), ('XDG_RUNTIME_DIR', '/run/user/1000'), ('XDG_MENU_PREFIX', 'gnome-'), ('GNOME_SETUP_DISPLAY', ':1'), ('GDK_BACKEND', 'x11'), ('DISPLAY', ':0'), ('LANG', 'en_US.UTF-8'), ('LC_TELEPHONE', 'it_IT.UTF-8'), ('XDG_CURRENT_DESKTOP', 'Unity'), ('VSCODE_INJECTION', '1'), ('LD_PRELOAD', ':/usr/lib/x86_64-linux-gnu/libGLEW.so'), ('XDG_SESSION_DESKTOP', 'ubuntu'), ('XMODIFIERS', '@im=ibus'), ('XAUTHORITY', '/run/user/1000/.mutter-Xwaylandauth.HIED22'), ('TERM_PROGRAM', 'vscode'), ('VSCODE_GIT_IPC_HANDLE', '/run/user/1000/vscode-git-f640f2b3f6.sock'), ('LS_COLORS', 'fi=00:mi=00:mh=00:ln=01;36:or=01;31:di=01;34:ow=04;01;34:st=34:tw=04;34:pi=01;33:so=01;33:do=01;33:bd=01;33:cd=01;33:su=01;35:sg=01;35:ca=01;35:ex=01;32:no=38;5;248'), ('TREE_COLORS', 'fi=00:mi=00:mh=00:ln=01;36:or=01;31:di=01;34:ow=01;34:st=34:tw=34:pi=01;33:so=01;33:do=01;33:bd=01;33:cd=01;33:su=01;35:sg=01;35:ca=01;35:ex=01;32'), ('SSH_AGENT_LAUNCHER', 'gnome-keyring'), ('SSH_AUTH_SOCK', '/run/user/1000/keyring/ssh'), ('ORIGINAL_XDG_CURRENT_DESKTOP', 'ubuntu:GNOME'), ('CONDA_PYTHON_EXE', '/home/martina/anaconda3/bin/python'), ('AMENT_PREFIX_PATH', '/home/martina/rp_project/robot-programming-project/install/simple_robot:/opt/ros/humble'), ('LC_NAME', 'it_IT.UTF-8'), ('SHELL', '/usr/local/bin/zsh'), ('DEST', '/home/martina/other/install'), ('QT_ACCESSIBILITY', '1'), ('GDMSESSION', 'ubuntu'), ('CONDA_DEFAULT_ENV', 'base'), ('LC_MEASUREMENT', 'it_IT.UTF-8'), ('LC_IDENTIFICATION', 'it_IT.UTF-8'), ('GJS_DEBUG_OUTPUT', 'stderr'), ('P9K_SSH', '0'), ('QT_IM_MODULE', 'ibus'), ('VSCODE_GIT_ASKPASS_EXTRA_ARGS', ''), ('VSCODE_NONCE', '54dcb112-afcc-4c20-b10a-51290a02c083'), ('LC_ALL', 'en_US.UTF-8'), ('PWD', '/home/martina/rp_project/robot-programming-project/src/simple_robot/build/simple_robot'), ('GPG_TTY', '/dev/pts/0'), ('XDG_DATA_DIRS', '/usr/local/share/:/usr/share/:/var/lib/snapd/desktop'), ('ZDOTDIR', '/home/martina'), ('_P9K_TTY', '/dev/pts/0'), ('CONDA_EXE', '/home/martina/anaconda3/bin/conda'), ('LC_NUMERIC', 'it_IT.UTF-8'), ('PYTHONPATH', '/opt/ros/humble/lib/python3.10/site-packages:/opt/ros/humble/local/lib/python3.10/dist-packages:/home/martina/other/install/lib/python3.10/site-packages/'), ('LC_PAPER', 'it_IT.UTF-8'), ('CONDA_PREFIX', '/home/martina/anaconda3'), ('COLCON', '1'), ('MANPATH', '/usr/local/share/man:/home/martina/.cache/zsh4humans/v5/fzf/man:'), ('CMAKE_PREFIX_PATH', '/home/martina/rp_project/robot-programming-project/install/simple_robot:/opt/ros/humble')]), 'shell': False}
[320.814901] (-) TimerEvent: {}
[320.898603] (simple_robot) StdoutLine: {'line': b'-- Install configuration: ""\n'}
[320.909108] (simple_robot) StdoutLine: {'line': b'-- Installing: /home/martina/rp_project/robot-programming-project/src/simple_robot/install/simple_robot/lib/simple_robot/robot_map_node\n'}
[320.915907] (-) TimerEvent: {}
[321.020313] (-) TimerEvent: {}
[321.031128] (simple_robot) StdoutLine: {'line': b'-- Set runtime path of "/home/martina/rp_project/robot-programming-project/src/simple_robot/install/simple_robot/lib/simple_robot/robot_map_node" to ""\n'}
[321.034523] (simple_robot) StdoutLine: {'line': b'-- Up-to-date: /home/martina/rp_project/robot-programming-project/src/simple_robot/install/simple_robot/share/ament_index/resource_index/package_run_dependencies/simple_robot\n'}
[321.039136] (simple_robot) StdoutLine: {'line': b'-- Up-to-date: /home/martina/rp_project/robot-programming-project/src/simple_robot/install/simple_robot/share/ament_index/resource_index/parent_prefix_path/simple_robot\n'}
[321.042675] (simple_robot) StdoutLine: {'line': b'-- Up-to-date: /home/martina/rp_project/robot-programming-project/src/simple_robot/install/simple_robot/share/simple_robot/environment/ament_prefix_path.sh\n'}
[321.046308] (simple_robot) StdoutLine: {'line': b'-- Installing: /home/martina/rp_project/robot-programming-project/src/simple_robot/install/simple_robot/share/simple_robot/environment/ament_prefix_path.dsv\n'}
[321.047715] (simple_robot) StdoutLine: {'line': b'-- Up-to-date: /home/martina/rp_project/robot-programming-project/src/simple_robot/install/simple_robot/share/simple_robot/environment/path.sh\n'}
[321.054230] (simple_robot) StdoutLine: {'line': b'-- Installing: /home/martina/rp_project/robot-programming-project/src/simple_robot/install/simple_robot/share/simple_robot/environment/path.dsv\n'}
[321.059253] (simple_robot) StdoutLine: {'line': b'-- Up-to-date: /home/martina/rp_project/robot-programming-project/src/simple_robot/install/simple_robot/share/simple_robot/local_setup.bash\n'}
[321.075908] (simple_robot) StdoutLine: {'line': b'-- Up-to-date: /home/martina/rp_project/robot-programming-project/src/simple_robot/install/simple_robot/share/simple_robot/local_setup.sh\n'}
[321.076860] (simple_robot) StdoutLine: {'line': b'-- Up-to-date: /home/martina/rp_project/robot-programming-project/src/simple_robot/install/simple_robot/share/simple_robot/local_setup.zsh\n'}
[321.080733] (simple_robot) StdoutLine: {'line': b'-- Installing: /home/martina/rp_project/robot-programming-project/src/simple_robot/install/simple_robot/share/simple_robot/local_setup.dsv\n'}
[321.087847] (simple_robot) StdoutLine: {'line': b'-- Installing: /home/martina/rp_project/robot-programming-project/src/simple_robot/install/simple_robot/share/simple_robot/package.dsv\n'}
[321.103092] (simple_robot) StdoutLine: {'line': b'-- Up-to-date: /home/martina/rp_project/robot-programming-project/src/simple_robot/install/simple_robot/share/ament_index/resource_index/packages/simple_robot\n'}
[321.106592] (simple_robot) StdoutLine: {'line': b'-- Up-to-date: /home/martina/rp_project/robot-programming-project/src/simple_robot/install/simple_robot/share/simple_robot/cmake/simple_robotConfig.cmake\n'}
[321.111316] (simple_robot) StdoutLine: {'line': b'-- Up-to-date: /home/martina/rp_project/robot-programming-project/src/simple_robot/install/simple_robot/share/simple_robot/cmake/simple_robotConfig-version.cmake\n'}
[321.118264] (simple_robot) StdoutLine: {'line': b'-- Up-to-date: /home/martina/rp_project/robot-programming-project/src/simple_robot/install/simple_robot/share/simple_robot/package.xml\n'}
[321.130848] (-) TimerEvent: {}
[321.131615] (simple_robot) CommandEnded: {'returncode': 0}
[321.240915] (-) TimerEvent: {}
[321.348723] (-) TimerEvent: {}
[321.455181] (-) TimerEvent: {}
[321.558445] (-) TimerEvent: {}
[321.679400] (-) TimerEvent: {}
[321.769230] (simple_robot) JobEnded: {'identifier': 'simple_robot', 'rc': 0}
[321.780440] (-) TimerEvent: {}
[321.782320] (-) EventReactorShutdown: {}
